/* SPDX-License-Identifier: Apache-2.0 */
/* GENERATED by tools/art (npm run art). Do not edit.
 * Geometry: OpenMausBot (Apache-2.0); see tools/art/source/README.md. */
#include "lvgl.h"

static const LV_ATTRIBUTE_MEM_ALIGN uint8_t maus_s150_body_map[] = {
  0x00,0x00,0x00,0x00,0x00,0x00,0x00,0x00,0x00,0x00,0x00,0x00,0x00,0x00,0x00,0x00,0x00,0x00,0x00,0x00,0x00,0x00,0x8e,0x25,
  0x0c,0x15,0x2d,0x1d,0x0d,0x1d,0x2d,0x1d,0x2d,0x1d,0x2d,0x25,0x2d,0x1d,0x2e,0x25,0x2d,0x25,0x2e,0x25,0x2e,0x2d,0x00,0x00,
  0x00,0x00,0x00,0x00,0x00,0x00,0x00,0x00,0x00,0x00,0x00,0x00,0x00,0x00,0x00,0x00,0x00,0x00,0x00,0x00,0x00,0x00,0x00,0x00,
  0x00,0x00,0x00,0x00,0x00,0x00,0x00,0x00,0x00,0x00,0x00,0x00,0x00,0x00,0x00,0x00,0x00,0x00,0x00,0x00,0x00,0x00,0x00,0x00,
  0x00,0x00,0x00,0x00,0x00,0x00,0x00,0x00,0x00,0x00,0x00,0x00,0x00,0x00,0x00,0x00,0x00,0x00,0x00,0x00,0x00,0x00,0x00,0x00,
  0x00,0x00,0x00,0x00,0x00,0x00,0x00,0x00,0x00,0x00,0x00,0x00,0x00,0x00,0x00,0x00,0x00,0x00,0x00,0x00,0x00,0x00,0x00,0x00,
  0x00,0x00,0x00,0x00,0x00,0x00,0x00,0x00,0x00,0x00,0x00,0x00,0x00,0x00,0x00,0x00,0x00,0x00,0x00,0x00,0x00,0x00,0x00,0x00,
  0x00,0x00,0x00,0x00,0x00,0x00,0x00,0x00,0x00,0x00,0x00,0x00,0x00,0x00,0x00,0x00,0x00,0x00,0x00,0x00,0x00,0x00,0x00,0x00,
  0x00,0x00,0x00,0x00,0x00,0x00,0x00,0x00,0x00,0x00,0x00,0x00,0x00,0x00,0x00,0x00,0x00,0x00,0x00,0x00,0x00,0x00,0x00,0x00,
  0x00,0x00,0x00,0x00,0x00,0x00,0x00,0x00,0x00,0x00,0x00,0x00,0x00,0x00,0x00,0x00,0x00,0x00,0x00,0x00,0x00,0x00,0x00,0x00,
  0x00,0x00,0x00,0x00,0x00,0x00,0x00,0x00,0x00,0x00,0x00,0x00,0x00,0x00,0x00,0x00,0x00,0x00,0x00,0x00,0x00,0x00,0x00,0x00,
  0x00,0x00,0x00,0x00,0x2c,0x15,0x0d,0x1d,0x0d,0x1d,0x2d,0x1d,0x0d,0x1d,0x2d,0x1d,0x2d,0x1d,0x2d,0x25,0x2d,0x1d,0x2e,0x25,
  0x2d,0x25,0x4e,0x25,0x2d,0x25,0x4e,0x25,0x2e,0x25,0x4e,0x2d,0x00,0x00,0x00,0x00,0x00,0x00,0x00,0x00,0x00,0x00,0x00,0x00,
  0x00,0x00,0x00,0x00,0x00,0x00,0x00,0x00,0x00,0x00,0x00,0x00,0x00,0x00,0x00,0x00,0x00,0x00,0x00,0x00,0x00,0x00,0x00,0x00,
  0x00,0x00,0x00,0x00,0x00,0x00,0x00,0x00,0x00,0x00,0x00,0x00,0x00,0x00,0x00,0x00,0x00,0x00,0x00,0x00,0x00,0x00,0x00,0x00,
  0x00,0x00,0x00,0x00,0x00,0x00,0x00,0x00,0x00,0x00,0x00,0x00,0x00,0x00,0x00,0x00,0x00,0x00,0x00,0x00,0x00,0x00,0x00,0x00,
  0x00,0x00,0x00,0x00,0x00,0x00,0x00,0x00,0x00,0x00,0x00,0x00,0x00,0x00,0x00,0x00,0x00,0x00,0x00,0x00,0x00,0x00,0x00,0x00,
  0x00,0x00,0x00,0x00,0x00,0x00,0x00,0x00,0x00,0x00,0x00,0x00,0x00,0x00,0x00,0x00,0x00,0x00,0x00,0x00,0x00,0x00,0x00,0x00,
  0x00,0x00,0x00,0x00,0x00,0x00,0x00,0x00,0x00,0x00,0x00,0x00,0x00,0x00,0x00,0x00,0x00,0x00,0x00,0x00,0x00,0x00,0x00,0x00,
  0x00,0x00,0x00,0x00,0x00,0x00,0x00,0x00,0x00,0x00,0x00,0x00,0x00,0x00,0x00,0x00,0x00,0x00,0x00,0x00,0x00,0x00,0x00,0x00,
  0x00,0x00,0x00,0x00,0x00,0x00,0x00,0x00,0x00,0x00,0x00,0x00,0x00,0x00,0x00,0x00,0x00,0x00,0x00,0x00,0x00,0x00,0x00,0x00,
  0x00,0x00,0x00,0x00,0x00,0x00,0x00,0x00,0x00,0x00,0x0e,0x15,0x0c,0x15,0x0d,0x15,0x0c,0x15,0x0d,0x1d,0x0c,0x15,0x2d,0x1d,
  0x0c,0x15,0x2d,0x1d,0x0d,0x1d,0x2d,0x1d,0x2d,0x1d,0x2d,0x25,0x2d,0x1d,0x2e,0x25,0x2d,0x1d,0x4e,0x25,0x2d,0x25,0x4e,0x25,
  0x2d,0x25,0x00,0x00,0x00,0x00,0x00,0x00,0x00,0x00,0x00,0x00,0x00,0x00,0x00,0x00,0x00,0x00,0x00,0x00,0x00,0x00,0x00,0x00,
  0x00,0x00,0x00,0x00,0x00,0x00,0x00,0x00,0x00,0x00,0x00,0x00,0x00,0x00,0x00,0x00,0x00,0x00,0x00,0x00,0x00,0x00,0x00,0x00,
  0x00,0x00,0x00,0x00,0x00,0x00,0x00,0x00,0x00,0x00,0x00,0x00,0x00,0x00,0x00,0x00,0x00,0x00,0x00,0x00,0x00,0x00,0x00,0x00,
  0x00,0x00,0x00,0x00,0x00,0x00,0x00,0x00,0x00,0x00,0x00,0x00,0x00,0x00,0x00,0x00,0x00,0x00,0x00,0x00,0x00,0x00,0x00,0x00,
  0x00,0x00,0x00,0x00,0x00,0x00,0x00,0x00,0x00,0x00,0x00,0x00,0x00,0x00,0x00,0x00,0x00,0x00,0x00,0x00,0x00,0x00,0x00,0x00,
  0x00,0x00,0x00,0x00,0x00,0x00,0x00,0x00,0x00,0x00,0x00,0x00,0x00,0x00,0x00,0x00,0x00,0x00,0x00,0x00,0x00,0x00,0x00,0x00,
  0x00,0x00,0x00,0x00,0x00,0x00,0x00,0x00,0x00,0x00,0x00,0x00,0x00,0x00,0x00,0x00,0x00,0x00,0x00,0x00,0x00,0x00,0x00,0x00,
  0x00,0x00,0x00,0x00,0x00,0x00,0x00,0x00,0x00,0x00,0x00,0x00,0x00,0x00,0x00,0x00,0x00,0x00,0x00,0x00,0x00,0x00,0x00,0x00,
  0x00,0x00,0x00,0x00,0x00,0x00,0x00,0x00,0x00,0x00,0x00,0x00,0x00,0x00,0x00,0x00,0x00,0x00,0x0c,0x15,0x0c,0x15,0x0d,0x15,
  0x0c,0x15,0x0d,0x1d,0x0c,0x15,0x2d,0x1d,0x0d,0x1d,0x2d,0x1d,0x0d,0x1d,0x2d,0x1d,0x2d,0x1d,0x2d,0x25,0x2d,0x1d,0x2e,0x25,
  0x2d,0x25,0x4e,0x25,0x2d,0x25,0x4e,0x25,0x2e,0x25,0x4e,0x2d,0x4e,0x25,0x6e,0x2d,0x00,0x00,0x00,0x00,0x00,0x00,0x00,0x00,
  0x00,0x00,0x00,0x00,0x00,0x00,0x00,0x00,0x00,0x00,0x00,0x00,0x00,0x00,0x00,0x00,0x00,0x00,0x00,0x00,0x00,0x00,0x00,0x00,
  0x00,0x00,0x00,0x00,0x00,0x00,0x00,0x00,0x00,0x00,0x00,0x00,0x00,0x00,0x00,0x00,0x00,0x00,0x00,0x00,0x00,0x00,0x00,0x00,
  0x00,0x00,0x00,0x00,0x00,0x00,0x00,0x00,0x00,0x00,0x00,0x00,0x00,0x00,0x00,0x00,0x00,0x00,0x00,0x00,0x00,0x00,0x00,0x00,
  0x00,0x00,0x00,0x00,0x00,0x00,0x00,0x00,0x00,0x00,0x00,0x00,0x00,0x00,0x00,0x00,0x00,0x00,0x00,0x00,0x00,0x00,0x00,0x00,
  0x00,0x00,0x00,0x00,0x00,0x00,0x00,0x00,0x00,0x00,0x00,0x00,0x00,0x00,0x00,0x00,0x00,0x00,0x00,0x00,0x00,0x00,0x00,0x00,
  0x00,0x00,0x00,0x00,0x00,0x00,0x00,0x00,0x00,0x00,0x00,0x00,0x00,0x00,0x00,0x00,0x00,0x00,0x00,0x00,0x00,0x00,0x00,0x00,
  0x00,0x00,0x00,0x00,0x00,0x00,0x00,0x00,0x00,0x00,0x00,0x00,0x00,0x00,0x00,0x00,0x00,0x00,0x00,0x00,0x00,0x00,0x00,0x00,
  0x00,0x00,0x00,0x00,0x00,0x00,0x00,0x00,0x00,0x00,0x00,0x00,0x00,0x00,0x00,0x00,0x00,0x00,0x00,0x00,0x00,0x00,0x00,0x00,
  0x00,0x00,0x0c,0x15,0xec,0x0c,0x0c,0x15,0xec,0x0c,0x0c,0x15,0x0c,0x15,0x0d,0x15,0x0c,0x15,0x0d,0x1d,0x0c,0x15,0x2d,0x1d,
  0x0c,0x15,0x2d,0x1d,0x0d,0x1d,0x2d,0x1d,0x2d,0x1d,0x2d,0x25,0x2d,0x1d,0x2e,0x25,0x2d,0x25,0x4e,0x25,0x2d,0x25,0x4e,0x2d,
  0x2d,0x25,0x4e,0x2d,0x6e,0x35,0x00,0x00,0x00,0x00,0x00,0x00,0x00,0x00,0x00,0x00,0x00,0x00,0x00,0x00,0x00,0x00,0x00,0x00,
  0x00,0x00,0x00,0x00,0x00,0x00,0x00,0x00,0x00,0x00,0x00,0x00,0x00,0x00,0x00,0x00,0x00,0x00,0x00,0x00,0x00,0x00,0x00,0x00,
  0x00,0x00,0x00,0x00,0x00,0x00,0x00,0x00,0x00,0x00,0x00,0x00,0x00,0x00,0x00,0x00,0x00,0x00,0x00,0x00,0x00,0x00,0x00,0x00,
  0x00,0x00,0x00,0x00,0x00,0x00,0x00,0x00,0x00,0x00,0x00,0x00,0x00,0x00,0x00,0x00,0x00,0x00,0x00,0x00,0x00,0x00,0x00,0x00,
  0x00,0x00,0x00,0x00,0x00,0x00,0x00,0x00,0x00,0x00,0x00,0x00,0x00,0x00,0x00,0x00,0x00,0x00,0x00,0x00,0x00,0x00,0x00,0x00,
  0x00,0x00,0x00,0x00,0x00,0x00,0x00,0x00,0x00,0x00,0x00,0x00,0x00,0x00,0x00,0x00,0x00,0x00,0x00,0x00,0x00,0x00,0x00,0x00,
  0x00,0x00,0x00,0x00,0x00,0x00,0x00,0x00,0x00,0x00,0x00,0x00,0x00,0x00,0x00,0x00,0x00,0x00,0x00,0x00,0x00,0x00,0x00,0x00,
  0x00,0x00,0x00,0x00,0x00,0x00,0x00,0x00,0x00,0x00,0x00,0x00,0x00,0x00,0x00,0x00,0x00,0x00,0x00,0x00,0x00,0x00,0x00,0x00,
  0x00,0x00,0x00,0x00,0x00,0x00,0x00,0x00,0x00,0x00,0x0c,0x15,0xec,0x0c,0x0c,0x15,0xec,0x14,0x0c,0x15,0x0c,0x15,0x0d,0x1d,
  0x0c,0x15,0x0d,0x1d,0x0c,0x15,0x2d,0x1d,0x0d,0x1d,0x2d,0x1d,0x0d,0x1d,0x2d,0x25,0x2d,0x1d,0x2d,0x25,0x2d,0x1d,0x2e,0x25,
  0x2d,0x25,0x4e,0x25,0x2d,0x25,0x4e,0x2d,0x2e,0x25,0x4e,0x2d,0x4e,0x25,0x4e,0x2d,0x4e,0x2d,0x00,0x00,0x00,0x00,0x00,0x00,
  0x00,0x00,0x00,0x00,0x00,0x00,0x00,0x00,0x00,0x00,0x00,0x00,0x00,0x00,0x00,0x00,0x00,0x00,0x00,0x00,0x00,0x00,0x00,0x00,
  0x00,0x00,0x00,0x00,0x00,0x00,0x00,0x00,0x00,0x00,0x00,0x00,0x00,0x00,0x00,0x00,0x00,0x00,0x00,0x00,0x00,0x00,0x00,0x00,
  0x00,0x00,0x00,0x00,0x00,0x00,0x00,0x00,0x00,0x00,0x00,0x00,0x00,0x00,0x00,0x00,0x00,0x00,0x00,0x00,0x00,0x00,0x00,0x00,
  0x00,0x00,0x00,0x00,0x00,0x00,0x00,0x00,0x00,0x00,0x00,0x00,0x00,0x00,0x00,0x00,0x00,0x00,0x00,0x00,0x00,0x00,0x00,0x00,
  0x00,0x00,0x00,0x00,0x00,0x00,0x00,0x00,0x00,0x00,0x00,0x00,0x00,0x00,0x00,0x00,0x00,0x00,0x00,0x00,0x00,0x00,0x00,0x00,
  0x00,0x00,0x00,0x00,0x00,0x00,0x00,0x00,0x00,0x00,0x00,0x00,0x00,0x00,0x00,0x00,0x00,0x00,0x00,0x00,0x00,0x00,0x00,0x00,
  0x00,0x00,0x00,0x00,0x00,0x00,0x00,0x00,0x00,0x00,0x00,0x00,0x00,0x00,0x00,0x00,0x00,0x00,0x00,0x00,0x00,0x00,0x00,0x00,
  0x00,0x00,0x00,0x00,0x00,0x00,0x00,0x00,0x00,0x00,0x00,0x00,0x00,0x00,0x00,0x00,0x00,0x00,0x0c,0x0d,0xeb,0x0c,0xec,0x14,
  0xeb,0x0c,0x0c,0x15,0xec,0x0c,0x0c,0x15,0xec,0x14,0x0c,0x15,0x0c,0x15,0x0d,0x1d,0x0c,0x15,0x0d,0x1d,0x0c,0x15,0x2d,0x1d,
  0x0c,0x1d,0x2d,0x1d,0x0d,0x1d,0x2d,0x25,0x2d,0x1d,0x2d,0x25,0x2d,0x1d,0x2e,0x25,0x2d,0x25,0x4e,0x25,0x2d,0x25,0x4e,0x2d,
  0x2d,0x25,0x4e,0x2d,0x2e,0x2d,0x00,0x00,0x00,0x00,0x00,0x00,0x00,0x00,0x00,0x00,0x00,0x00,0x00,0x00,0x00,0x00,0x00,0x00,
  0x00,0x00,0x00,0x00,0x00,0x00,0x00,0x00,0x00,0x00,0x00,0x00,0x00,0x00,0x00,0x00,0x00,0x00,0x00,0x00,0x00,0x00,0x00,0x00,
  0x00,0x00,0x00,0x00,0x00,0x00,0x00,0x00,0x00,0x00,0x00,0x00,0x00,0x00,0x00,0x00,0x00,0x00,0x00,0x00,0x00,0x00,0x00,0x00,
  0x00,0x00,0x00,0x00,0x00,0x00,0x00,0x00,0x00,0x00,0x00,0x00,0x00,0x00,0x00,0x00,0x00,0x00,0x00,0x00,0x00,0x00,0x00,0x00,
  0x00,0x00,0x00,0x00,0x00,0x00,0x00,0x00,0x00,0x00,0x00,0x00,0x00,0x00,0x00,0x00,0x00,0x00,0x00,0x00,0x00,0x00,0x00,0x00,
  0x00,0x00,0x00,0x00,0x00,0x00,0x00,0x00,0x00,0x00,0x00,0x00,0x00,0x00,0x00,0x00,0x00,0x00,0x00,0x00,0x00,0x00,0x00,0x00,
  0x00,0x00,0x00,0x00,0x00,0x00,0x00,0x00,0x00,0x00,0x00,0x00,0x00,0x00,0x00,0x00,0x00,0x00,0x00,0x00,0x00,0x00,0x00,0x00,
  0x00,0x00,0x00,0x00,0x00,0x00,0x00,0x00,0x00,0x00,0x00,0x00,0x00,0x00,0x00,0x00,0x00,0x00,0x00,0x00,0x00,0x00,0x00,0x00,
  0x00,0x00,0x0c,0x15,0xeb,0x0c,0x0c,0x15,0xec,0x0c,0x0c,0x15,0xec,0x0c,0x0c,0x15,0x0c,0x15,0x0c,0x15,0x0c,0x15,0x0d,0x1d,
  0x0c,0x15,0x2d,0x1d,0x0c,0x15,0x2d,0x1d,0x0d,0x1d,0x2d,0x1d,0x2d,0x1d,0x2d,0x25,0x2d,0x1d,0x2d,0x25,0x2d,0x1d,0x4e,0x25,
  0x2d,0x25,0x4e,0x25,0x2d,0x25,0x4e,0x2d,0x4e,0x25,0x4e,0x2d,0x4e,0x25,0x4e,0x2d,0x4e,0x2d,0x00,0x00,0x00,0x00,0x00,0x00,
  0x00,0x00,0x00,0x00,0x00,0x00,0x00,0x00,0x00,0x00,0x00,0x00,0x00,0x00,0x00,0x00,0x00,0x00,0x00,0x00,0x00,0x00,0x00,0x00,
  0x00,0x00,0x00,0x00,0x00,0x00,0x00,0x00,0x00,0x00,0x00,0x00,0x00,0x00,0x00,0x00,0x00,0x00,0x00,0x00,0x00,0x00,0x00,0x00,
  0x00,0x00,0x00,0x00,0x00,0x00,0x00,0x00,0x00,0x00,0x00,0x00,0x00,0x00,0x00,0x00,0x00,0x00,0x00,0x00,0x00,0x00,0x00,0x00,
  0x00,0x00,0x00,0x00,0x00,0x00,0x00,0x00,0x00,0x00,0x00,0x00,0x00,0x00,0x00,0x00,0x00,0x00,0x00,0x00,0x00,0x00,0x00,0x00,
  0x00,0x00,0x00,0x00,0x00,0x00,0x00,0x00,0x00,0x00,0x00,0x00,0x00,0x00,0x00,0x00,0x00,0x00,0x00,0x00,0x00,0x00,0x00,0x00,
  0x00,0x00,0x00,0x00,0x00,0x00,0x00,0x00,0x00,0x00,0x00,0x00,0x00,0x00,0x00,0x00,0x00,0x00,0x00,0x00,0x00,0x00,0x00,0x00,
  0x00,0x00,0x00,0x00,0x00,0x00,0x00,0x00,0x00,0x00,0x00,0x00,0x00,0x00,0x00,0x00,0x00,0x00,0x00,0x00,0x00,0x00,0x00,0x00,
  0x00,0x00,0x00,0x00,0x00,0x00,0x00,0x00,0x00,0x00,0x00,0x00,0xeb,0x0c,0xec,0x0c,0xeb,0x0c,0xec,0x0c,0xeb,0x0c,0xec,0x14,
  0xeb,0x0c,0x0c,0x15,0xec,0x0c,0x0c,0x15,0xec,0x14,0x0c,0x15,0x0c,0x15,0x0d,0x1d,0x0c,0x15,0x0d,0x1d,0x0c,0x15,0x2d,0x1d,
  0x0c,0x1d,0x2d,0x1d,0x0d,0x1d,0x2d,0x25,0x2d,0x1d,0x2d,0x25,0x2d,0x1d,0x2e,0x25,0x2d,0x25,0x4e,0x25,0x2d,0x25,0x4e,0x2d,
  0x4d,0x25,0x4e,0x2d,0x4e,0x25,0x90,0x35,0x00,0x00,0x00,0x00,0x00,0x00,0x00,0x00,0x00,0x00,0x00,0x00,0x00,0x00,0x00,0x00,
  0x00,0x00,0x00,0x00,0x00,0x00,0x00,0x00,0x00,0x00,0x00,0x00,0x00,0x00,0x00,0x00,0x00,0x00,0x00,0x00,0x00,0x00,0x00,0x00,
  0x00,0x00,0x00,0x00,0x00,0x00,0x00,0x00,0x00,0x00,0x00,0x00,0x00,0x00,0x00,0x00,0x00,0x00,0x00,0x00,0x00,0x00,0x00,0x00,
  0x00,0x00,0x00,0x00,0x00,0x00,0x00,0x00,0x00,0x00,0x00,0x00,0x00,0x00,0x00,0x00,0x00,0x00,0x00,0x00,0x00,0x00,0x00,0x00,
  0x00,0x00,0x00,0x00,0x00,0x00,0x00,0x00,0x00,0x00,0x00,0x00,0x00,0x00,0x00,0x00,0x00,0x00,0x00,0x00,0x00,0x00,0x00,0x00,
  0x00,0x00,0x00,0x00,0x00,0x00,0x00,0x00,0x00,0x00,0x00,0x00,0x00,0x00,0x00,0x00,0x00,0x00,0x00,0x00,0x00,0x00,0x00,0x00,
  0x00,0x00,0x00,0x00,0x00,0x00,0x00,0x00,0x00,0x00,0x00,0x00,0x00,0x00,0x00,0x00,0x00,0x00,0x00,0x00,0x00,0x00,0x00,0x00,
  0x00,0x00,0x00,0x00,0x00,0x00,0x00,0x00,0x00,0x00,0x00,0x00,0x00,0x00,0x00,0x00,0x00,0x00,0x00,0x00,0xeb,0x04,0xec,0x0c,
  0xeb,0x0c,0xec,0x0c,0xeb,0x0c,0x0c,0x15,0xec,0x0c,0x0c,0x15,0xec,0x0c,0x0c,0x15,0x0c,0x15,0x0c,0x15,0x0c,0x15,0x0d,0x1d,
  0x0c,0x15,0x2d,0x1d,0x0c,0x15,0x2d,0x1d,0x0d,0x1d,0x2d,0x1d,0x2d,0x1d,0x2d,0x25,0x2d,0x1d,0x2d,0x25,0x2d,0x1d,0x4e,0x25,
  0x2d,0x25,0x4e,0x25,0x2d,0x25,0x4e,0x2d,0x4e,0x25,0x4e,0x2d,0x4e,0x25,0x4e,0x2d,0x4e,0x2d,0x8f,0x2d,0x00,0x00,0x00,0x00,
  0x00,0x00,0x00,0x00,0x00,0x00,0x00,0x00,0x00,0x00,0x00,0x00,0x00,0x00,0x00,0x00,0x00,0x00,0x00,0x00,0x00,0x00,0x00,0x00,
  0x00,0x00,0x00,0x00,0x00,0x00,0x00,0x00,0x00,0x00,0x00,0x00,0x00,0x00,0x00,0x00,0x00,0x00,0x00,0x00,0x00,0x00,0x00,0x00,
  0x00,0x00,0x00,0x00,0x00,0x00,0x00,0x00,0x00,0x00,0x00,0x00,0x00,0x00,0x00,0x00,0x00,0x00,0x00,0x00,0x00,0x00,0x00,0x00,
  0x00,0x00,0x00,0x00,0x00,0x00,0x00,0x00,0x00,0x00,0x00,0x00,0x00,0x00,0x00,0x00,0x00,0x00,0x00,0x00,0x00,0x00,0x00,0x00,
  0x00,0x00,0x00,0x00,0x00,0x00,0x00,0x00,0x00,0x00,0x00,0x00,0x00,0x00,0x00,0x00,0x00,0x00,0x00,0x00,0x00,0x00,0x00,0x00,
  0x00,0x00,0x00,0x00,0x00,0x00,0x00,0x00,0x00,0x00,0x00,0x00,0x00,0x00,0x00,0x00,0x00,0x00,0x00,0x00,0x00,0x00,0x00,0x00,
  0x00,0x00,0x00,0x00,0x00,0x00,0x00,0x00,0x00,0x00,0x00,0x00,0x00,0x00,0x00,0x00,0x00,0x00,0x00,0x00,0x00,0x00,0x00,0x00,
  0x00,0x00,0x00,0x00,0x00,0x00,0xeb,0x0c,0xcb,0x04,0xeb,0x0c,0xeb,0x04,0xec,0x0c,0xeb,0x0c,0xec,0x0c,0xeb,0x0c,0x0c,0x15,
  0xeb,0x0c,0x0c,0x15,0xec,0x0c,0x0c,0x15,0x0c,0x15,0x0c,0x15,0x0c,0x15,0x0d,0x1d,0x0c,0x15,0x2d,0x1d,0x0c,0x15,0x2d,0x1d,
  0x0c,0x1d,0x2d,0x1d,0x2d,0x1d,0x2d,0x25,0x2d,0x1d,0x2d,0x25,0x2d,0x25,0x4e,0x25,0x2d,0x25,0x4e,0x25,0x2d,0x25,0x4e,0x2d,
  0x4d,0x25,0x4e,0x2d,0x4e,0x2d,0x6f,0x35,0x00,0x00,0x00,0x00,0x00,0x00,0x00,0x00,0x00,0x00,0x00,0x00,0x00,0x00,0x00,0x00,
  0x00,0x00,0x00,0x00,0x00,0x00,0x00,0x00,0x00,0x00,0x00,0x00,0x00,0x00,0x00,0x00,0x00,0x00,0x00,0x00,0x00,0x00,0x00,0x00,
  0x00,0x00,0x00,0x00,0x00,0x00,0x00,0x00,0x00,0x00,0x00,0x00,0x00,0x00,0x00,0x00,0x00,0x00,0x00,0x00,0x00,0x00,0x00,0x00,
  0x00,0x00,0x00,0x00,0x00,0x00,0x00,0x00,0x00,0x00,0x00,0x00,0x00,0x00,0x00,0x00,0x00,0x00,0x00,0x00,0x00,0x00,0x00,0x00,
  0x00,0x00,0x00,0x00,0x00,0x00,0x00,0x00,0x00,0x00,0x00,0x00,0x00,0x00,0x00,0x00,0x00,0x00,0x00,0x00,0x00,0x00,0x00,0x00,
  0x00,0x00,0x00,0x00,0x00,0x00,0x00,0x00,0x00,0x00,0x00,0x00,0x00,0x00,0x00,0x00,0x00,0x00,0x00,0x00,0x00,0x00,0x00,0x00,
  0x00,0x00,0x00,0x00,0x00,0x00,0x00,0x00,0x00,0x00,0x00,0x00,0x00,0x00,0x00,0x00,0x00,0x00,0x00,0x00,0x00,0x00,0x00,0x00,
  0x00,0x00,0x00,0x00,0x00,0x00,0x00,0x00,0x00,0x00,0x00,0x00,0x00,0x00,0xec,0x0c,0xcb,0x04,0xeb,0x0c,0xeb,0x04,0xec,0x0c,
  0xeb,0x0c,0xec,0x0c,0xeb,0x0c,0x0c,0x15,0xec,0x0c,0x0c,0x15,0xec,0x0c,0x0c,0x15,0x0c,0x15,0x0c,0x15,0x0c,0x15,0x0d,0x1d,
  0x0c,0x15,0x2d,0x1d,0x0c,0x15,0x2d,0x1d,0x0d,0x1d,0x2d,0x1d,0x2d,0x1d,0x2d,0x25,0x2d,0x1d,0x2d,0x25,0x2d,0x1d,0x4e,0x25,
  0x2d,0x25,0x4e,0x25,0x2d,0x25,0x4e,0x2d,0x4e,0x25,0x4e,0x2d,0x4e,0x25,0x4e,0x2d,0x4e,0x2d,0x6f,0x2d,0x00,0x00,0x00,0x00,
  0x00,0x00,0x00,0x00,0x00,0x00,0x00,0x00,0x00,0x00,0x00,0x00,0x00,0x00,0x00,0x00,0x00,0x00,0x00,0x00,0x00,0x00,0x00,0x00,
  0x00,0x00,0x00,0x00,0x00,0x00,0x00,0x00,0x00,0x00,0x00,0x00,0x00,0x00,0x00,0x00,0x00,0x00,0x00,0x00,0x00,0x00,0x00,0x00,
  0x00,0x00,0x00,0x00,0x00,0x00,0x00,0x00,0x00,0x00,0x00,0x00,0x00,0x00,0x00,0x00,0x00,0x00,0x00,0x00,0x00,0x00,0x00,0x00,
  0x00,0x00,0x00,0x00,0x00,0x00,0x00,0x00,0x00,0x00,0x00,0x00,0x00,0x00,0x00,0x00,0x00,0x00,0x00,0x00,0x00,0x00,0x00,0x00,
  0x00,0x00,0x00,0x00,0x00,0x00,0x00,0x00,0x00,0x00,0x00,0x00,0x00,0x00,0x00,0x00,0x00,0x00,0x00,0x00,0x00,0x00,0x00,0x00,
  0x00,0x00,0x00,0x00,0x00,0x00,0x00,0x00,0x00,0x00,0x00,0x00,0x00,0x00,0x00,0x00,0x00,0x00,0x00,0x00,0x00,0x00,0x00,0x00,
  0x00,0x00,0x00,0x00,0x00,0x00,0x00,0x00,0x00,0x00,0x00,0x00,0x00,0x00,0x00,0x00,0x00,0x00,0x00,0x00,0x00,0x00,0x00,0x00,
  0xcb,0x04,0xeb,0x04,0xcb,0x04,0xeb,0x0c,0xcb,0x04,0xeb,0x0c,0xeb,0x0c,0xec,0x0c,0xeb,0x0c,0xec,0x0c,0xeb,0x0c,0x0c,0x15,
  0xeb,0x0c,0x0c,0x15,0xec,0x14,0x0c,0x15,0x0c,0x15,0x0c,0x15,0x0c,0x15,0x0d,0x1d,0x0c,0x15,0x2d,0x1d,0x0c,0x1d,0x2d,0x1d,
  0x0c,0x1d,0x2d,0x1d,0x2d,0x1d,0x2d,0x25,0x2d,0x1d,0x2d,0x25,0x2d,0x25,0x4e,0x25,0x2d,0x25,0x4e,0x25,0x2d,0x25,0x4e,0x2d,
  0x4d,0x25,0x4e,0x2d,0x4e,0x2d,0x4e,0x2d,0x00,0x00,0x00,0x00,0x00,0x00,0x00,0x00,0x00,0x00,0x00,0x00,0x00,0x00,0x00,0x00,
  0x00,0x00,0x00,0x00,0x00,0x00,0x00,0x00,0x00,0x00,0x00,0x00,0x00,0x00,0x00,0x00,0x00,0x00,0x00,0x00,0x00,0x00,0x00,0x00,
  0x00,0x00,0x00,0x00,0x00,0x00,0x00,0x00,0x00,0x00,0x00,0x00,0x00,0x00,0x00,0x00,0x00,0x00,0x00,0x00,0x00,0x00,0x00,0x00,
  0x00,0x00,0x00,0x00,0x00,0x00,0x00,0x00,0x00,0x00,0x00,0x00,0x00,0x00,0x00,0x00,0x00,0x00,0x00,0x00,0x00,0x00,0x00,0x00,
  0x00,0x00,0x00,0x00,0x00,0x00,0x00,0x00,0x00,0x00,0x00,0x00,0x00,0x00,0x00,0x00,0x00,0x00,0x00,0x00,0x00,0x00,0x00,0x00,
  0x00,0x00,0x00,0x00,0x00,0x00,0x00,0x00,0x00,0x00,0x00,0x00,0x00,0x00,0x00,0x00,0x00,0x00,0x00,0x00,0x00,0x00,0x00,0x00,
  0x00,0x00,0x00,0x00,0x00,0x00,0x00,0x00,0x00,0x00,0x00,0x00,0x00,0x00,0x00,0x00,0x00,0x00,0x00,0x00,0x00,0x00,0x00,0x00,
  0x00,0x00,0x00,0x00,0x00,0x00,0x00,0x00,0x00,0x00,0xeb,0x04,0xcb,0x04,0xeb,0x0c,0xcb,0x04,0xeb,0x0c,0xeb,0x04,0xec,0x0c,
  0xeb,0x0c,0xec,0x0c,0xeb,0x0c,0x0c,0x15,0xec,0x0c,0x0c,0x15,0xec,0x0c,0x0c,0x15,0x0c,0x15,0x0c,0x15,0x0c,0x15,0x0d,0x1d,
  0x0c,0x15,0x2d,0x1d,0x0c,0x15,0x2d,0x1d,0x0d,0x1d,0x2d,0x1d,0x2d,0x1d,0x2d,0x25,0x2d,0x1d,0x2d,0x25,0x2d,0x1d,0x4e,0x25,
  0x2d,0x25,0x4e,0x25,0x2d,0x25,0x4e,0x2d,0x4e,0x25,0x4e,0x2d,0x4e,0x25,0x4e,0x2d,0x4e,0x2d,0x6f,0x2d,0x90,0x35,0x00,0x00,
  0x00,0x00,0x00,0x00,0x00,0x00,0x00,0x00,0x00,0x00,0x00,0x00,0x00,0x00,0x00,0x00,0x00,0x00,0x00,0x00,0x00,0x00,0x00,0x00,
  0x00,0x00,0x00,0x00,0x00,0x00,0x00,0x00,0x00,0x00,0x00,0x00,0x00,0x00,0x00,0x00,0x00,0x00,0x00,0x00,0x00,0x00,0x00,0x00,
  0x00,0x00,0x00,0x00,0x00,0x00,0x00,0x00,0x00,0x00,0x00,0x00,0x00,0x00,0x00,0x00,0x00,0x00,0x00,0x00,0x00,0x00,0x00,0x00,
  0x00,0x00,0x00,0x00,0x00,0x00,0x00,0x00,0x00,0x00,0x00,0x00,0x00,0x00,0x00,0x00,0x00,0x00,0x00,0x00,0x00,0x00,0x00,0x00,
  0x00,0x00,0x00,0x00,0x00,0x00,0x00,0x00,0x00,0x00,0x00,0x00,0x00,0x00,0x00,0x00,0x00,0x00,0x00,0x00,0x00,0x00,0x00,0x00,
  0x00,0x00,0x00,0x00,0x00,0x00,0x00,0x00,0x00,0x00,0x00,0x00,0x00,0x00,0x00,0x00,0x00,0x00,0x00,0x00,0x00,0x00,0x00,0x00,
  0x00,0x00,0x00,0x00,0x00,0x00,0x00,0x00,0x00,0x00,0x00,0x00,0x00,0x00,0x00,0x00,0x00,0x00,0x00,0x00,0xcb,0x04,0xcb,0x04,
  0xcb,0x04,0xeb,0x04,0xcb,0x04,0xeb,0x0c,0xcb,0x04,0xeb,0x0c,0xeb,0x0c,0xec,0x0c,0xeb,0x0c,0xec,0x0c,0xeb,0x0c,0x0c,0x15,
  0xec,0x0c,0x0c,0x15,0xec,0x14,0x0c,0x15,0x0c,0x15,0x0c,0x15,0x0c,0x15,0x0d,0x1d,0x0c,0x15,0x2d,0x1d,0x0c,0x1d,0x2d,0x1d,
  0x0d,0x1d,0x2d,0x1d,0x2d,0x1d,0x2d,0x25,0x2d,0x1d,0x2d,0x25,0x2d,0x25,0x4e,0x25,0x2d,0x25,0x4e,0x25,0x2d,0x25,0x4e,0x2d,
  0x4e,0x25,0x4e,0x2d,0x4e,0x2d,0x4f,0x2d,0x6f,0x35,0x00,0x00,0x00,0x00,0x00,0x00,0x00,0x00,0x00,0x00,0x00,0x00,0x00,0x00,
  0x00,0x00,0x00,0x00,0x00,0x00,0x00,0x00,0x00,0x00,0x00,0x00,0x00,0x00,0x00,0x00,0x00,0x00,0x00,0x00,0x00,0x00,0x00,0x00,
  0x00,0x00,0x00,0x00,0x00,0x00,0x00,0x00,0x00,0x00,0x00,0x00,0x00,0x00,0x00,0x00,0x00,0x00,0x00,0x00,0x00,0x00,0x00,0x00,
  0x00,0x00,0x00,0x00,0x00,0x00,0x00,0x00,0x00,0x00,0x00,0x00,0x00,0x00,0x00,0x00,0x00,0x00,0x00,0x00,0x00,0x00,0x00,0x00,
  0x00,0x00,0x00,0x00,0x00,0x00,0x00,0x00,0x00,0x00,0x00,0x00,0x00,0x00,0x00,0x00,0x00,0x00,0x00,0x00,0x00,0x00,0x00,0x00,
  0x00,0x00,0x00,0x00,0x00,0x00,0x00,0x00,0x00,0x00,0x00,0x00,0x00,0x00,0x00,0x00,0x00,0x00,0x00,0x00,0x00,0x00,0x00,0x00,
  0x00,0x00,0x00,0x00,0x00,0x00,0x00,0x00,0x00,0x00,0x00,0x00,0x00,0x00,0x00,0x00,0x00,0x00,0x00,0x00,0x00,0x00,0x00,0x00,
  0x00,0x00,0x00,0x00,0x00,0x00,0xcb,0x04,0xcb,0x04,0xeb,0x04,0xcb,0x04,0xeb,0x0c,0xcb,0x04,0xec,0x0c,0xeb,0x04,0xec,0x0c,
  0xeb,0x0c,0xec,0x0c,0xeb,0x0c,0x0c,0x15,0xec,0x0c,0x0c,0x15,0xec,0x0c,0x0c,0x15,0x0c,0x15,0x0d,0x15,0x0c,0x15,0x0d,0x1d,
  0x0c,0x15,0x2d,0x1d,0x0c,0x15,0x2d,0x1d,0x0d,0x1d,0x2d,0x1d,0x2d,0x1d,0x2d,0x25,0x2d,0x1d,0x2e,0x25,0x2d,0x1d,0x4e,0x25,
  0x2d,0x25,0x4e,0x25,0x2d,0x25,0x4e,0x2d,0x4e,0x25,0x4e,0x2d,0x4e,0x2d,0x4e,0x2d,0x4e,0x2d,0x6f,0x35,0x6e,0x2d,0x00,0x00,
  0x00,0x00,0x00,0x00,0x00,0x00,0x00,0x00,0x00,0x00,0x00,0x00,0x00,0x00,0x00,0x00,0x00,0x00,0x00,0x00,0x00,0x00,0x00,0x00,
  0x00,0x00,0x00,0x00,0x00,0x00,0x00,0x00,0x00,0x00,0x00,0x00,0x00,0x00,0x00,0x00,0x00,0x00,0x00,0x00,0x00,0x00,0x00,0x00,
  0x00,0x00,0x00,0x00,0x00,0x00,0x00,0x00,0x00,0x00,0x00,0x00,0x00,0x00,0x00,0x00,0x00,0x00,0x00,0x00,0x00,0x00,0x00,0x00,
  0x00,0x00,0x00,0x00,0x00,0x00,0x00,0x00,0x00,0x00,0x00,0x00,0x00,0x00,0x00,0x00,0x00,0x00,0x00,0x00,0x00,0x00,0x00,0x00,
  0x00,0x00,0x00,0x00,0x00,0x00,0x00,0x00,0x00,0x00,0x00,0x00,0x00,0x00,0x00,0x00,0x00,0x00,0x00,0x00,0x00,0x00,0x00,0x00,
  0x00,0x00,0x00,0x00,0x00,0x00,0x00,0x00,0x00,0x00,0x00,0x00,0x00,0x00,0x00,0x00,0x00,0x00,0x00,0x00,0x00,0x00,0x00,0x00,
  0x00,0x00,0x00,0x00,0x00,0x00,0x00,0x00,0x00,0x00,0x00,0x00,0x00,0x00,0x00,0x00,0xaa,0x04,0xcb,0x04,0xcb,0x04,0xcb,0x04,
  0xcb,0x04,0xeb,0x04,0xcb,0x04,0xeb,0x0c,0xcb,0x04,0xeb,0x0c,0xeb,0x0c,0xec,0x0c,0xeb,0x0c,0xec,0x0c,0xec,0x0c,0x0c,0x15,
  0xec,0x0c,0x0c,0x15,0xec,0x14,0x0c,0x15,0x0c,0x15,0x0c,0x15,0x0c,0x15,0x0d,0x1d,0x0c,0x15,0x2d,0x1d,0x0c,0x1d,0x2d,0x1d,
  0x0d,0x1d,0x2d,0x1d,0x2d,0x1d,0x2d,0x25,0x2d,0x1d,0x2d,0x25,0x2d,0x25,0x4e,0x25,0x2d,0x25,0x4e,0x25,0x2d,0x25,0x4e,0x2d,
  0x4e,0x25,0x4e,0x2d,0x4e,0x2d,0x4e,0x2d,0x4e,0x2d,0x00,0x00,0x00,0x00,0x00,0x00,0x00,0x00,0x00,0x00,0x00,0x00,0x00,0x00,
  0x00,0x00,0x00,0x00,0x00,0x00,0x00,0x00,0x00,0x00,0x00,0x00,0x00,0x00,0x00,0x00,0x00,0x00,0x00,0x00,0x00,0x00,0x00,0x00,
  0x00,0x00,0x00,0x00,0x00,0x00,0x00,0x00,0x00,0x00,0x00,0x00,0x00,0x00,0x00,0x00,0x00,0x00,0x00,0x00,0x00,0x00,0x00,0x00,
  0x00,0x00,0x00,0x00,0x00,0x00,0x00,0x00,0x00,0x00,0x00,0x00,0x00,0x00,0x00,0x00,0x00,0x00,0x00,0x00,0x00,0x00,0x00,0x00,
  0x00,0x00,0x00,0x00,0x00,0x00,0x00,0x00,0x00,0x00,0x00,0x00,0x00,0x00,0x00,0x00,0x00,0x00,0x00,0x00,0x00,0x00,0x00,0x00,
  0x00,0x00,0x00,0x00,0x00,0x00,0x00,0x00,0x00,0x00,0x00,0x00,0x00,0x00,0x00,0x00,0x00,0x00,0x00,0x00,0x00,0x00,0x00,0x00,
  0x00,0x00,0x00,0x00,0x00,0x00,0x00,0x00,0x00,0x00,0x00,0x00,0x00,0x00,0x00,0x00,0x00,0x00,0x00,0x00,0x00,0x00,0x00,0x00,
  0x00,0x00,0xcb,0x04,0xcb,0x04,0xcb,0x04,0xcb,0x04,0xeb,0x04,0xcb,0x04,0xec,0x0c,0xcb,0x04,0xec,0x0c,0xeb,0x0c,0xec,0x0c,
  0xeb,0x0c,0xec,0x0c,0xeb,0x0c,0x0c,0x15,0xec,0x0c,0x0c,0x15,0xec,0x14,0x0d,0x15,0x0c,0x15,0x0d,0x15,0x0c,0x15,0x0d,0x1d,
  0x0c,0x15,0x2d,0x1d,0x0c,0x1d,0x2d,0x1d,0x2d,0x1d,0x2d,0x1d,0x2d,0x1d,0x2e,0x25,0x2d,0x1d,0x4e,0x25,0x2d,0x25,0x4e,0x25,
  0x2d,0x25,0x4e,0x25,0x4d,0x25,0x4e,0x2d,0x4e,0x25,0x4e,0x2d,0x4e,0x2d,0x6f,0x2d,0x4e,0x2d,0x6f,0x2d,0x4e,0x2d,0x00,0x00,
  0x00,0x00,0x00,0x00,0x00,0x00,0x00,0x00,0x00,0x00,0x00,0x00,0x00,0x00,0x00,0x00,0x00,0x00,0x00,0x00,0x00,0x00,0x00,0x00,
  0x00,0x00,0x00,0x00,0x00,0x00,0x00,0x00,0x00,0x00,0x00,0x00,0x00,0x00,0x00,0x00,0x00,0x00,0x00,0x00,0x00,0x00,0x00,0x00,
  0x00,0x00,0x00,0x00,0x00,0x00,0x00,0x00,0x00,0x00,0x00,0x00,0x00,0x00,0x00,0x00,0x00,0x00,0x00,0x00,0x00,0x00,0x00,0x00,
  0x00,0x00,0x00,0x00,0x00,0x00,0x00,0x00,0x00,0x00,0x00,0x00,0x00,0x00,0x00,0x00,0x00,0x00,0x00,0x00,0x00,0x00,0x00,0x00,
  0x00,0x00,0x00,0x00,0x00,0x00,0x00,0x00,0x00,0x00,0x00,0x00,0x00,0x00,0x00,0x00,0x00,0x00,0x00,0x00,0x00,0x00,0x00,0x00,
  0x00,0x00,0x00,0x00,0x00,0x00,0x00,0x00,0x00,0x00,0x00,0x00,0x00,0x00,0x00,0x00,0x00,0x00,0x00,0x00,0x00,0x00,0x00,0x00,
  0x00,0x00,0x00,0x00,0x00,0x00,0x00,0x00,0x00,0x00,0x00,0x00,0xaa,0x04,0xcb,0x04,0xca,0x04,0xcb,0x04,0xcb,0x04,0xcb,0x04,
  0xcb,0x04,0xeb,0x04,0xcb,0x04,0xeb,0x0c,0xcb,0x04,0xeb,0x0c,0xeb,0x0c,0xec,0x0c,0xeb,0x0c,0xec,0x0c,0xec,0x0c,0x0c,0x15,
  0xec,0x0c,0x0c,0x15,0xec,0x14,0x0c,0x15,0x0c,0x15,0x0c,0x15,0x0c,0x15,0x0d,0x1d,0x0c,0x15,0x2d,0x1d,0x0d,0x1d,0x2d,0x1d,
  0x0d,0x1d,0x2d,0x1d,0x2d,0x1d,0x2d,0x25,0x2d,0x1d,0x2d,0x25,0x2d,0x25,0x4e,0x25,0x2d,0x25,0x4e,0x25,0x2e,0x25,0x4e,0x2d,
  0x4e,0x25,0x4e,0x2d,0x4e,0x2d,0x4e,0x2d,0x4e,0x2d,0x90,0x35,0x00,0x00,0x00,0x00,0x00,0x00,0x00,0x00,0x00,0x00,0x00,0x00,
  0x00,0x00,0x00,0x00,0x00,0x00,0x00,0x00,0x00,0x00,0x00,0x00,0x00,0x00,0x00,0x00,0x00,0x00,0x00,0x00,0x00,0x00,0x00,0x00,
  0x00,0x00,0x00,0x00,0x00,0x00,0x00,0x00,0x00,0x00,0x00,0x00,0x00,0x00,0x00,0x00,0x00,0x00,0x00,0x00,0x00,0x00,0x00,0x00,
  0x00,0x00,0x00,0x00,0x00,0x00,0x00,0x00,0x00,0x00,0x00,0x00,0x00,0x00,0x00,0x00,0x00,0x00,0x00,0x00,0x00,0x00,0x00,0x00,
  0x00,0x00,0x00,0x00,0x00,0x00,0x00,0x00,0x00,0x00,0x00,0x00,0x00,0x00,0x00,0x00,0x00,0x00,0x00,0x00,0x00,0x00,0x00,0x00,
  0x00,0x00,0x00,0x00,0x00,0x00,0x00,0x00,0x00,0x00,0x00,0x00,0x00,0x00,0x00,0x00,0x00,0x00,0x00,0x00,0x00,0x00,0x00,0x00,
  0x00,0x00,0x00,0x00,0x00,0x00,0x00,0x00,0x00,0x00,0x00,0x00,0x00,0x00,0x00,0x00,0x00,0x00,0x00,0x00,0x00,0x00,0xcb,0x04,
  0xcb,0x04,0xcb,0x04,0xcb,0x04,0xcb,0x04,0xcb,0x04,0xeb,0x04,0xcb,0x04,0xec,0x0c,0xeb,0x04,0xec,0x0c,0xeb,0x0c,0xec,0x0c,
  0xeb,0x0c,0x0c,0x0d,0xec,0x0c,0x0c,0x15,0xec,0x0c,0x0c,0x15,0x0c,0x15,0x0d,0x15,0x0c,0x15,0x0d,0x15,0x0c,0x15,0x2d,0x1d,
  0x0c,0x15,0x2d,0x1d,0x0d,0x1d,0x2d,0x1d,0x2d,0x1d,0x2d,0x1d,0x2d,0x1d,0x2e,0x25,0x2d,0x1d,0x4e,0x25,0x2d,0x25,0x4e,0x25,
  0x2d,0x25,0x4e,0x25,0x4e,0x25,0x4e,0x2d,0x4e,0x25,0x4e,0x2d,0x4e,0x2d,0x6f,0x2d,0x4e,0x2d,0x6f,0x2d,0x4e,0x2d,0x6f,0x35,
  0x00,0x00,0x00,0x00,0x00,0x00,0x00,0x00,0x00,0x00,0x00,0x00,0x00,0x00,0x00,0x00,0x00,0x00,0x00,0x00,0x00,0x00,0x00,0x00,
  0x00,0x00,0x00,0x00,0x00,0x00,0x00,0x00,0x00,0x00,0x00,0x00,0x00,0x00,0x00,0x00,0x00,0x00,0x00,0x00,0x00,0x00,0x00,0x00,
  0x00,0x00,0x00,0x00,0x00,0x00,0x00,0x00,0x00,0x00,0x00,0x00,0x00,0x00,0x00,0x00,0x00,0x00,0x00,0x00,0x00,0x00,0x00,0x00,
  0x00,0x00,0x00,0x00,0x00,0x00,0x00,0x00,0x00,0x00,0x00,0x00,0x00,0x00,0x00,0x00,0x00,0x00,0x00,0x00,0x00,0x00,0x00,0x00,
  0x00,0x00,0x00,0x00,0x00,0x00,0x00,0x00,0x00,0x00,0x00,0x00,0x00,0x00,0x00,0x00,0x00,0x00,0x00,0x00,0x00,0x00,0x00,0x00,
  0x00,0x00,0x00,0x00,0x00,0x00,0x00,0x00,0x00,0x00,0x00,0x00,0x00,0x00,0x00,0x00,0x00,0x00,0x00,0x00,0x00,0x00,0x00,0x00,
  0x00,0x00,0x00,0x00,0x00,0x00,0x00,0x00,0xaa,0x04,0xcb,0x04,0xaa,0x04,0xcb,0x04,0xca,0x04,0xcb,0x04,0xcb,0x04,0xcb,0x04,
  0xcb,0x04,0xeb,0x04,0xcb,0x04,0xeb,0x0c,0xcb,0x04,0xec,0x0c,0xeb,0x0c,0xec,0x0c,0xeb,0x0c,0xec,0x0c,0xec,0x0c,0x0c,0x15,
  0xec,0x0c,0x0c,0x15,0xec,0x14,0x0c,0x15,0x0c,0x15,0x0d,0x15,0x0c,0x15,0x2d,0x1d,0x0c,0x15,0x2d,0x1d,0x0d,0x1d,0x2d,0x1d,
  0x2d,0x1d,0x2d,0x1d,0x2d,0x1d,0x2d,0x25,0x2d,0x1d,0x4e,0x25,0x2d,0x25,0x4e,0x25,0x2d,0x25,0x4e,0x25,0x4e,0x25,0x4e,0x2d,
  0x4e,0x25,0x4e,0x2d,0x4e,0x2d,0x6e,0x2d,0x4e,0x2d,0x6f,0x35,0x00,0x00,0x00,0x00,0x00,0x00,0x00,0x00,0x00,0x00,0x00,0x00,
  0x00,0x00,0x00,0x00,0x00,0x00,0x00,0x00,0x00,0x00,0x00,0x00,0x00,0x00,0x00,0x00,0x00,0x00,0x00,0x00,0x00,0x00,0x00,0x00,
  0x00,0x00,0x00,0x00,0x00,0x00,0x00,0x00,0x00,0x00,0x00,0x00,0x00,0x00,0x00,0x00,0x00,0x00,0x00,0x00,0x00,0x00,0x00,0x00,
  0x00,0x00,0x00,0x00,0x00,0x00,0x00,0x00,0x00,0x00,0x00,0x00,0x00,0x00,0x00,0x00,0x00,0x00,0x00,0x00,0x00,0x00,0x00,0x00,
  0x00,0x00,0x00,0x00,0x00,0x00,0x00,0x00,0x00,0x00,0x00,0x00,0x00,0x00,0x00,0x00,0x00,0x00,0x00,0x00,0x00,0x00,0x00,0x00,
  0x00,0x00,0x00,0x00,0x00,0x00,0x00,0x00,0x00,0x00,0x00,0x00,0x00,0x00,0x00,0x00,0x00,0x00,0x00,0x00,0x00,0x00,0x00,0x00,
  0x00,0x00,0x00,0x00,0x00,0x00,0x00,0x00,0x00,0x00,0x00,0x00,0x00,0x00,0x00,0x00,0x00,0x00,0xcb,0x04,0xaa,0x04,0xcb,0x04,
  0xcb,0x04,0xcb,0x04,0xcb,0x04,0xeb,0x04,0xcb,0x04,0xeb,0x04,0xcb,0x04,0xec,0x0c,0xeb,0x04,0xec,0x0c,0xeb,0x0c,0xec,0x0c,
  0xeb,0x0c,0x0c,0x0d,0xec,0x0c,0x0c,0x15,0xec,0x0c,0x0c,0x15,0x0c,0x15,0x0d,0x15,0x0c,0x15,0x0d,0x15,0x0c,0x15,0x2d,0x1d,
  0x0c,0x15,0x2d,0x1d,0x0d,0x1d,0x2d,0x1d,0x2d,0x1d,0x2d,0x25,0x2d,0x1d,0x2e,0x25,0x2d,0x25,0x4e,0x25,0x2d,0x25,0x4e,0x25,
  0x2d,0x25,0x4e,0x2d,0x4e,0x25,0x4e,0x2d,0x4e,0x2d,0x4e,0x2d,0x4e,0x2d,0x6f,0x2d,0x4e,0x2d,0x6f,0x35,0x4e,0x2d,0x6f,0x35,
  0x00,0x00,0x00,0x00,0x00,0x00,0x00,0x00,0x00,0x00,0x00,0x00,0x00,0x00,0x00,0x00,0x00,0x00,0x00,0x00,0x00,0x00,0x00,0x00,
  0x00,0x00,0x00,0x00,0x00,0x00,0x00,0x00,0x00,0x00,0x00,0x00,0x00,0x00,0x00,0x00,0x00,0x00,0x00,0x00,0x00,0x00,0x00,0x00,
  0x00,0x00,0x00,0x00,0x00,0x00,0x00,0x00,0x00,0x00,0x00,0x00,0x00,0x00,0x00,0x00,0x00,0x00,0x00,0x00,0x00,0x00,0x00,0x00,
  0x00,0x00,0x00,0x00,0x00,0x00,0x00,0x00,0x00,0x00,0x00,0x00,0x00,0x00,0x00,0x00,0x00,0x00,0x00,0x00,0x00,0x00,0x00,0x00,
  0x00,0x00,0x00,0x00,0x00,0x00,0x00,0x00,0x00,0x00,0x00,0x00,0x00,0x00,0x00,0x00,0x00,0x00,0x00,0x00,0x00,0x00,0x00,0x00,
  0x00,0x00,0x00,0x00,0x00,0x00,0x00,0x00,0x00,0x00,0x00,0x00,0x00,0x00,0x00,0x00,0x00,0x00,0x00,0x00,0x00,0x00,0x00,0x00,
  0x00,0x00,0x00,0x00,0xaa,0x04,0xab,0x04,0xaa,0x04,0xcb,0x04,0xaa,0x04,0xcb,0x04,0xca,0x04,0xcb,0x04,0xcb,0x04,0xeb,0x04,
  0xcb,0x04,0xeb,0x04,0xcb,0x04,0xec,0x0c,0xeb,0x04,0xec,0x0c,0xeb,0x0c,0xec,0x0c,0xeb,0x0c,0x0c,0x15,0xec,0x0c,0x0c,0x15,
  0xec,0x0c,0x0c,0x15,0x0c,0x15,0x0d,0x15,0x0c,0x15,0x0d,0x1d,0x0c,0x15,0x2d,0x1d,0x0c,0x15,0x2d,0x1d,0x0d,0x1d,0x2d,0x1d,
  0x2d,0x1d,0x2d,0x25,0x2d,0x1d,0x2e,0x25,0x2d,0x1d,0x4e,0x25,0x2d,0x25,0x4e,0x25,0x2d,0x25,0x4e,0x2d,0x4e,0x25,0x4e,0x2d,
  0x4e,0x25,0x4e,0x2d,0x4e,0x2d,0x6f,0x2d,0x4e,0x2d,0x6f,0x35,0x00,0x00,0x00,0x00,0x00,0x00,0x00,0x00,0x00,0x00,0x00,0x00,
  0x00,0x00,0x00,0x00,0x00,0x00,0x00,0x00,0x00,0x00,0x00,0x00,0x00,0x00,0x00,0x00,0x00,0x00,0x00,0x00,0x00,0x00,0x00,0x00,
  0x00,0x00,0x00,0x00,0x00,0x00,0x00,0x00,0x00,0x00,0x00,0x00,0x00,0x00,0x00,0x00,0x00,0x00,0x00,0x00,0x00,0x00,0x00,0x00,
  0x00,0x00,0x00,0x00,0x00,0x00,0x00,0x00,0x00,0x00,0x00,0x00,0x00,0x00,0x00,0x00,0x00,0x00,0x00,0x00,0x00,0x00,0x00,0x00,
  0x00,0x00,0x00,0x00,0x00,0x00,0x00,0x00,0x00,0x00,0x00,0x00,0x00,0x00,0x00,0x00,0x00,0x00,0x00,0x00,0x00,0x00,0x00,0x00,
  0x00,0x00,0x00,0x00,0x00,0x00,0x00,0x00,0x00,0x00,0x00,0x00,0x00,0x00,0x00,0x00,0x00,0x00,0x00,0x00,0x00,0x00,0x00,0x00,
  0x00,0x00,0x00,0x00,0x00,0x00,0x00,0x00,0x00,0x00,0x00,0x00,0x00,0x00,0xab,0x04,0xab,0x04,0xcb,0x04,0xaa,0x04,0xcb,0x04,
  0xcb,0x04,0xcb,0x04,0xcb,0x04,0xeb,0x04,0xcb,0x04,0xeb,0x0c,0xcb,0x04,0xec,0x0c,0xeb,0x0c,0xec,0x0c,0xeb,0x0c,0xec,0x0c,
  0xec,0x0c,0x0c,0x15,0xec,0x0c,0x0c,0x15,0xec,0x14,0x0c,0x15,0x0c,0x15,0x0d,0x15,0x0c,0x15,0x0d,0x1d,0x0c,0x15,0x2d,0x1d,
  0x0d,0x1d,0x2d,0x1d,0x0d,0x1d,0x2d,0x1d,0x2d,0x1d,0x2d,0x25,0x2d,0x1d,0x2e,0x25,0x2d,0x25,0x4e,0x25,0x2d,0x25,0x4e,0x25,
  0x2e,0x25,0x4e,0x2d,0x4e,0x25,0x4e,0x2d,0x4e,0x2d,0x4e,0x2d,0x4e,0x2d,0x6f,0x2d,0x4e,0x2d,0x6f,0x35,0x4e,0x2d,0x6f,0x35,
  0x90,0x35,0x00,0x00,0x00,0x00,0x00,0x00,0x00,0x00,0x00,0x00,0x00,0x00,0x00,0x00,0x00,0x00,0x00,0x00,0x00,0x00,0x00,0x00,
  0x00,0x00,0x00,0x00,0x00,0x00,0x00,0x00,0x00,0x00,0x00,0x00,0x00,0x00,0x00,0x00,0x00,0x00,0x00,0x00,0x00,0x00,0x00,0x00,
  0x00,0x00,0x00,0x00,0x00,0x00,0x00,0x00,0x00,0x00,0x00,0x00,0x00,0x00,0x00,0x00,0x00,0x00,0x00,0x00,0x00,0x00,0x00,0x00,
  0x00,0x00,0x00,0x00,0x00,0x00,0x00,0x00,0x00,0x00,0x00,0x00,0x00,0x00,0x00,0x00,0x00,0x00,0x00,0x00,0x00,0x00,0x00,0x00,
  0x00,0x00,0x00,0x00,0x00,0x00,0x00,0x00,0x00,0x00,0x00,0x00,0x00,0x00,0x00,0x00,0x00,0x00,0x00,0x00,0x00,0x00,0x00,0x00,
  0x00,0x00,0x00,0x00,0x00,0x00,0x00,0x00,0x00,0x00,0x00,0x00,0x00,0x00,0x00,0x00,0x00,0x00,0x00,0x00,0x00,0x00,0x00,0x00,
  0x8a,0x04,0xab,0x04,0xaa,0x04,0xab,0x04,0xaa,0x04,0xcb,0x04,0xaa,0x04,0xcb,0x04,0xca,0x04,0xcb,0x04,0xcb,0x04,0xeb,0x04,
  0xcb,0x04,0xeb,0x0c,0xcb,0x04,0xec,0x0c,0xeb,0x04,0xec,0x0c,0xeb,0x0c,0xec,0x0c,0xeb,0x0c,0x0c,0x15,0xec,0x0c,0x0c,0x15,
  0xec,0x0c,0x0c,0x15,0x0c,0x15,0x0d,0x15,0x0c,0x15,0x0d,0x1d,0x0c,0x15,0x2d,0x1d,0x0c,0x15,0x2d,0x1d,0x0d,0x1d,0x2d,0x1d,
  0x2d,0x1d,0x2d,0x25,0x2d,0x1d,0x2e,0x25,0x2d,0x1d,0x4e,0x25,0x2d,0x25,0x4e,0x25,0x2d,0x25,0x4e,0x2d,0x4e,0x25,0x4e,0x2d,
  0x4e,0x25,0x4e,0x2d,0x4e,0x2d,0x6f,0x2d,0x4e,0x2d,0x6f,0x35,0x6e,0x35,0x00,0x00,0x00,0x00,0x00,0x00,0x00,0x00,0x00,0x00,
  0x00,0x00,0x00,0x00,0x00,0x00,0x00,0x00,0x00,0x00,0x00,0x00,0x00,0x00,0x00,0x00,0x00,0x00,0x00,0x00,0x00,0x00,0x00,0x00,
  0x00,0x00,0x00,0x00,0x00,0x00,0x00,0x00,0x00,0x00,0x00,0x00,0x00,0x00,0x00,0x00,0x00,0x00,0x00,0x00,0x00,0x00,0x00,0x00,
  0x00,0x00,0x00,0x00,0x00,0x00,0x00,0x00,0x00,0x00,0x00,0x00,0x00,0x00,0x00,0x00,0x00,0x00,0x00,0x00,0x00,0x00,0x00,0x00,
  0x00,0x00,0x00,0x00,0x00,0x00,0x00,0x00,0x00,0x00,0x00,0x00,0x00,0x00,0x00,0x00,0x00,0x00,0x00,0x00,0x00,0x00,0x00,0x00,
  0x00,0x00,0x00,0x00,0x00,0x00,0x00,0x00,0x00,0x00,0x00,0x00,0x00,0x00,0x00,0x00,0x00,0x00,0x00,0x00,0x00,0x00,0x00,0x00,
  0x00,0x00,0x00,0x00,0x00,0x00,0x00,0x00,0x00,0x00,0xab,0x04,0xaa,0x04,0xab,0x04,0xab,0x04,0xcb,0x04,0xaa,0x04,0xcb,0x04,
  0xcb,0x04,0xcb,0x04,0xcb,0x04,0xeb,0x04,0xcb,0x04,0xeb,0x0c,0xcb,0x04,0xec,0x0c,0xeb,0x0c,0xec,0x0c,0xeb,0x0c,0xec,0x0c,
  0xec,0x0c,0x0c,0x15,0xec,0x0c,0x0c,0x15,0xec,0x14,0x0c,0x15,0x0c,0x15,0x0d,0x15,0x0c,0x15,0x0d,0x1d,0x0c,0x15,0x2d,0x1d,
  0x0d,0x1d,0x2d,0x1d,0x0d,0x1d,0x2d,0x1d,0x2d,0x1d,0x2d,0x25,0x2d,0x1d,0x2e,0x25,0x2d,0x25,0x4e,0x25,0x2d,0x25,0x4e,0x25,
  0x2e,0x25,0x4e,0x2d,0x4e,0x25,0x4e,0x2d,0x4e,0x2d,0x4e,0x2d,0x4e,0x2d,0x6f,0x2d,0x4e,0x2d,0x6f,0x35,0x4e,0x2d,0x6f,0x35,
  0x6f,0x35,0x00,0x00,0x00,0x00,0x00,0x00,0x00,0x00,0x00,0x00,0x00,0x00,0x00,0x00,0x00,0x00,0x00,0x00,0x00,0x00,0x00,0x00,
  0x00,0x00,0x00,0x00,0x00,0x00,0x00,0x00,0x00,0x00,0x00,0x00,0x00,0x00,0x00,0x00,0x00,0x00,0x00,0x00,0x00,0x00,0x00,0x00,
  0x00,0x00,0x00,0x00,0x00,0x00,0x00,0x00,0x00,0x00,0x00,0x00,0x00,0x00,0x00,0x00,0x00,0x00,0x00,0x00,0x00,0x00,0x00,0x00,
  0x00,0x00,0x00,0x00,0x00,0x00,0x00,0x00,0x00,0x00,0x00,0x00,0x00,0x00,0x00,0x00,0x00,0x00,0x00,0x00,0x00,0x00,0x00,0x00,
  0x00,0x00,0x00,0x00,0x00,0x00,0x00,0x00,0x00,0x00,0x00,0x00,0x00,0x00,0x00,0x00,0x00,0x00,0x00,0x00,0x00,0x00,0x00,0x00,
  0x00,0x00,0x00,0x00,0x00,0x00,0x00,0x00,0x00,0x00,0x00,0x00,0x00,0x00,0x00,0x00,0x00,0x00,0x00,0x00,0x8a,0x04,0xab,0x04,
  0xaa,0x04,0xab,0x04,0xaa,0x04,0xcb,0x04,0xaa,0x04,0xcb,0x04,0xaa,0x04,0xcb,0x04,0xca,0x04,0xcb,0x04,0xcb,0x04,0xeb,0x04,
  0xcb,0x04,0xeb,0x0c,0xcb,0x04,0xec,0x0c,0xeb,0x04,0xec,0x0c,0xeb,0x0c,0xec,0x0c,0xeb,0x0c,0x0c,0x15,0xec,0x0c,0x0c,0x15,
  0xec,0x0c,0x0c,0x15,0x0c,0x15,0x0d,0x15,0x0c,0x15,0x0d,0x1d,0x0c,0x15,0x2d,0x1d,0x0c,0x15,0x2d,0x1d,0x0d,0x1d,0x2d,0x1d,
  0x2d,0x1d,0x2d,0x25,0x2d,0x1d,0x2e,0x25,0x2d,0x1d,0x4e,0x25,0x2d,0x25,0x4e,0x2d,0x2d,0x25,0x4e,0x2d,0x4e,0x25,0x4e,0x2d,
  0x4e,0x2d,0x4e,0x2d,0x4e,0x2d,0x6f,0x35,0x4e,0x2d,0x6f,0x35,0x6e,0x35,0x00,0x00,0x00,0x00,0x00,0x00,0x00,0x00,0x00,0x00,
  0x00,0x00,0x00,0x00,0x00,0x00,0x00,0x00,0x00,0x00,0x00,0x00,0x00,0x00,0x00,0x00,0x00,0x00,0x00,0x00,0x00,0x00,0x00,0x00,
  0x00,0x00,0x00,0x00,0x00,0x00,0x00,0x00,0x00,0x00,0x00,0x00,0x00,0x00,0x00,0x00,0x00,0x00,0x00,0x00,0x00,0x00,0x00,0x00,
  0x00,0x00,0x00,0x00,0x00,0x00,0x00,0x00,0x00,0x00,0x00,0x00,0x00,0x00,0x00,0x00,0x00,0x00,0x00,0x00,0x00,0x00,0x00,0x00,
  0x00,0x00,0x00,0x00,0x00,0x00,0x00,0x00,0x00,0x00,0x00,0x00,0x00,0x00,0x00,0x00,0x00,0x00,0x00,0x00,0x00,0x00,0x00,0x00,
  0x00,0x00,0x00,0x00,0x00,0x00,0x00,0x00,0x00,0x00,0x00,0x00,0x00,0x00,0x00,0x00,0x00,0x00,0x00,0x00,0x00,0x00,0x00,0x00,
  0x00,0x00,0x00,0x00,0x00,0x00,0xab,0x04,0xaa,0x04,0xab,0x04,0xaa,0x04,0xcb,0x04,0xab,0x04,0xcb,0x04,0xaa,0x04,0xcb,0x04,
  0xcb,0x04,0xcb,0x04,0xcb,0x04,0xeb,0x04,0xcb,0x04,0xeb,0x0c,0xcb,0x04,0xec,0x0c,0xeb,0x0c,0xec,0x0c,0xeb,0x0c,0xec,0x0c,
  0xec,0x0c,0x0c,0x15,0xec,0x0c,0x0c,0x15,0xec,0x14,0x0c,0x15,0x0c,0x15,0x0d,0x15,0x0c,0x15,0x0d,0x1d,0x0c,0x15,0x2d,0x1d,
  0x0d,0x1d,0x2d,0x1d,0x0d,0x1d,0x2d,0x25,0x2d,0x1d,0x2d,0x25,0x2d,0x1d,0x2e,0x25,0x2d,0x25,0x4e,0x25,0x2d,0x25,0x4e,0x2d,
  0x2e,0x25,0x4e,0x2d,0x4e,0x25,0x4e,0x2d,0x4e,0x2d,0x6e,0x2d,0x4e,0x2d,0x6f,0x35,0x4e,0x2d,0x6f,0x35,0x6e,0x2d,0x6f,0x35,
  0x6f,0x35,0x00,0x00,0x00,0x00,0x00,0x00,0x00,0x00,0x00,0x00,0x00,0x00,0x00,0x00,0x00,0x00,0x00,0x00,0x00,0x00,0x00,0x00,
  0x00,0x00,0x00,0x00,0x00,0x00,0x00,0x00,0x00,0x00,0x00,0x00,0x00,0x00,0x00,0x00,0x00,0x00,0x00,0x00,0x00,0x00,0x00,0x00,
  0x00,0x00,0x00,0x00,0x00,0x00,0x00,0x00,0x00,0x00,0x00,0x00,0x00,0x00,0x00,0x00,0x00,0x00,0x00,0x00,0x00,0x00,0x00,0x00,
  0x00,0x00,0x00,0x00,0x00,0x00,0x00,0x00,0x00,0x00,0x00,0x00,0x00,0x00,0x00,0x00,0x00,0x00,0x00,0x00,0x00,0x00,0x00,0x00,
  0x00,0x00,0x00,0x00,0x00,0x00,0x00,0x00,0x00,0x00,0x00,0x00,0x00,0x00,0x00,0x00,0x00,0x00,0x00,0x00,0x00,0x00,0x00,0x00,
  0x00,0x00,0x00,0x00,0x00,0x00,0x00,0x00,0x00,0x00,0x00,0x00,0x00,0x00,0x00,0x00,0x8a,0x04,0xaa,0x04,0x8a,0x04,0xab,0x04,
  0xaa,0x04,0xab,0x04,0xaa,0x04,0xcb,0x04,0xaa,0x04,0xcb,0x04,0xca,0x04,0xcb,0x04,0xca,0x04,0xcb,0x04,0xcb,0x04,0xeb,0x0c,
  0xcb,0x04,0xeb,0x0c,0xcb,0x04,0xec,0x0c,0xeb,0x0c,0xec,0x0c,0xeb,0x0c,0xec,0x14,0xeb,0x0c,0x0c,0x15,0xec,0x0c,0x0c,0x15,
  0xec,0x14,0x0c,0x15,0x0c,0x15,0x0d,0x1d,0x0c,0x15,0x0d,0x1d,0x0c,0x15,0x2d,0x1d,0x0c,0x1d,0x2d,0x1d,0x0d,0x1d,0x2d,0x25,
  0x2d,0x1d,0x2d,0x25,0x2d,0x1d,0x2e,0x25,0x2d,0x25,0x4e,0x25,0x2d,0x25,0x4e,0x2d,0x2d,0x25,0x4e,0x2d,0x4e,0x25,0x4e,0x2d,
  0x4e,0x2d,0x4e,0x2d,0x4e,0x2d,0x6f,0x35,0x4e,0x2d,0x6f,0x35,0x4e,0x35,0x90,0x35,0x00,0x00,0x00,0x00,0x00,0x00,0x00,0x00,
  0x00,0x00,0x00,0x00,0x00,0x00,0x00,0x00,0x00,0x00,0x00,0x00,0x00,0x00,0x00,0x00,0x00,0x00,0x00,0x00,0x00,0x00,0x00,0x00,
  0x00,0x00,0x00,0x00,0x00,0x00,0x00,0x00,0x00,0x00,0x00,0x00,0x00,0x00,0x00,0x00,0x00,0x00,0x00,0x00,0x00,0x00,0x00,0x00,
  0x00,0x00,0x00,0x00,0x00,0x00,0x00,0x00,0x00,0x00,0x00,0x00,0x00,0x00,0x00,0x00,0x00,0x00,0x00,0x00,0x00,0x00,0x00,0x00,
  0x00,0x00,0x00,0x00,0x00,0x00,0x00,0x00,0x00,0x00,0x00,0x00,0x00,0x00,0x00,0x00,0x00,0x00,0x00,0x00,0x00,0x00,0x00,0x00,
  0x00,0x00,0x00,0x00,0x00,0x00,0x00,0x00,0x00,0x00,0x00,0x00,0x00,0x00,0x00,0x00,0x00,0x00,0x00,0x00,0x00,0x00,0x00,0x00,
  0x00,0x00,0xab,0x04,0x8a,0x04,0xab,0x04,0xaa,0x04,0xab,0x04,0xaa,0x04,0xcb,0x04,0xab,0x04,0xcb,0x04,0xcb,0x04,0xcb,0x04,
  0xcb,0x04,0xcb,0x04,0xcb,0x04,0xeb,0x0c,0xcb,0x04,0xeb,0x0c,0xcb,0x04,0xec,0x0c,0xeb,0x0c,0xec,0x0c,0xeb,0x0c,0x0c,0x15,
  0xec,0x0c,0x0c,0x15,0xec,0x0c,0x0c,0x15,0x0c,0x15,0x0c,0x15,0x0c,0x15,0x0d,0x1d,0x0c,0x15,0x2d,0x1d,0x0c,0x15,0x2d,0x1d,
  0x0d,0x1d,0x2d,0x1d,0x2d,0x1d,0x2d,0x25,0x2d,0x1d,0x2d,0x25,0x2d,0x1d,0x4e,0x25,0x2d,0x25,0x4e,0x25,0x2d,0x25,0x4e,0x2d,
  0x4e,0x25,0x4e,0x2d,0x4e,0x25,0x4e,0x2d,0x4e,0x2d,0x6e,0x2d,0x4e,0x2d,0x6f,0x35,0x4e,0x2d,0x6f,0x35,0x6e,0x2d,0x6f,0x35,
  0x6f,0x35,0x90,0x35,0x00,0x00,0x00,0x00,0x00,0x00,0x00,0x00,0x00,0x00,0x00,0x00,0x00,0x00,0x00,0x00,0x00,0x00,0x00,0x00,
  0x00,0x00,0x00,0x00,0x00,0x00,0x00,0x00,0x00,0x00,0x00,0x00,0x00,0x00,0x00,0x00,0x00,0x00,0x00,0x00,0x00,0x00,0x00,0x00,
  0x00,0x00,0x00,0x00,0x00,0x00,0x00,0x00,0x00,0x00,0x00,0x00,0x00,0x00,0x00,0x00,0x00,0x00,0x00,0x00,0x00,0x00,0x00,0x00,
  0x00,0x00,0x00,0x00,0x00,0x00,0x00,0x00,0x00,0x00,0x00,0x00,0x00,0x00,0x00,0x00,0x00,0x00,0x00,0x00,0x00,0x00,0x00,0x00,
  0x00,0x00,0x00,0x00,0x00,0x00,0x00,0x00,0x00,0x00,0x00,0x00,0x00,0x00,0x00,0x00,0x00,0x00,0x00,0x00,0x00,0x00,0x00,0x00,
  0x00,0x00,0x00,0x00,0x00,0x00,0x00,0x00,0x00,0x00,0x00,0x00,0x8a,0x04,0xab,0x04,0x8a,0x04,0xaa,0x04,0x8a,0x04,0xab,0x04,
  0xaa,0x04,0xab,0x04,0xaa,0x04,0xcb,0x04,0xaa,0x04,0xcb,0x04,0xca,0x04,0xcb,0x04,0xca,0x04,0xcb,0x04,0xcb,0x04,0xeb,0x0c,
  0xcb,0x04,0xeb,0x0c,0xcb,0x04,0xec,0x0c,0xeb,0x0c,0xec,0x0c,0xeb,0x0c,0xec,0x14,0xeb,0x0c,0x0c,0x15,0xec,0x0c,0x0c,0x15,
  0xec,0x14,0x0c,0x15,0x0c,0x15,0x0d,0x1d,0x0c,0x15,0x0d,0x1d,0x0c,0x15,0x2d,0x1d,0x0c,0x1d,0x2d,0x1d,0x0d,0x1d,0x2d,0x25,
  0x2d,0x1d,0x2d,0x25,0x2d,0x1d,0x2e,0x25,0x2d,0x25,0x4e,0x25,0x2d,0x25,0x4e,0x2d,0x4d,0x25,0x4e,0x2d,0x4e,0x25,0x4e,0x2d,
  0x4e,0x2d,0x6e,0x2d,0x4e,0x2d,0x6f,0x35,0x4e,0x2d,0x6f,0x35,0x6e,0x2d,0x6f,0x35,0x00,0x00,0x00,0x00,0x00,0x00,0x00,0x00,
  0x00,0x00,0x00,0x00,0x00,0x00,0x00,0x00,0x00,0x00,0x00,0x00,0x00,0x00,0x00,0x00,0x00,0x00,0x00,0x00,0x00,0x00,0x00,0x00,
  0x00,0x00,0x00,0x00,0x00,0x00,0x00,0x00,0x00,0x00,0x00,0x00,0x00,0x00,0x00,0x00,0x00,0x00,0x00,0x00,0x00,0x00,0x00,0x00,
  0x00,0x00,0x00,0x00,0x00,0x00,0x00,0x00,0x00,0x00,0x00,0x00,0x00,0x00,0x00,0x00,0x00,0x00,0x00,0x00,0x00,0x00,0x00,0x00,
  0x00,0x00,0x00,0x00,0x00,0x00,0x00,0x00,0x00,0x00,0x00,0x00,0x00,0x00,0x00,0x00,0x00,0x00,0x00,0x00,0x00,0x00,0x00,0x00,
  0x00,0x00,0x00,0x00,0x00,0x00,0x00,0x00,0x00,0x00,0x00,0x00,0x00,0x00,0x00,0x00,0x00,0x00,0x00,0x00,0x00,0x00,0xab,0x04,
  0x8a,0x04,0xab,0x04,0x8a,0x04,0xab,0x04,0xaa,0x04,0xab,0x04,0xaa,0x04,0xcb,0x04,0xab,0x04,0xcb,0x04,0xcb,0x04,0xcb,0x04,
  0xcb,0x04,0xcb,0x04,0xcb,0x04,0xeb,0x0c,0xcb,0x04,0xeb,0x0c,0xeb,0x04,0xec,0x0c,0xeb,0x0c,0xec,0x0c,0xeb,0x0c,0x0c,0x15,
  0xec,0x0c,0x0c,0x15,0xec,0x0c,0x0c,0x15,0x0c,0x15,0x0c,0x15,0x0c,0x15,0x0d,0x1d,0x0c,0x15,0x2d,0x1d,0x0c,0x15,0x2d,0x1d,
  0x0d,0x1d,0x2d,0x1d,0x2d,0x1d,0x2d,0x25,0x2d,0x1d,0x2d,0x25,0x2d,0x1d,0x4e,0x25,0x2d,0x25,0x4e,0x25,0x2d,0x25,0x4e,0x2d,
  0x4e,0x25,0x4e,0x2d,0x4e,0x25,0x4e,0x2d,0x4e,0x2d,0x6e,0x2d,0x4e,0x2d,0x6f,0x35,0x4e,0x2d,0x6f,0x35,0x6e,0x2d,0x6f,0x35,
  0x6f,0x35,0x8f,0x35,0x00,0x00,0x00,0x00,0x00,0x00,0x00,0x00,0x00,0x00,0x00,0x00,0x00,0x00,0x00,0x00,0x00,0x00,0x00,0x00,
  0x00,0x00,0x00,0x00,0x00,0x00,0x00,0x00,0x00,0x00,0x00,0x00,0x00,0x00,0x00,0x00,0x00,0x00,0x00,0x00,0x00,0x00,0x00,0x00,
  0x00,0x00,0x00,0x00,0x00,0x00,0x00,0x00,0x00,0x00,0x00,0x00,0x00,0x00,0x00,0x00,0x00,0x00,0x00,0x00,0x00,0x00,0x00,0x00,
  0x00,0x00,0x00,0x00,0x00,0x00,0x00,0x00,0x00,0x00,0x00,0x00,0x00,0x00,0x00,0x00,0x00,0x00,0x00,0x00,0x00,0x00,0x00,0x00,
  0x00,0x00,0x00,0x00,0x00,0x00,0x00,0x00,0x00,0x00,0x00,0x00,0x00,0x00,0x00,0x00,0x00,0x00,0x00,0x00,0x00,0x00,0x00,0x00,
  0x00,0x00,0x00,0x00,0x00,0x00,0x00,0x00,0x6a,0x04,0x8a,0x04,0x8a,0x04,0xab,0x04,0x8a,0x04,0xaa,0x04,0x8a,0x04,0xab,0x04,
  0xaa,0x04,0xab,0x04,0xaa,0x04,0xcb,0x04,0xaa,0x04,0xcb,0x04,0xca,0x04,0xcb,0x04,0xca,0x04,0xcb,0x04,0xcb,0x04,0xeb,0x0c,
  0xcb,0x04,0xeb,0x0c,0xeb,0x04,0xec,0x0c,0xeb,0x0c,0xec,0x0c,0xeb,0x0c,0x0c,0x15,0xeb,0x0c,0x0c,0x15,0xec,0x0c,0x0c,0x15,
  0x0c,0x15,0x0c,0x15,0x0c,0x15,0x0d,0x1d,0x0c,0x15,0x2d,0x1d,0x0c,0x15,0x2d,0x1d,0x0c,0x1d,0x2d,0x1d,0x2d,0x1d,0x2d,0x25,
  0x2d,0x1d,0x2d,0x25,0x2d,0x25,0x4e,0x25,0x2d,0x25,0x4e,0x25,0x2d,0x25,0x4e,0x2d,0x4d,0x25,0x4e,0x2d,0x4e,0x2d,0x4e,0x2d,
  0x4e,0x2d,0x6e,0x2d,0x4e,0x2d,0x6f,0x35,0x4e,0x2d,0x6f,0x35,0x6e,0x35,0x6f,0x35,0x70,0x45,0x00,0x00,0x00,0x00,0x00,0x00,
  0x00,0x00,0x00,0x00,0x00,0x00,0x00,0x00,0x00,0x00,0x00,0x00,0x00,0x00,0x00,0x00,0x00,0x00,0x00,0x00,0x00,0x00,0x00,0x00,
  0x00,0x00,0x00,0x00,0x00,0x00,0x00,0x00,0x00,0x00,0x00,0x00,0x00,0x00,0x00,0x00,0x00,0x00,0x00,0x00,0x00,0x00,0x00,0x00,
  0x00,0x00,0x00,0x00,0x00,0x00,0x00,0x00,0x00,0x00,0x00,0x00,0x00,0x00,0x00,0x00,0x00,0x00,0x00,0x00,0x00,0x00,0x00,0x00,
  0x00,0x00,0x00,0x00,0x00,0x00,0x00,0x00,0x00,0x00,0x00,0x00,0x00,0x00,0x00,0x00,0x00,0x00,0x00,0x00,0x00,0x00,0x00,0x00,
  0x00,0x00,0x00,0x00,0x00,0x00,0x00,0x00,0x00,0x00,0x00,0x00,0x00,0x00,0x00,0x00,0x00,0x00,0x8b,0x04,0x8a,0x04,0xab,0x04,
  0x8a,0x04,0xab,0x04,0x8a,0x04,0xab,0x04,0xaa,0x04,0xab,0x04,0xaa,0x04,0xcb,0x04,0xab,0x04,0xcb,0x04,0xcb,0x04,0xcb,0x04,
  0xcb,0x04,0xeb,0x04,0xcb,0x04,0xeb,0x0c,0xcb,0x04,0xeb,0x0c,0xeb,0x04,0xec,0x0c,0xeb,0x0c,0xec,0x0c,0xeb,0x0c,0x0c,0x15,
  0xec,0x0c,0x0c,0x15,0xec,0x0c,0x0c,0x15,0x0c,0x15,0x0c,0x15,0x0c,0x15,0x0d,0x1d,0x0c,0x15,0x2d,0x1d,0x0c,0x15,0x2d,0x1d,
  0x0d,0x1d,0x2d,0x1d,0x2d,0x1d,0x2d,0x25,0x2d,0x1d,0x2d,0x25,0x2d,0x1d,0x4e,0x25,0x2d,0x25,0x4e,0x25,0x2d,0x25,0x4e,0x2d,
  0x4e,0x25,0x4e,0x2d,0x4e,0x25,0x4e,0x2d,0x4e,0x2d,0x6e,0x2d,0x4e,0x2d,0x6f,0x35,0x4e,0x2d,0x6f,0x35,0x6e,0x2d,0x6f,0x35,
  0x6f,0x35,0x6f,0x35,0x90,0x45,0x00,0x00,0x00,0x00,0x00,0x00,0x00,0x00,0x00,0x00,0x00,0x00,0x00,0x00,0x00,0x00,0x00,0x00,
  0x00,0x00,0x00,0x00,0x00,0x00,0x00,0x00,0x00,0x00,0x00,0x00,0x00,0x00,0x00,0x00,0x00,0x00,0x00,0x00,0x00,0x00,0x00,0x00,
  0x00,0x00,0x00,0x00,0x00,0x00,0x00,0x00,0x00,0x00,0x00,0x00,0x00,0x00,0x00,0x00,0x00,0x00,0x00,0x00,0x00,0x00,0x00,0x00,
  0x00,0x00,0x00,0x00,0x00,0x00,0x00,0x00,0x00,0x00,0x00,0x00,0x00,0x00,0x00,0x00,0x00,0x00,0x00,0x00,0x00,0x00,0x00,0x00,
  0x00,0x00,0x00,0x00,0x00,0x00,0x00,0x00,0x00,0x00,0x00,0x00,0x00,0x00,0x00,0x00,0x00,0x00,0x00,0x00,0x00,0x00,0x00,0x00,
  0x00,0x00,0x00,0x00,0x6a,0x04,0x8a,0x04,0x8a,0x04,0x8a,0x04,0x8a,0x04,0xab,0x04,0x8a,0x04,0xab,0x04,0xaa,0x04,0xab,0x04,
  0xaa,0x04,0xab,0x04,0xaa,0x04,0xcb,0x04,0xaa,0x04,0xcb,0x04,0xcb,0x04,0xcb,0x04,0xca,0x04,0xeb,0x04,0xcb,0x04,0xeb,0x0c,
  0xcb,0x04,0xeb,0x0c,0xeb,0x0c,0xec,0x0c,0xeb,0x0c,0xec,0x0c,0xeb,0x0c,0x0c,0x15,0xeb,0x0c,0x0c,0x15,0xec,0x14,0x0c,0x15,
  0x0c,0x15,0x0c,0x15,0x0c,0x15,0x0d,0x1d,0x0c,0x15,0x2d,0x1d,0x0c,0x1d,0x2d,0x1d,0x0c,0x1d,0x2d,0x1d,0x2d,0x1d,0x2d,0x25,
  0x2d,0x1d,0x2d,0x25,0x2d,0x25,0x4e,0x25,0x2d,0x25,0x4e,0x25,0x2d,0x25,0x4e,0x2d,0x4d,0x25,0x4e,0x2d,0x4e,0x2d,0x4e,0x2d,
  0x4e,0x2d,0x6e,0x2d,0x4e,0x2d,0x6f,0x35,0x4e,0x2d,0x6f,0x35,0x6e,0x35,0x6f,0x35,0x6f,0x35,0x00,0x00,0x00,0x00,0x00,0x00,
  0x00,0x00,0x00,0x00,0x00,0x00,0x00,0x00,0x00,0x00,0x00,0x00,0x00,0x00,0x00,0x00,0x00,0x00,0x00,0x00,0x00,0x00,0x00,0x00,
  0x00,0x00,0x00,0x00,0x00,0x00,0x00,0x00,0x00,0x00,0x00,0x00,0x00,0x00,0x00,0x00,0x00,0x00,0x00,0x00,0x00,0x00,0x00,0x00,
  0x00,0x00,0x00,0x00,0x00,0x00,0x00,0x00,0x00,0x00,0x00,0x00,0x00,0x00,0x00,0x00,0x00,0x00,0x00,0x00,0x00,0x00,0x00,0x00,
  0x00,0x00,0x00,0x00,0x00,0x00,0x00,0x00,0x00,0x00,0x00,0x00,0x00,0x00,0x00,0x00,0x00,0x00,0x00,0x00,0x00,0x00,0x00,0x00,
  0x00,0x00,0x00,0x00,0x00,0x00,0x00,0x00,0x00,0x00,0x00,0x00,0x00,0x00,0x8b,0x04,0x8a,0x04,0x8b,0x04,0x8a,0x04,0xab,0x04,
  0x8a,0x04,0xab,0x04,0xaa,0x04,0xab,0x04,0xaa,0x04,0xab,0x04,0xaa,0x04,0xcb,0x04,0xab,0x04,0xcb,0x04,0xcb,0x04,0xcb,0x04,
  0xcb,0x04,0xeb,0x04,0xcb,0x04,0xeb,0x0c,0xcb,0x04,0xeb,0x0c,0xeb,0x04,0xec,0x0c,0xeb,0x0c,0xec,0x0c,0xeb,0x0c,0x0c,0x15,
  0xec,0x0c,0x0c,0x15,0xec,0x0c,0x0c,0x15,0x0c,0x15,0x0c,0x15,0x0c,0x15,0x0d,0x1d,0x0c,0x15,0x2d,0x1d,0x0c,0x15,0x2d,0x1d,
  0x0d,0x1d,0x2d,0x1d,0x2d,0x1d,0x2d,0x25,0x2d,0x1d,0x2d,0x25,0x2d,0x1d,0x4e,0x25,0x2d,0x25,0x4e,0x25,0x2d,0x25,0x4e,0x2d,
  0x4e,0x25,0x4e,0x2d,0x4e,0x25,0x4e,0x2d,0x4e,0x2d,0x6e,0x2d,0x4e,0x2d,0x6f,0x35,0x4e,0x2d,0x6f,0x35,0x6e,0x2d,0x6f,0x35,
  0x6f,0x35,0x6f,0x35,0x8f,0x35,0x00,0x00,0x00,0x00,0x00,0x00,0x00,0x00,0x00,0x00,0x00,0x00,0x00,0x00,0x00,0x00,0x00,0x00,
  0x00,0x00,0x00,0x00,0x00,0x00,0x00,0x00,0x00,0x00,0x00,0x00,0x00,0x00,0x00,0x00,0x00,0x00,0x00,0x00,0x00,0x00,0x00,0x00,
  0x00,0x00,0x00,0x00,0x00,0x00,0x00,0x00,0x00,0x00,0x00,0x00,0x00,0x00,0x00,0x00,0x00,0x00,0x00,0x00,0x00,0x00,0x00,0x00,
  0x00,0x00,0x00,0x00,0x00,0x00,0x00,0x00,0x00,0x00,0x00,0x00,0x00,0x00,0x00,0x00,0x00,0x00,0x00,0x00,0x00,0x00,0x00,0x00,
  0x00,0x00,0x00,0x00,0x00,0x00,0x00,0x00,0x00,0x00,0x00,0x00,0x00,0x00,0x00,0x00,0x00,0x00,0x00,0x00,0x00,0x00,0x00,0x00,
  0x6a,0x04,0x8a,0x04,0x6a,0x04,0x8a,0x04,0x8a,0x04,0x8a,0x04,0x8a,0x04,0xab,0x04,0x8a,0x04,0xab,0x04,0xaa,0x04,0xab,0x04,
  0xaa,0x04,0xcb,0x04,0xaa,0x04,0xcb,0x04,0xaa,0x04,0xcb,0x04,0xcb,0x04,0xcb,0x04,0xcb,0x04,0xeb,0x04,0xcb,0x04,0xeb,0x0c,
  0xcb,0x04,0xeb,0x0c,0xeb,0x0c,0xec,0x0c,0xeb,0x0c,0xec,0x0c,0xeb,0x0c,0x0c,0x15,0xec,0x0c,0x0c,0x15,0xec,0x14,0x0c,0x15,
  0x0c,0x15,0x0c,0x15,0x0c,0x15,0x0d,0x1d,0x0c,0x15,0x2d,0x1d,0x0c,0x1d,0x2d,0x1d,0x0d,0x1d,0x2d,0x1d,0x2d,0x1d,0x2d,0x25,
  0x2d,0x1d,0x2d,0x25,0x2d,0x25,0x4e,0x25,0x2d,0x25,0x4e,0x25,0x2d,0x25,0x4e,0x2d,0x4e,0x25,0x4e,0x2d,0x4e,0x2d,0x4e,0x2d,
  0x4e,0x2d,0x6e,0x2d,0x4e,0x2d,0x6f,0x35,0x4e,0x2d,0x6f,0x35,0x6e,0x35,0x6f,0x35,0x6f,0x35,0x00,0x00,0x00,0x00,0x00,0x00,
  0x00,0x00,0x00,0x00,0x00,0x00,0x00,0x00,0x00,0x00,0x00,0x00,0x00,0x00,0x00,0x00,0x00,0x00,0x00,0x00,0x00,0x00,0x00,0x00,
  0x00,0x00,0x00,0x00,0x00,0x00,0x00,0x00,0x00,0x00,0x00,0x00,0x00,0x00,0x00,0x00,0x00,0x00,0x00,0x00,0x00,0x00,0x00,0x00,
  0x00,0x00,0x00,0x00,0x00,0x00,0x00,0x00,0x00,0x00,0x00,0x00,0x00,0x00,0x00,0x00,0x00,0x00,0x00,0x00,0x00,0x00,0x00,0x00,
  0x00,0x00,0x00,0x00,0x00,0x00,0x00,0x00,0x00,0x00,0x00,0x00,0x00,0x00,0x00,0x00,0x00,0x00,0x00,0x00,0x00,0x00,0x00,0x00,
  0x00,0x00,0x00,0x00,0x00,0x00,0x00,0x00,0x00,0x00,0x00,0x00,0x6a,0x04,0x8b,0x04,0x8a,0x04,0x8b,0x04,0x8a,0x04,0xab,0x04,
  0x8a,0x04,0xab,0x04,0xaa,0x04,0xab,0x04,0xaa,0x04,0xcb,0x04,0xaa,0x04,0xcb,0x04,0xab,0x04,0xcb,0x04,0xcb,0x04,0xcb,0x04,
  0xcb,0x04,0xeb,0x04,0xcb,0x04,0xeb,0x0c,0xcb,0x04,0xec,0x0c,0xeb,0x04,0xec,0x0c,0xeb,0x0c,0xec,0x0c,0xeb,0x0c,0x0c,0x15,
  0xec,0x0c,0x0c,0x15,0xec,0x0c,0x0c,0x15,0x0c,0x15,0x0d,0x15,0x0c,0x15,0x0d,0x1d,0x0c,0x15,0x2d,0x1d,0x0c,0x15,0x2d,0x1d,
  0x0d,0x1d,0x2d,0x1d,0x2d,0x1d,0x2d,0x25,0x2d,0x1d,0x2e,0x25,0x2d,0x1d,0x4e,0x25,0x2d,0x25,0x4e,0x25,0x2d,0x25,0x4e,0x2d,
  0x4e,0x25,0x4e,0x2d,0x4e,0x2d,0x4e,0x2d,0x4e,0x2d,0x6f,0x2d,0x4e,0x2d,0x6f,0x35,0x4e,0x2d,0x6f,0x35,0x6e,0x35,0x6f,0x35,
  0x6f,0x35,0x6f,0x35,0x6f,0x35,0x90,0x45,0x00,0x00,0x00,0x00,0x00,0x00,0x00,0x00,0x00,0x00,0x00,0x00,0x00,0x00,0x00,0x00,
  0x00,0x00,0x00,0x00,0x00,0x00,0x00,0x00,0x00,0x00,0x00,0x00,0x00,0x00,0x00,0x00,0x00,0x00,0x00,0x00,0x00,0x00,0x00,0x00,
  0x00,0x00,0x00,0x00,0x00,0x00,0x00,0x00,0x00,0x00,0x00,0x00,0x00,0x00,0x00,0x00,0x00,0x00,0x00,0x00,0x00,0x00,0x00,0x00,
  0x00,0x00,0x00,0x00,0x00,0x00,0x00,0x00,0x00,0x00,0x00,0x00,0x00,0x00,0x00,0x00,0x00,0x00,0x00,0x00,0x00,0x00,0x00,0x00,
  0x00,0x00,0x00,0x00,0x00,0x00,0x00,0x00,0x00,0x00,0x00,0x00,0x00,0x00,0x00,0x00,0x00,0x00,0x00,0x00,0x00,0x00,0x8a,0x04,
  0x6a,0x04,0x8a,0x04,0x8a,0x04,0x8a,0x04,0x8a,0x04,0x8a,0x04,0x8a,0x04,0xab,0x04,0x8a,0x04,0xab,0x04,0xaa,0x04,0xab,0x04,
  0xaa,0x04,0xcb,0x04,0xaa,0x04,0xcb,0x04,0xaa,0x04,0xcb,0x04,0xcb,0x04,0xcb,0x04,0xcb,0x04,0xeb,0x04,0xcb,0x04,0xeb,0x0c,
  0xcb,0x04,0xeb,0x0c,0xeb,0x0c,0xec,0x0c,0xeb,0x0c,0xec,0x0c,0xec,0x0c,0x0c,0x15,0xec,0x0c,0x0c,0x15,0xec,0x14,0x0c,0x15,
  0x0c,0x15,0x0c,0x15,0x0c,0x15,0x0d,0x1d,0x0c,0x15,0x2d,0x1d,0x0c,0x1d,0x2d,0x1d,0x0d,0x1d,0x2d,0x1d,0x2d,0x1d,0x2d,0x25,
  0x2d,0x1d,0x2d,0x25,0x2d,0x25,0x4e,0x25,0x2d,0x25,0x4e,0x25,0x2d,0x25,0x4e,0x2d,0x4e,0x25,0x4e,0x2d,0x4e,0x2d,0x4e,0x2d,
  0x4e,0x2d,0x6e,0x2d,0x4e,0x2d,0x6f,0x35,0x4e,0x2d,0x6f,0x35,0x6e,0x35,0x6f,0x35,0x6f,0x35,0x90,0x45,0x00,0x00,0x00,0x00,
  0x00,0x00,0x00,0x00,0x00,0x00,0x00,0x00,0x00,0x00,0x00,0x00,0x00,0x00,0x00,0x00,0x00,0x00,0x00,0x00,0x00,0x00,0x00,0x00,
  0x00,0x00,0x00,0x00,0x00,0x00,0x00,0x00,0x00,0x00,0x00,0x00,0x00,0x00,0x00,0x00,0x00,0x00,0x00,0x00,0x00,0x00,0x00,0x00,
  0x00,0x00,0x00,0x00,0x00,0x00,0x00,0x00,0x00,0x00,0x00,0x00,0x00,0x00,0x00,0x00,0x00,0x00,0x00,0x00,0x00,0x00,0x00,0x00,
  0x00,0x00,0x00,0x00,0x00,0x00,0x00,0x00,0x00,0x00,0x00,0x00,0x00,0x00,0x00,0x00,0x00,0x00,0x00,0x00,0x00,0x00,0x00,0x00,
  0x00,0x00,0x00,0x00,0x00,0x00,0x00,0x00,0x6a,0x04,0x8a,0x04,0x8a,0x04,0x8b,0x04,0x8a,0x04,0x8b,0x04,0x8a,0x04,0xab,0x04,
  0x8a,0x04,0xab,0x04,0xaa,0x04,0xab,0x04,0xaa,0x04,0xcb,0x04,0xaa,0x04,0xcb,0x04,0xab,0x04,0xcb,0x04,0xcb,0x04,0xcb,0x04,
  0xcb,0x04,0xeb,0x04,0xcb,0x04,0xec,0x0c,0xcb,0x04,0xec,0x0c,0xeb,0x0c,0xec,0x0c,0xeb,0x0c,0xec,0x0c,0xeb,0x0c,0x0c,0x15,
  0xec,0x0c,0x0c,0x15,0xec,0x14,0x0d,0x15,0x0c,0x15,0x0d,0x15,0x0c,0x15,0x0d,0x1d,0x0c,0x15,0x2d,0x1d,0x0c,0x1d,0x2d,0x1d,
  0x2d,0x1d,0x2d,0x1d,0x2d,0x1d,0x2e,0x25,0x2d,0x1d,0x4e,0x25,0x2d,0x25,0x4e,0x25,0x2d,0x25,0x4e,0x25,0x4d,0x25,0x4e,0x2d,
  0x4e,0x25,0x4e,0x2d,0x4e,0x2d,0x6f,0x2d,0x4e,0x2d,0x6f,0x2d,0x4e,0x2d,0x6f,0x35,0x6e,0x2d,0x6f,0x35,0x6e,0x35,0x6f,0x35,
  0x6f,0x35,0x8f,0x35,0x6f,0x35,0x90,0x3d,0x00,0x00,0x00,0x00,0x00,0x00,0x00,0x00,0x00,0x00,0x00,0x00,0x00,0x00,0x00,0x00,
  0x00,0x00,0x00,0x00,0x00,0x00,0x00,0x00,0x00,0x00,0x00,0x00,0x00,0x00,0x00,0x00,0x00,0x00,0x00,0x00,0x00,0x00,0x00,0x00,
  0x00,0x00,0x00,0x00,0x00,0x00,0x00,0x00,0x00,0x00,0x00,0x00,0x00,0x00,0x00,0x00,0x00,0x00,0x00,0x00,0x00,0x00,0x00,0x00,
  0x00,0x00,0x00,0x00,0x00,0x00,0x00,0x00,0x00,0x00,0x00,0x00,0x00,0x00,0x00,0x00,0x00,0x00,0x00,0x00,0x00,0x00,0x00,0x00,
  0x00,0x00,0x00,0x00,0x00,0x00,0x00,0x00,0x00,0x00,0x00,0x00,0x00,0x00,0x00,0x00,0x00,0x00,0x6a,0x04,0x6a,0x04,0x8a,0x04,
  0x6a,0x04,0x8a,0x04,0x8a,0x04,0x8a,0x04,0x8a,0x04,0x8a,0x04,0x8a,0x04,0xab,0x04,0x8a,0x04,0xab,0x04,0xaa,0x04,0xab,0x04,
  0xaa,0x04,0xcb,0x04,0xaa,0x04,0xcb,0x04,0xca,0x04,0xcb,0x04,0xcb,0x04,0xcb,0x04,0xcb,0x04,0xeb,0x04,0xcb,0x04,0xeb,0x0c,
  0xcb,0x04,0xeb,0x0c,0xeb,0x0c,0xec,0x0c,0xeb,0x0c,0xec,0x0c,0xec,0x0c,0x0c,0x15,0xec,0x0c,0x0c,0x15,0xec,0x14,0x0c,0x15,
  0x0c,0x15,0x0c,0x15,0x0c,0x15,0x0d,0x1d,0x0c,0x15,0x2d,0x1d,0x0d,0x1d,0x2d,0x1d,0x0d,0x1d,0x2d,0x1d,0x2d,0x1d,0x2d,0x25,
  0x2d,0x1d,0x2d,0x25,0x2d,0x25,0x4e,0x25,0x2d,0x25,0x4e,0x25,0x2e,0x25,0x4e,0x2d,0x4e,0x25,0x4e,0x2d,0x4e,0x2d,0x4e,0x2d,
  0x4e,0x2d,0x6e,0x2d,0x4e,0x2d,0x6f,0x35,0x4e,0x2d,0x6f,0x35,0x6f,0x35,0x6f,0x35,0x6f,0x35,0x8f,0x3d,0x00,0x00,0x00,0x00,
  0x00,0x00,0x00,0x00,0x00,0x00,0x00,0x00,0x00,0x00,0x00,0x00,0x00,0x00,0x00,0x00,0x00,0x00,0x00,0x00,0x00,0x00,0x00,0x00,
  0x00,0x00,0x00,0x00,0x00,0x00,0x00,0x00,0x00,0x00,0x00,0x00,0x00,0x00,0x00,0x00,0x00,0x00,0x00,0x00,0x00,0x00,0x00,0x00,
  0x00,0x00,0x00,0x00,0x00,0x00,0x00,0x00,0x00,0x00,0x00,0x00,0x00,0x00,0x00,0x00,0x00,0x00,0x00,0x00,0x00,0x00,0x00,0x00,
  0x00,0x00,0x00,0x00,0x00,0x00,0x00,0x00,0x00,0x00,0x00,0x00,0x00,0x00,0x00,0x00,0x00,0x00,0x00,0x00,0x00,0x00,0x00,0x00,
  0x00,0x00,0x00,0x00,0x6a,0x04,0x8a,0x04,0x6a,0x04,0x8a,0x04,0x8a,0x04,0x8b,0x04,0x8a,0x04,0x8b,0x04,0x8a,0x04,0xab,0x04,
  0x8a,0x04,0xab,0x04,0xaa,0x04,0xab,0x04,0xaa,0x04,0xcb,0x04,0xaa,0x04,0xcb,0x04,0xcb,0x04,0xcb,0x04,0xcb,0x04,0xcb,0x04,
  0xcb,0x04,0xeb,0x04,0xcb,0x04,0xec,0x0c,0xeb,0x04,0xec,0x0c,0xeb,0x0c,0xec,0x0c,0xeb,0x0c,0x0c,0x0d,0xec,0x0c,0x0c,0x15,
  0xec,0x0c,0x0c,0x15,0x0c,0x15,0x0d,0x15,0x0c,0x15,0x0d,0x15,0x0c,0x15,0x2d,0x1d,0x0c,0x15,0x2d,0x1d,0x0d,0x1d,0x2d,0x1d,
  0x2d,0x1d,0x2d,0x1d,0x2d,0x1d,0x2e,0x25,0x2d,0x1d,0x4e,0x25,0x2d,0x25,0x4e,0x25,0x2d,0x25,0x4e,0x25,0x4e,0x25,0x4e,0x2d,
  0x4e,0x25,0x4e,0x2d,0x4e,0x2d,0x6f,0x2d,0x4e,0x2d,0x6f,0x2d,0x4e,0x2d,0x6f,0x35,0x6e,0x2d,0x6f,0x35,0x6e,0x35,0x6f,0x35,
  0x6f,0x35,0x8f,0x35,0x6f,0x35,0x90,0x3d,0x00,0x00,0x00,0x00,0x00,0x00,0x00,0x00,0x00,0x00,0x00,0x00,0x00,0x00,0x00,0x00,
  0x00,0x00,0x00,0x00,0x00,0x00,0x00,0x00,0x00,0x00,0x00,0x00,0x00,0x00,0x00,0x00,0x00,0x00,0x00,0x00,0x00,0x00,0x00,0x00,
  0x00,0x00,0x00,0x00,0x00,0x00,0x00,0x00,0x00,0x00,0x00,0x00,0x00,0x00,0x00,0x00,0x00,0x00,0x00,0x00,0x00,0x00,0x00,0x00,
  0x00,0x00,0x00,0x00,0x00,0x00,0x00,0x00,0x00,0x00,0x00,0x00,0x00,0x00,0x00,0x00,0x00,0x00,0x00,0x00,0x00,0x00,0x00,0x00,
  0x00,0x00,0x00,0x00,0x00,0x00,0x00,0x00,0x00,0x00,0x00,0x00,0x00,0x00,0x6a,0x04,0x6a,0x04,0x6a,0x04,0x6a,0x04,0x8a,0x04,
  0x6a,0x04,0x8a,0x04,0x8a,0x04,0x8a,0x04,0x8a,0x04,0xaa,0x04,0x8a,0x04,0xab,0x04,0x8a,0x04,0xab,0x04,0xaa,0x04,0xab,0x04,
  0xaa,0x04,0xcb,0x04,0xaa,0x04,0xcb,0x04,0xca,0x04,0xcb,0x04,0xcb,0x04,0xcb,0x04,0xcb,0x04,0xeb,0x04,0xcb,0x04,0xeb,0x0c,
  0xcb,0x04,0xec,0x0c,0xeb,0x0c,0xec,0x0c,0xeb,0x0c,0xec,0x0c,0xec,0x0c,0x0c,0x15,0xec,0x0c,0x0c,0x15,0xec,0x14,0x0c,0x15,
  0x0c,0x15,0x0d,0x15,0x0c,0x15,0x2d,0x1d,0x0c,0x15,0x2d,0x1d,0x0d,0x1d,0x2d,0x1d,0x2d,0x1d,0x2d,0x1d,0x2d,0x1d,0x2d,0x25,
  0x2d,0x1d,0x4e,0x25,0x2d,0x25,0x4e,0x25,0x2d,0x25,0x4e,0x25,0x4e,0x25,0x4e,0x2d,0x4e,0x25,0x4e,0x2d,0x4e,0x2d,0x6e,0x2d,
  0x4e,0x2d,0x6f,0x35,0x4e,0x2d,0x6f,0x35,0x6e,0x2d,0x6f,0x35,0x6f,0x35,0x6f,0x35,0x6f,0x35,0x8f,0x3d,0x70,0x45,0x00,0x00,
  0x00,0x00,0x00,0x00,0x00,0x00,0x00,0x00,0x00,0x00,0x00,0x00,0x00,0x00,0x00,0x00,0x00,0x00,0x00,0x00,0x00,0x00,0x00,0x00,
  0x00,0x00,0x00,0x00,0x00,0x00,0x00,0x00,0x00,0x00,0x00,0x00,0x00,0x00,0x00,0x00,0x00,0x00,0x00,0x00,0x00,0x00,0x00,0x00,
  0x00,0x00,0x00,0x00,0x00,0x00,0x00,0x00,0x00,0x00,0x00,0x00,0x00,0x00,0x00,0x00,0x00,0x00,0x00,0x00,0x00,0x00,0x00,0x00,
  0x00,0x00,0x00,0x00,0x00,0x00,0x00,0x00,0x00,0x00,0x00,0x00,0x00,0x00,0x00,0x00,0x00,0x00,0x00,0x00,0x00,0x00,0x00,0x00,
  0x6a,0x04,0x6a,0x04,0x6a,0x04,0x8a,0x04,0x6a,0x04,0x8a,0x04,0x8a,0x04,0x8b,0x04,0x8a,0x04,0xab,0x04,0x8a,0x04,0xab,0x04,
  0x8a,0x04,0xab,0x04,0xaa,0x04,0xab,0x04,0xaa,0x04,0xcb,0x04,0xaa,0x04,0xcb,0x04,0xcb,0x04,0xcb,0x04,0xcb,0x04,0xeb,0x04,
  0xcb,0x04,0xeb,0x04,0xcb,0x04,0xec,0x0c,0xeb,0x04,0xec,0x0c,0xeb,0x0c,0xec,0x0c,0xeb,0x0c,0x0c,0x0d,0xec,0x0c,0x0c,0x15,
  0xec,0x0c,0x0c,0x15,0x0c,0x15,0x0d,0x15,0x0c,0x15,0x0d,0x15,0x0c,0x15,0x2d,0x1d,0x0c,0x15,0x2d,0x1d,0x0d,0x1d,0x2d,0x1d,
  0x2d,0x1d,0x2d,0x25,0x2d,0x1d,0x2e,0x25,0x2d,0x25,0x4e,0x25,0x2d,0x25,0x4e,0x25,0x2d,0x25,0x4e,0x2d,0x4e,0x25,0x4e,0x2d,
  0x4e,0x2d,0x4e,0x2d,0x4e,0x2d,0x6f,0x2d,0x4e,0x2d,0x6f,0x35,0x4e,0x2d,0x6f,0x35,0x6e,0x35,0x6f,0x35,0x6f,0x35,0x6f,0x35,
  0x6f,0x35,0x8f,0x3d,0x6f,0x35,0x90,0x3d,0x90,0x45,0x00,0x00,0x00,0x00,0x00,0x00,0x00,0x00,0x00,0x00,0x00,0x00,0x00,0x00,
  0x00,0x00,0x00,0x00,0x00,0x00,0x00,0x00,0x00,0x00,0x00,0x00,0x00,0x00,0x00,0x00,0x00,0x00,0x00,0x00,0x00,0x00,0x00,0x00,
  0x00,0x00,0x00,0x00,0x00,0x00,0x00,0x00,0x00,0x00,0x00,0x00,0x00,0x00,0x00,0x00,0x00,0x00,0x00,0x00,0x00,0x00,0x00,0x00,
  0x00,0x00,0x00,0x00,0x00,0x00,0x00,0x00,0x00,0x00,0x00,0x00,0x00,0x00,0x00,0x00,0x00,0x00,0x00,0x00,0x00,0x00,0x00,0x00,
  0x00,0x00,0x00,0x00,0x00,0x00,0x00,0x00,0x00,0x00,0x6a,0x04,0x6a,0x04,0x6a,0x04,0x6a,0x04,0x6a,0x04,0x6a,0x04,0x8a,0x04,
  0x6a,0x04,0x8a,0x04,0x8a,0x04,0x8a,0x04,0x8a,0x04,0xaa,0x04,0x8a,0x04,0xab,0x04,0xaa,0x04,0xab,0x04,0xaa,0x04,0xab,0x04,
  0xaa,0x04,0xcb,0x04,0xaa,0x04,0xcb,0x04,0xca,0x04,0xcb,0x04,0xcb,0x04,0xeb,0x04,0xcb,0x04,0xeb,0x04,0xcb,0x04,0xec,0x0c,
  0xeb,0x04,0xec,0x0c,0xeb,0x0c,0xec,0x0c,0xeb,0x0c,0x0c,0x15,0xec,0x0c,0x0c,0x15,0xec,0x0c,0x0c,0x15,0x0c,0x15,0x0d,0x15,
  0x0c,0x15,0x0d,0x1d,0x0c,0x15,0x2d,0x1d,0x0c,0x15,0x2d,0x1d,0x0d,0x1d,0x2d,0x1d,0x2d,0x1d,0x2d,0x25,0x2d,0x1d,0x2e,0x25,
  0x2d,0x1d,0x4e,0x25,0x2d,0x25,0x4e,0x25,0x2d,0x25,0x4e,0x2d,0x4e,0x25,0x4e,0x2d,0x4e,0x25,0x4e,0x2d,0x4e,0x2d,0x6f,0x2d,
  0x4e,0x2d,0x6f,0x35,0x4e,0x2d,0x6f,0x35,0x6e,0x2d,0x6f,0x35,0x6f,0x35,0x6f,0x35,0x6f,0x35,0x8f,0x3d,0x6f,0x35,0x00,0x00,
  0x00,0x00,0x00,0x00,0x00,0x00,0x00,0x00,0x00,0x00,0x00,0x00,0x00,0x00,0x00,0x00,0x00,0x00,0x00,0x00,0x00,0x00,0x00,0x00,
  0x00,0x00,0x00,0x00,0x00,0x00,0x00,0x00,0x00,0x00,0x00,0x00,0x00,0x00,0x00,0x00,0x00,0x00,0x00,0x00,0x00,0x00,0x00,0x00,
  0x00,0x00,0x00,0x00,0x00,0x00,0x00,0x00,0x00,0x00,0x00,0x00,0x00,0x00,0x00,0x00,0x00,0x00,0x00,0x00,0x00,0x00,0x00,0x00,
  0x00,0x00,0x00,0x00,0x00,0x00,0x00,0x00,0x00,0x00,0x00,0x00,0x00,0x00,0x00,0x00,0x00,0x00,0x00,0x00,0x6a,0x04,0x6a,0x04,
  0x6a,0x04,0x6a,0x04,0x6a,0x04,0x8a,0x04,0x6a,0x04,0x8a,0x04,0x8a,0x04,0x8b,0x04,0x8a,0x04,0xab,0x04,0x8a,0x04,0xab,0x04,
  0xaa,0x04,0xab,0x04,0xaa,0x04,0xab,0x04,0xab,0x04,0xcb,0x04,0xaa,0x04,0xcb,0x04,0xcb,0x04,0xcb,0x04,0xcb,0x04,0xeb,0x04,
  0xcb,0x04,0xeb,0x0c,0xcb,0x04,0xec,0x0c,0xeb,0x0c,0xec,0x0c,0xeb,0x0c,0xec,0x0c,0xec,0x0c,0x0c,0x15,0xec,0x0c,0x0c,0x15,
  0xec,0x14,0x0c,0x15,0x0c,0x15,0x0d,0x15,0x0c,0x15,0x0d,0x1d,0x0c,0x15,0x2d,0x1d,0x0d,0x1d,0x2d,0x1d,0x0d,0x1d,0x2d,0x1d,
  0x2d,0x1d,0x2d,0x25,0x2d,0x1d,0x2e,0x25,0x2d,0x25,0x4e,0x25,0x2d,0x25,0x4e,0x25,0x2e,0x25,0x4e,0x2d,0x4e,0x25,0x4e,0x2d,
  0x4e,0x2d,0x4e,0x2d,0x4e,0x2d,0x6f,0x2d,0x4e,0x2d,0x6f,0x35,0x4e,0x2d,0x6f,0x35,0x6f,0x35,0x6f,0x35,0x6f,0x35,0x6f,0x35,
  0x6f,0x35,0x8f,0x3d,0x6f,0x35,0x90,0x3d,0x8f,0x3d,0x00,0x00,0x00,0x00,0x00,0x00,0x00,0x00,0x00,0x00,0x00,0x00,0x00,0x00,
  0x00,0x00,0x00,0x00,0x00,0x00,0x00,0x00,0x00,0x00,0x00,0x00,0x00,0x00,0x00,0x00,0x00,0x00,0x00,0x00,0x00,0x00,0x00,0x00,
  0x00,0x00,0x00,0x00,0x00,0x00,0x00,0x00,0x00,0x00,0x00,0x00,0x00,0x00,0x00,0x00,0x00,0x00,0x00,0x00,0x00,0x00,0x00,0x00,
  0x00,0x00,0x00,0x00,0x00,0x00,0x00,0x00,0x00,0x00,0x00,0x00,0x00,0x00,0x00,0x00,0x00,0x00,0x00,0x00,0x00,0x00,0x00,0x00,
  0x00,0x00,0x00,0x00,0x00,0x00,0x6a,0x04,0x49,0x04,0x6a,0x04,0x6a,0x04,0x6a,0x04,0x6a,0x04,0x8a,0x04,0x6a,0x04,0x8a,0x04,
  0x6a,0x04,0x8a,0x04,0x8a,0x04,0x8a,0x04,0x8a,0x04,0xaa,0x04,0x8a,0x04,0xab,0x04,0xaa,0x04,0xab,0x04,0xaa,0x04,0xab,0x04,
  0xaa,0x04,0xcb,0x04,0xaa,0x04,0xcb,0x04,0xca,0x04,0xcb,0x04,0xcb,0x04,0xeb,0x04,0xcb,0x04,0xeb,0x0c,0xcb,0x04,0xec,0x0c,
  0xeb,0x04,0xec,0x0c,0xeb,0x0c,0xec,0x0c,0xeb,0x0c,0x0c,0x15,0xec,0x0c,0x0c,0x15,0xec,0x0c,0x0c,0x15,0x0c,0x15,0x0d,0x15,
  0x0c,0x15,0x0d,0x1d,0x0c,0x15,0x2d,0x1d,0x0c,0x15,0x2d,0x1d,0x0d,0x1d,0x2d,0x1d,0x2d,0x1d,0x2d,0x25,0x2d,0x1d,0x2e,0x25,
  0x2d,0x1d,0x4e,0x25,0x2d,0x25,0x4e,0x25,0x2d,0x25,0x4e,0x2d,0x4e,0x25,0x4e,0x2d,0x4e,0x25,0x4e,0x2d,0x4e,0x2d,0x6f,0x2d,
  0x4e,0x2d,0x6f,0x35,0x4e,0x2d,0x6f,0x35,0x6e,0x2d,0x6f,0x35,0x6f,0x35,0x6f,0x35,0x6f,0x35,0x8f,0x3d,0x6f,0x35,0x00,0x00,
  0x00,0x00,0x00,0x00,0x00,0x00,0x00,0x00,0x00,0x00,0x00,0x00,0x00,0x00,0x00,0x00,0x00,0x00,0x00,0x00,0x00,0x00,0x00,0x00,
  0x00,0x00,0x00,0x00,0x00,0x00,0x00,0x00,0x00,0x00,0x00,0x00,0x00,0x00,0x00,0x00,0x00,0x00,0x00,0x00,0x00,0x00,0x00,0x00,
  0x00,0x00,0x00,0x00,0x00,0x00,0x00,0x00,0x00,0x00,0x00,0x00,0x00,0x00,0x00,0x00,0x00,0x00,0x00,0x00,0x00,0x00,0x00,0x00,
  0x00,0x00,0x00,0x00,0x00,0x00,0x00,0x00,0x00,0x00,0x00,0x00,0x00,0x00,0x00,0x00,0x4a,0x04,0x6a,0x04,0x6a,0x04,0x6a,0x04,
  0x6a,0x04,0x8a,0x04,0x6a,0x04,0x8a,0x04,0x6a,0x04,0x8a,0x04,0x8a,0x04,0x8b,0x04,0x8a,0x04,0xab,0x04,0x8a,0x04,0xab,0x04,
  0xaa,0x04,0xab,0x04,0xaa,0x04,0xab,0x04,0xab,0x04,0xcb,0x04,0xaa,0x04,0xcb,0x04,0xcb,0x04,0xcb,0x04,0xcb,0x04,0xeb,0x04,
  0xcb,0x04,0xeb,0x0c,0xcb,0x04,0xec,0x0c,0xeb,0x0c,0xec,0x0c,0xeb,0x0c,0xec,0x0c,0xec,0x0c,0x0c,0x15,0xec,0x0c,0x0c,0x15,
  0xec,0x14,0x0c,0x15,0x0c,0x15,0x0d,0x15,0x0c,0x15,0x0d,0x1d,0x0c,0x15,0x2d,0x1d,0x0d,0x1d,0x2d,0x1d,0x0d,0x1d,0x2d,0x1d,
  0x2d,0x1d,0x2d,0x25,0x2d,0x1d,0x2e,0x25,0x2d,0x25,0x4e,0x25,0x2d,0x25,0x4e,0x25,0x2e,0x25,0x4e,0x2d,0x4e,0x25,0x4e,0x2d,
  0x4e,0x2d,0x4e,0x2d,0x4e,0x2d,0x6f,0x2d,0x4e,0x2d,0x6f,0x35,0x4e,0x2d,0x6f,0x35,0x6f,0x35,0x6f,0x35,0x6f,0x35,0x6f,0x3d,
  0x6f,0x35,0x8f,0x3d,0x6f,0x35,0x90,0x3d,0x6f,0x3d,0x90,0x45,0x00,0x00,0x00,0x00,0x00,0x00,0x00,0x00,0x00,0x00,0x00,0x00,
  0x00,0x00,0x00,0x00,0x00,0x00,0x00,0x00,0x00,0x00,0x00,0x00,0x00,0x00,0x00,0x00,0x00,0x00,0x00,0x00,0x00,0x00,0x00,0x00,
  0x00,0x00,0x00,0x00,0x00,0x00,0x00,0x00,0x00,0x00,0x00,0x00,0x00,0x00,0x00,0x00,0x00,0x00,0x00,0x00,0x00,0x00,0x00,0x00,
  0x00,0x00,0x00,0x00,0x00,0x00,0x00,0x00,0x00,0x00,0x00,0x00,0x00,0x00,0x00,0x00,0x00,0x00,0x00,0x00,0x00,0x00,0x00,0x00,
  0x00,0x00,0x4a,0x04,0x49,0x04,0x6a,0x04,0x49,0x04,0x6a,0x04,0x6a,0x04,0x6a,0x04,0x6a,0x04,0x8a,0x04,0x6a,0x04,0x8a,0x04,
  0x6a,0x04,0x8a,0x04,0x8a,0x04,0x8a,0x04,0x8a,0x04,0xaa,0x04,0x8a,0x04,0xab,0x04,0xaa,0x04,0xab,0x04,0xaa,0x04,0xcb,0x04,
  0xaa,0x04,0xcb,0x04,0xaa,0x04,0xcb,0x04,0xca,0x04,0xcb,0x04,0xcb,0x04,0xeb,0x04,0xcb,0x04,0xeb,0x0c,0xcb,0x04,0xec,0x0c,
  0xeb,0x04,0xec,0x0c,0xeb,0x0c,0xec,0x0c,0xeb,0x0c,0x0c,0x15,0xec,0x0c,0x0c,0x15,0xec,0x0c,0x0c,0x15,0x0c,0x15,0x0d,0x15,
  0x0c,0x15,0x0d,0x1d,0x0c,0x15,0x2d,0x1d,0x0c,0x15,0x2d,0x1d,0x0d,0x1d,0x2d,0x1d,0x2d,0x1d,0x2d,0x25,0x2d,0x1d,0x2e,0x25,
  0x2d,0x1d,0x4e,0x25,0x2d,0x25,0x4e,0x2d,0x2d,0x25,0x4e,0x2d,0x4e,0x25,0x4e,0x2d,0x4e,0x2d,0x4e,0x2d,0x4e,0x2d,0x6f,0x35,
  0x4e,0x2d,0x6f,0x35,0x4e,0x2d,0x6f,0x35,0x6e,0x35,0x6f,0x35,0x6f,0x35,0x6f,0x3d,0x6f,0x35,0x8f,0x3d,0x6f,0x35,0x90,0x3d,
  0x00,0x00,0x00,0x00,0x00,0x00,0x00,0x00,0x00,0x00,0x00,0x00,0x00,0x00,0x00,0x00,0x00,0x00,0x00,0x00,0x00,0x00,0x00,0x00,
  0x00,0x00,0x00,0x00,0x00,0x00,0x00,0x00,0x00,0x00,0x00,0x00,0x00,0x00,0x00,0x00,0x00,0x00,0x00,0x00,0x00,0x00,0x00,0x00,
  0x00,0x00,0x00,0x00,0x00,0x00,0x00,0x00,0x00,0x00,0x00,0x00,0x00,0x00,0x00,0x00,0x00,0x00,0x00,0x00,0x00,0x00,0x00,0x00,
  0x00,0x00,0x00,0x00,0x00,0x00,0x00,0x00,0x00,0x00,0x00,0x00,0x4a,0x04,0x6a,0x04,0x4a,0x04,0x6a,0x04,0x6a,0x04,0x6a,0x04,
  0x6a,0x04,0x8a,0x04,0x6a,0x04,0x8b,0x04,0x6a,0x04,0x8a,0x04,0x8a,0x04,0x8b,0x04,0x8a,0x04,0xab,0x04,0x8a,0x04,0xab,0x04,
  0xaa,0x04,0xab,0x04,0xaa,0x04,0xcb,0x04,0xab,0x04,0xcb,0x04,0xaa,0x04,0xcb,0x04,0xcb,0x04,0xcb,0x04,0xcb,0x04,0xeb,0x04,
  0xcb,0x04,0xeb,0x0c,0xcb,0x04,0xec,0x0c,0xeb,0x0c,0xec,0x0c,0xeb,0x0c,0xec,0x0c,0xec,0x0c,0x0c,0x15,0xec,0x0c,0x0c,0x15,
  0xec,0x14,0x0c,0x15,0x0c,0x15,0x0d,0x15,0x0c,0x15,0x0d,0x1d,0x0c,0x15,0x2d,0x1d,0x0d,0x1d,0x2d,0x1d,0x0d,0x1d,0x2d,0x25,
  0x2d,0x1d,0x2d,0x25,0x2d,0x1d,0x2e,0x25,0x2d,0x25,0x4e,0x25,0x2d,0x25,0x4e,0x2d,0x2e,0x25,0x4e,0x2d,0x4e,0x25,0x4e,0x2d,
  0x4e,0x2d,0x6e,0x2d,0x4e,0x2d,0x6f,0x35,0x4e,0x2d,0x6f,0x35,0x6e,0x2d,0x6f,0x35,0x6f,0x35,0x6f,0x35,0x6f,0x35,0x8f,0x3d,
  0x6f,0x35,0x8f,0x3d,0x6f,0x35,0x90,0x3d,0x8f,0x3d,0x90,0x45,0x00,0x00,0x00,0x00,0x00,0x00,0x00,0x00,0x00,0x00,0x00,0x00,
  0x00,0x00,0x00,0x00,0x00,0x00,0x00,0x00,0x00,0x00,0x00,0x00,0x00,0x00,0x00,0x00,0x00,0x00,0x00,0x00,0x00,0x00,0x00,0x00,
  0x00,0x00,0x00,0x00,0x00,0x00,0x00,0x00,0x00,0x00,0x00,0x00,0x00,0x00,0x00,0x00,0x00,0x00,0x00,0x00,0x00,0x00,0x00,0x00,
  0x00,0x00,0x00,0x00,0x00,0x00,0x00,0x00,0x00,0x00,0x00,0x00,0x00,0x00,0x00,0x00,0x00,0x00,0x00,0x00,0x00,0x00,0x4a,0x04,
  0x49,0x04,0x4a,0x04,0x49,0x04,0x6a,0x04,0x49,0x04,0x6a,0x04,0x6a,0x04,0x6a,0x04,0x6a,0x04,0x8a,0x04,0x6a,0x04,0x8a,0x04,
  0x8a,0x04,0x8a,0x04,0x8a,0x04,0x8b,0x04,0x8a,0x04,0xaa,0x04,0x8a,0x04,0xab,0x04,0xaa,0x04,0xab,0x04,0xaa,0x04,0xcb,0x04,
  0xaa,0x04,0xcb,0x04,0xca,0x04,0xcb,0x04,0xca,0x04,0xcb,0x04,0xcb,0x04,0xeb,0x04,0xcb,0x04,0xeb,0x0c,0xcb,0x04,0xec,0x0c,
  0xeb,0x0c,0xec,0x0c,0xeb,0x0c,0xec,0x14,0xeb,0x0c,0x0c,0x15,0xec,0x0c,0x0c,0x15,0xec,0x14,0x0c,0x15,0x0c,0x15,0x0d,0x1d,
  0x0c,0x15,0x0d,0x1d,0x0c,0x15,0x2d,0x1d,0x0c,0x1d,0x2d,0x1d,0x0d,0x1d,0x2d,0x25,0x2d,0x1d,0x2d,0x25,0x2d,0x1d,0x2e,0x25,
  0x2d,0x25,0x4e,0x25,0x2d,0x25,0x4e,0x2d,0x2d,0x25,0x4e,0x2d,0x4e,0x25,0x4e,0x2d,0x4e,0x2d,0x4e,0x2d,0x4e,0x2d,0x6f,0x35,
  0x4e,0x2d,0x6f,0x35,0x4e,0x2d,0x6f,0x35,0x6e,0x35,0x6f,0x35,0x6f,0x35,0x6f,0x3d,0x6f,0x35,0x8f,0x3d,0x6f,0x35,0x90,0x3d,
  0x00,0x00,0x00,0x00,0x00,0x00,0x00,0x00,0x00,0x00,0x00,0x00,0x00,0x00,0x00,0x00,0x00,0x00,0x00,0x00,0x00,0x00,0x00,0x00,
  0x00,0x00,0x00,0x00,0x00,0x00,0x00,0x00,0x00,0x00,0x00,0x00,0x00,0x00,0x00,0x00,0x00,0x00,0x00,0x00,0x00,0x00,0x00,0x00,
  0x00,0x00,0x00,0x00,0x00,0x00,0x00,0x00,0x00,0x00,0x00,0x00,0x00,0x00,0x00,0x00,0x00,0x00,0x00,0x00,0x00,0x00,0x00,0x00,
  0x00,0x00,0x00,0x00,0x00,0x00,0x00,0x00,0x4a,0x04,0x4a,0x04,0x4a,0x04,0x6a,0x04,0x4a,0x04,0x6a,0x04,0x6a,0x04,0x6a,0x04,
  0x6a,0x04,0x8a,0x04,0x6a,0x04,0x8b,0x04,0x8a,0x04,0x8a,0x04,0x8a,0x04,0x8b,0x04,0x8a,0x04,0xab,0x04,0x8a,0x04,0xab,0x04,
  0xaa,0x04,0xab,0x04,0xaa,0x04,0xcb,0x04,0xab,0x04,0xcb,0x04,0xcb,0x04,0xcb,0x04,0xcb,0x04,0xcb,0x04,0xcb,0x04,0xeb,0x0c,
  0xcb,0x04,0xeb,0x0c,0xcb,0x04,0xec,0x0c,0xeb,0x0c,0xec,0x0c,0xeb,0x0c,0xec,0x14,0xec,0x0c,0x0c,0x15,0xec,0x0c,0x0c,0x15,
  0x0c,0x15,0x0c,0x15,0x0c,0x15,0x0d,0x1d,0x0c,0x15,0x2d,0x1d,0x0c,0x15,0x2d,0x1d,0x0d,0x1d,0x2d,0x1d,0x2d,0x1d,0x2d,0x25,
  0x2d,0x1d,0x2d,0x25,0x2d,0x1d,0x4e,0x25,0x2d,0x25,0x4e,0x25,0x2d,0x25,0x4e,0x2d,0x4e,0x25,0x4e,0x2d,0x4e,0x25,0x4e,0x2d,
  0x4e,0x2d,0x6e,0x2d,0x4e,0x2d,0x6f,0x35,0x4e,0x2d,0x6f,0x35,0x6e,0x2d,0x6f,0x35,0x6f,0x35,0x6f,0x35,0x6f,0x35,0x8f,0x3d,
  0x6f,0x35,0x8f,0x3d,0x6f,0x35,0x90,0x3d,0x8f,0x3d,0x90,0x3d,0x00,0x00,0x00,0x00,0x00,0x00,0x00,0x00,0x00,0x00,0x00,0x00,
  0x00,0x00,0x00,0x00,0x00,0x00,0x00,0x00,0x00,0x00,0x00,0x00,0x00,0x00,0x00,0x00,0x00,0x00,0x00,0x00,0x00,0x00,0x00,0x00,
  0x00,0x00,0x00,0x00,0x00,0x00,0x00,0x00,0x00,0x00,0x00,0x00,0x00,0x00,0x00,0x00,0x00,0x00,0x00,0x00,0x00,0x00,0x00,0x00,
  0x00,0x00,0x00,0x00,0x00,0x00,0x00,0x00,0x00,0x00,0x00,0x00,0x00,0x00,0x00,0x00,0x00,0x00,0x4a,0x04,0x49,0x04,0x4a,0x04,
  0x49,0x04,0x6a,0x04,0x49,0x04,0x6a,0x04,0x49,0x04,0x6a,0x04,0x6a,0x04,0x6a,0x04,0x6a,0x04,0x8a,0x04,0x6a,0x04,0x8a,0x04,
  0x8a,0x04,0x8a,0x04,0x8a,0x04,0xab,0x04,0x8a,0x04,0xaa,0x04,0x8a,0x04,0xab,0x04,0xaa,0x04,0xab,0x04,0xaa,0x04,0xcb,0x04,
  0xaa,0x04,0xcb,0x04,0xca,0x04,0xcb,0x04,0xca,0x04,0xcb,0x04,0xcb,0x04,0xeb,0x0c,0xcb,0x04,0xeb,0x0c,0xcb,0x04,0xec,0x0c,
  0xeb,0x0c,0xec,0x0c,0xeb,0x0c,0xec,0x14,0xeb,0x0c,0x0c,0x15,0xec,0x0c,0x0c,0x15,0xec,0x14,0x0c,0x15,0x0c,0x15,0x0d,0x1d,
  0x0c,0x15,0x0d,0x1d,0x0c,0x15,0x2d,0x1d,0x0c,0x1d,0x2d,0x1d,0x0d,0x1d,0x2d,0x25,0x2d,0x1d,0x2d,0x25,0x2d,0x1d,0x2e,0x25,
  0x2d,0x25,0x4e,0x25,0x2d,0x25,0x4e,0x2d,0x4d,0x25,0x4e,0x2d,0x4e,0x25,0x4e,0x2d,0x4e,0x2d,0x6e,0x2d,0x4e,0x2d,0x6f,0x35,
  0x4e,0x2d,0x6f,0x35,0x6e,0x2d,0x6f,0x35,0x6e,0x35,0x6f,0x35,0x6f,0x35,0x8f,0x3d,0x6f,0x35,0x8f,0x3d,0x6f,0x35,0x90,0x3d,
  0x70,0x45,0x00,0x00,0x00,0x00,0x00,0x00,0x00,0x00,0x00,0x00,0x00,0x00,0x00,0x00,0x00,0x00,0x00,0x00,0x00,0x00,0x00,0x00,
  0x00,0x00,0x00,0x00,0x00,0x00,0x00,0x00,0x00,0x00,0x00,0x00,0x00,0x00,0x00,0x00,0x00,0x00,0x00,0x00,0x00,0x00,0x00,0x00,
  0x00,0x00,0x00,0x00,0x00,0x00,0x00,0x00,0x00,0x00,0x00,0x00,0x00,0x00,0x00,0x00,0x00,0x00,0x00,0x00,0x00,0x00,0x00,0x00,
  0x00,0x00,0x00,0x00,0x4a,0x04,0x4a,0x04,0x4a,0x04,0x6a,0x04,0x4a,0x04,0x6a,0x04,0x4a,0x04,0x6a,0x04,0x6a,0x04,0x6a,0x04,
  0x6a,0x04,0x8a,0x04,0x6a,0x04,0x8b,0x04,0x8a,0x04,0x8a,0x04,0x8a,0x04,0xab,0x04,0x8a,0x04,0xab,0x04,0x8a,0x04,0xab,0x04,
  0xaa,0x04,0xab,0x04,0xaa,0x04,0xcb,0x04,0xab,0x04,0xcb,0x04,0xcb,0x04,0xcb,0x04,0xcb,0x04,0xcb,0x04,0xcb,0x04,0xeb,0x0c,
  0xcb,0x04,0xeb,0x0c,0xeb,0x04,0xec,0x0c,0xeb,0x0c,0xec,0x0c,0xeb,0x0c,0x0c,0x15,0xec,0x0c,0x0c,0x15,0xec,0x0c,0x0c,0x15,
  0x0c,0x15,0x0c,0x15,0x0c,0x15,0x0d,0x1d,0x0c,0x15,0x2d,0x1d,0x0c,0x15,0x2d,0x1d,0x0d,0x1d,0x2d,0x1d,0x2d,0x1d,0x2d,0x25,
  0x2d,0x1d,0x2d,0x25,0x2d,0x1d,0x4e,0x25,0x2d,0x25,0x4e,0x25,0x2d,0x25,0x4e,0x2d,0x4e,0x25,0x4e,0x2d,0x4e,0x25,0x4e,0x2d,
  0x4e,0x2d,0x6e,0x2d,0x4e,0x2d,0x6f,0x35,0x4e,0x2d,0x6f,0x35,0x6e,0x2d,0x6f,0x35,0x6f,0x35,0x6f,0x35,0x6f,0x35,0x8f,0x3d,
  0x6f,0x35,0x8f,0x3d,0x6f,0x35,0x90,0x3d,0x8f,0x3d,0x90,0x3d,0x90,0x3d,0x00,0x00,0x00,0x00,0x00,0x00,0x00,0x00,0x00,0x00,
  0x00,0x00,0x00,0x00,0x00,0x00,0x00,0x00,0x00,0x00,0x00,0x00,0x00,0x00,0x00,0x00,0x00,0x00,0x00,0x00,0x00,0x00,0x00,0x00,
  0x00,0x00,0x00,0x00,0x00,0x00,0x00,0x00,0x00,0x00,0x00,0x00,0x00,0x00,0x00,0x00,0x00,0x00,0x00,0x00,0x00,0x00,0x00,0x00,
  0x00,0x00,0x00,0x00,0x00,0x00,0x00,0x00,0x00,0x00,0x00,0x00,0x00,0x00,0x4a,0x04,0x29,0x04,0x4a,0x04,0x49,0x04,0x4a,0x04,
  0x49,0x04,0x6a,0x04,0x4a,0x04,0x6a,0x04,0x69,0x04,0x6a,0x04,0x6a,0x04,0x6a,0x04,0x6a,0x04,0x8a,0x04,0x6a,0x04,0x8a,0x04,
  0x8a,0x04,0x8a,0x04,0x8a,0x04,0xab,0x04,0x8a,0x04,0xaa,0x04,0x8a,0x04,0xab,0x04,0xaa,0x04,0xab,0x04,0xaa,0x04,0xcb,0x04,
  0xaa,0x04,0xcb,0x04,0xca,0x04,0xcb,0x04,0xca,0x04,0xcb,0x04,0xcb,0x04,0xeb,0x0c,0xcb,0x04,0xeb,0x0c,0xeb,0x04,0xec,0x0c,
  0xeb,0x0c,0xec,0x0c,0xeb,0x0c,0x0c,0x15,0xeb,0x0c,0x0c,0x15,0xec,0x0c,0x0c,0x15,0x0c,0x15,0x0c,0x15,0x0c,0x15,0x0d,0x1d,
  0x0c,0x15,0x2d,0x1d,0x0c,0x15,0x2d,0x1d,0x0c,0x1d,0x2d,0x1d,0x2d,0x1d,0x2d,0x25,0x2d,0x1d,0x2d,0x25,0x2d,0x25,0x4e,0x25,
  0x2d,0x25,0x4e,0x25,0x2d,0x25,0x4e,0x2d,0x4d,0x25,0x4e,0x2d,0x4e,0x2d,0x4e,0x2d,0x4e,0x2d,0x6e,0x2d,0x4e,0x2d,0x6f,0x35,
  0x4e,0x2d,0x6f,0x35,0x6e,0x35,0x6f,0x35,0x6e,0x35,0x6f,0x35,0x6f,0x35,0x8f,0x3d,0x6f,0x35,0x8f,0x3d,0x6f,0x3d,0x90,0x3d,
  0x6f,0x3d,0x00,0x00,0x00,0x00,0x00,0x00,0x00,0x00,0x00,0x00,0x00,0x00,0x00,0x00,0x00,0x00,0x00,0x00,0x00,0x00,0x00,0x00,
  0x00,0x00,0x00,0x00,0x00,0x00,0x00,0x00,0x00,0x00,0x00,0x00,0x00,0x00,0x00,0x00,0x00,0x00,0x00,0x00,0x00,0x00,0x00,0x00,
  0x00,0x00,0x00,0x00,0x00,0x00,0x00,0x00,0x00,0x00,0x00,0x00,0x00,0x00,0x00,0x00,0x00,0x00,0x00,0x00,0x00,0x00,0x00,0x00,
  0x49,0x04,0x4a,0x04,0x49,0x04,0x4a,0x04,0x4a,0x04,0x6a,0x04,0x4a,0x04,0x6a,0x04,0x4a,0x04,0x6a,0x04,0x6a,0x04,0x6a,0x04,
  0x6a,0x04,0x8a,0x04,0x6a,0x04,0x8b,0x04,0x8a,0x04,0x8b,0x04,0x8a,0x04,0xab,0x04,0x8a,0x04,0xab,0x04,0x8a,0x04,0xab,0x04,
  0xaa,0x04,0xab,0x04,0xaa,0x04,0xcb,0x04,0xab,0x04,0xcb,0x04,0xcb,0x04,0xcb,0x04,0xcb,0x04,0xeb,0x04,0xcb,0x04,0xeb,0x0c,
  0xcb,0x04,0xeb,0x0c,0xeb,0x04,0xec,0x0c,0xeb,0x0c,0xec,0x0c,0xeb,0x0c,0x0c,0x15,0xec,0x0c,0x0c,0x15,0xec,0x0c,0x0c,0x15,
  0x0c,0x15,0x0c,0x15,0x0c,0x15,0x0d,0x1d,0x0c,0x15,0x2d,0x1d,0x0c,0x15,0x2d,0x1d,0x0d,0x1d,0x2d,0x1d,0x2d,0x1d,0x2d,0x25,
  0x2d,0x1d,0x2d,0x25,0x2d,0x1d,0x4e,0x25,0x2d,0x25,0x4e,0x25,0x2d,0x25,0x4e,0x2d,0x4e,0x25,0x4e,0x2d,0x4e,0x25,0x4e,0x2d,
  0x4e,0x2d,0x6e,0x2d,0x4e,0x2d,0x6f,0x35,0x4e,0x2d,0x6f,0x35,0x6e,0x2d,0x6f,0x35,0x6f,0x35,0x6f,0x35,0x6f,0x35,0x8f,0x3d,
  0x6f,0x35,0x8f,0x3d,0x6f,0x35,0x90,0x3d,0x8f,0x3d,0x90,0x3d,0x90,0x3d,0x00,0x00,0x00,0x00,0x00,0x00,0x00,0x00,0x00,0x00,
  0x00,0x00,0x00,0x00,0x00,0x00,0x00,0x00,0x00,0x00,0x00,0x00,0x00,0x00,0x00,0x00,0x00,0x00,0x00,0x00,0x00,0x00,0x00,0x00,
  0x00,0x00,0x00,0x00,0x00,0x00,0x00,0x00,0x00,0x00,0x00,0x00,0x00,0x00,0x00,0x00,0x00,0x00,0x00,0x00,0x00,0x00,0x00,0x00,
  0x00,0x00,0x00,0x00,0x00,0x00,0x00,0x00,0x00,0x00,0x4a,0x04,0x29,0x04,0x4a,0x04,0x29,0x04,0x4a,0x04,0x49,0x04,0x4a,0x04,
  0x49,0x04,0x6a,0x04,0x4a,0x04,0x6a,0x04,0x69,0x04,0x6a,0x04,0x6a,0x04,0x6a,0x04,0x6a,0x04,0x8a,0x04,0x6a,0x04,0x8a,0x04,
  0x8a,0x04,0x8a,0x04,0x8a,0x04,0xab,0x04,0x8a,0x04,0xab,0x04,0xaa,0x04,0xab,0x04,0xaa,0x04,0xab,0x04,0xaa,0x04,0xcb,0x04,
  0xaa,0x04,0xcb,0x04,0xcb,0x04,0xcb,0x04,0xca,0x04,0xeb,0x04,0xcb,0x04,0xeb,0x0c,0xcb,0x04,0xeb,0x0c,0xeb,0x0c,0xec,0x0c,
  0xeb,0x0c,0xec,0x0c,0xeb,0x0c,0x0c,0x15,0xeb,0x0c,0x0c,0x15,0xec,0x14,0x0c,0x15,0x0c,0x15,0x0c,0x15,0x0c,0x15,0x0d,0x1d,
  0x0c,0x15,0x2d,0x1d,0x0c,0x1d,0x2d,0x1d,0x0c,0x1d,0x2d,0x1d,0x2d,0x1d,0x2d,0x25,0x2d,0x1d,0x2d,0x25,0x2d,0x25,0x4e,0x25,
  0x2d,0x25,0x4e,0x25,0x2d,0x25,0x4e,0x2d,0x4d,0x25,0x4e,0x2d,0x4e,0x2d,0x4e,0x2d,0x4e,0x2d,0x6e,0x2d,0x4e,0x2d,0x6f,0x35,
  0x4e,0x2d,0x6f,0x35,0x6e,0x35,0x6f,0x35,0x6e,0x35,0x6f,0x35,0x6f,0x35,0x8f,0x3d,0x6f,0x35,0x8f,0x3d,0x6f,0x3d,0x90,0x3d,
  0x8f,0x3d,0x90,0x45,0x00,0x00,0x00,0x00,0x00,0x00,0x00,0x00,0x00,0x00,0x00,0x00,0x00,0x00,0x00,0x00,0x00,0x00,0x00,0x00,
  0x00,0x00,0x00,0x00,0x00,0x00,0x00,0x00,0x00,0x00,0x00,0x00,0x00,0x00,0x00,0x00,0x00,0x00,0x00,0x00,0x00,0x00,0x00,0x00,
  0x00,0x00,0x00,0x00,0x00,0x00,0x00,0x00,0x00,0x00,0x00,0x00,0x00,0x00,0x00,0x00,0x00,0x00,0x00,0x00,0x00,0x00,0x4a,0x04,
  0x29,0x04,0x4a,0x04,0x49,0x04,0x4a,0x04,0x4a,0x04,0x6a,0x04,0x4a,0x04,0x6a,0x04,0x6a,0x04,0x6a,0x04,0x6a,0x04,0x6a,0x04,
  0x6a,0x04,0x8a,0x04,0x6a,0x04,0x8b,0x04,0x8a,0x04,0x8b,0x04,0x8a,0x04,0xab,0x04,0x8a,0x04,0xab,0x04,0xaa,0x04,0xab,0x04,
  0xaa,0x04,0xab,0x04,0xaa,0x04,0xcb,0x04,0xab,0x04,0xcb,0x04,0xcb,0x04,0xcb,0x04,0xcb,0x04,0xeb,0x04,0xcb,0x04,0xeb,0x0c,
  0xcb,0x04,0xeb,0x0c,0xeb,0x04,0xec,0x0c,0xeb,0x0c,0xec,0x0c,0xeb,0x0c,0x0c,0x15,0xec,0x0c,0x0c,0x15,0xec,0x0c,0x0c,0x15,
  0x0c,0x15,0x0c,0x15,0x0c,0x15,0x0d,0x1d,0x0c,0x15,0x2d,0x1d,0x0c,0x15,0x2d,0x1d,0x0d,0x1d,0x2d,0x1d,0x2d,0x1d,0x2d,0x25,
  0x2d,0x1d,0x2d,0x25,0x2d,0x1d,0x4e,0x25,0x2d,0x25,0x4e,0x25,0x2d,0x25,0x4e,0x2d,0x4e,0x25,0x4e,0x2d,0x4e,0x25,0x4e,0x2d,
  0x4e,0x2d,0x6e,0x2d,0x4e,0x2d,0x6f,0x35,0x4e,0x2d,0x6f,0x35,0x6e,0x2d,0x6f,0x35,0x6f,0x35,0x6f,0x35,0x6f,0x35,0x8f,0x3d,
  0x6f,0x35,0x8f,0x3d,0x6f,0x35,0x90,0x3d,0x8f,0x3d,0x90,0x3d,0x90,0x3d,0x90,0x45,0x00,0x00,0x00,0x00,0x00,0x00,0x00,0x00,
  0x00,0x00,0x00,0x00,0x00,0x00,0x00,0x00,0x00,0x00,0x00,0x00,0x00,0x00,0x00,0x00,0x00,0x00,0x00,0x00,0x00,0x00,0x00,0x00,
  0x00,0x00,0x00,0x00,0x00,0x00,0x00,0x00,0x00,0x00,0x00,0x00,0x00,0x00,0x00,0x00,0x00,0x00,0x00,0x00,0x00,0x00,0x00,0x00,
  0x00,0x00,0x00,0x00,0x00,0x00,0x00,0x00,0x29,0x04,0x4a,0x04,0x29,0x04,0x4a,0x04,0x29,0x04,0x4a,0x04,0x49,0x04,0x4a,0x04,
  0x49,0x04,0x6a,0x04,0x4a,0x04,0x6a,0x04,0x69,0x04,0x6a,0x04,0x6a,0x04,0x8a,0x04,0x6a,0x04,0x8a,0x04,0x6a,0x04,0x8a,0x04,
  0x8a,0x04,0x8a,0x04,0x8a,0x04,0xab,0x04,0x8a,0x04,0xab,0x04,0xaa,0x04,0xab,0x04,0xaa,0x04,0xcb,0x04,0xaa,0x04,0xcb,0x04,
  0xaa,0x04,0xcb,0x04,0xcb,0x04,0xcb,0x04,0xcb,0x04,0xeb,0x04,0xcb,0x04,0xeb,0x0c,0xcb,0x04,0xeb,0x0c,0xeb,0x0c,0xec,0x0c,
  0xeb,0x0c,0xec,0x0c,0xeb,0x0c,0x0c,0x15,0xec,0x0c,0x0c,0x15,0xec,0x14,0x0c,0x15,0x0c,0x15,0x0c,0x15,0x0c,0x15,0x0d,0x1d,
  0x0c,0x15,0x2d,0x1d,0x0c,0x1d,0x2d,0x1d,0x0d,0x1d,0x2d,0x1d,0x2d,0x1d,0x2d,0x25,0x2d,0x1d,0x2d,0x25,0x2d,0x25,0x4e,0x25,
  0x2d,0x25,0x4e,0x25,0x2d,0x25,0x4e,0x2d,0x4e,0x25,0x4e,0x2d,0x4e,0x2d,0x4e,0x2d,0x4e,0x2d,0x6e,0x2d,0x4e,0x2d,0x6f,0x35,
  0x4e,0x2d,0x6f,0x35,0x6e,0x35,0x6f,0x35,0x6f,0x35,0x6f,0x35,0x6f,0x35,0x8f,0x3d,0x6f,0x35,0x8f,0x3d,0x6f,0x3d,0x90,0x3d,
  0x8f,0x3d,0x90,0x45,0x00,0x00,0x00,0x00,0x00,0x00,0x00,0x00,0x00,0x00,0x00,0x00,0x00,0x00,0x00,0x00,0x00,0x00,0x00,0x00,
  0x00,0x00,0x00,0x00,0x00,0x00,0x00,0x00,0x00,0x00,0x00,0x00,0x00,0x00,0x00,0x00,0x00,0x00,0x00,0x00,0x00,0x00,0x00,0x00,
  0x00,0x00,0x00,0x00,0x00,0x00,0x00,0x00,0x00,0x00,0x00,0x00,0x00,0x00,0x00,0x00,0x00,0x00,0x4a,0x04,0x29,0x04,0x4a,0x04,
  0x29,0x04,0x4a,0x04,0x49,0x04,0x4a,0x04,0x4a,0x04,0x6a,0x04,0x4a,0x04,0x6a,0x04,0x6a,0x04,0x6a,0x04,0x6a,0x04,0x8a,0x04,
  0x6a,0x04,0x8a,0x04,0x6a,0x04,0x8b,0x04,0x8a,0x04,0x8b,0x04,0x8a,0x04,0xab,0x04,0x8a,0x04,0xab,0x04,0xaa,0x04,0xab,0x04,
  0xaa,0x04,0xcb,0x04,0xaa,0x04,0xcb,0x04,0xab,0x04,0xcb,0x04,0xcb,0x04,0xcb,0x04,0xcb,0x04,0xeb,0x04,0xcb,0x04,0xeb,0x0c,
  0xcb,0x04,0xec,0x0c,0xeb,0x04,0xec,0x0c,0xeb,0x0c,0xec,0x0c,0xeb,0x0c,0x0c,0x15,0xec,0x0c,0x0c,0x15,0xec,0x0c,0x0c,0x15,
  0x0c,0x15,0x0d,0x15,0x0c,0x15,0x0d,0x1d,0x0c,0x15,0x2d,0x1d,0x0c,0x15,0x2d,0x1d,0x0d,0x1d,0x2d,0x1d,0x2d,0x1d,0x2d,0x25,
  0x2d,0x1d,0x2e,0x25,0x2d,0x1d,0x4e,0x25,0x2d,0x25,0x4e,0x25,0x2d,0x25,0x4e,0x2d,0x4e,0x25,0x4e,0x2d,0x4e,0x2d,0x4e,0x2d,
  0x4e,0x2d,0x6f,0x2d,0x4e,0x2d,0x6f,0x35,0x4e,0x2d,0x6f,0x35,0x6e,0x35,0x6f,0x35,0x6f,0x35,0x6f,0x35,0x6f,0x35,0x8f,0x3d,
  0x6f,0x35,0x90,0x3d,0x8f,0x3d,0x90,0x3d,0x8f,0x3d,0x90,0x3d,0x8f,0x3d,0xb0,0x45,0x00,0x00,0x00,0x00,0x00,0x00,0x00,0x00,
  0x00,0x00,0x00,0x00,0x00,0x00,0x00,0x00,0x00,0x00,0x00,0x00,0x00,0x00,0x00,0x00,0x00,0x00,0x00,0x00,0x00,0x00,0x00,0x00,
  0x00,0x00,0x00,0x00,0x00,0x00,0x00,0x00,0x00,0x00,0x00,0x00,0x00,0x00,0x00,0x00,0x00,0x00,0x00,0x00,0x00,0x00,0x00,0x00,
  0x00,0x00,0x00,0x00,0x29,0x04,0x2a,0x04,0x29,0x04,0x4a,0x04,0x29,0x04,0x4a,0x04,0x49,0x04,0x4a,0x04,0x49,0x04,0x4a,0x04,
  0x49,0x04,0x6a,0x04,0x4a,0x04,0x6a,0x04,0x6a,0x04,0x6a,0x04,0x6a,0x04,0x8a,0x04,0x6a,0x04,0x8a,0x04,0x8a,0x04,0x8a,0x04,
  0x8a,0x04,0x8a,0x04,0x8a,0x04,0xab,0x04,0x8a,0x04,0xab,0x04,0xaa,0x04,0xab,0x04,0xaa,0x04,0xcb,0x04,0xaa,0x04,0xcb,0x04,
  0xaa,0x04,0xcb,0x04,0xcb,0x04,0xcb,0x04,0xcb,0x04,0xeb,0x04,0xcb,0x04,0xeb,0x0c,0xcb,0x04,0xeb,0x0c,0xeb,0x0c,0xec,0x0c,
  0xeb,0x0c,0xec,0x0c,0xeb,0x0c,0x0c,0x15,0xec,0x0c,0x0c,0x15,0xec,0x14,0x0c,0x15,0x0c,0x15,0x0c,0x15,0x0c,0x15,0x0d,0x1d,
  0x0c,0x15,0x2d,0x1d,0x0c,0x1d,0x2d,0x1d,0x0d,0x1d,0x2d,0x1d,0x2d,0x1d,0x2d,0x25,0x2d,0x1d,0x2d,0x25,0x2d,0x25,0x4e,0x25,
  0x2d,0x25,0x4e,0x25,0x2d,0x25,0x4e,0x2d,0x4e,0x25,0x4e,0x2d,0x4e,0x2d,0x4e,0x2d,0x4e,0x2d,0x6e,0x2d,0x4e,0x2d,0x6f,0x35,
  0x4e,0x2d,0x6f,0x35,0x6e,0x35,0x6f,0x35,0x6f,0x35,0x6f,0x35,0x6f,0x35,0x8f,0x3d,0x6f,0x35,0x8f,0x3d,0x6f,0x3d,0x90,0x3d,
  0x8f,0x3d,0x90,0x45,0x00,0x00,0x00,0x00,0x00,0x00,0x00,0x00,0x00,0x00,0x00,0x00,0x00,0x00,0x00,0x00,0x00,0x00,0x00,0x00,
  0x00,0x00,0x00,0x00,0x00,0x00,0x00,0x00,0x00,0x00,0x00,0x00,0x00,0x00,0x00,0x00,0x00,0x00,0x00,0x00,0x00,0x00,0x00,0x00,
  0x00,0x00,0x00,0x00,0x00,0x00,0x00,0x00,0x00,0x00,0x00,0x00,0x00,0x00,0x2a,0x04,0x29,0x04,0x4a,0x04,0x29,0x04,0x4a,0x04,
  0x49,0x04,0x4a,0x04,0x49,0x04,0x4a,0x04,0x4a,0x04,0x6a,0x04,0x4a,0x04,0x6a,0x04,0x6a,0x04,0x6a,0x04,0x6a,0x04,0x8a,0x04,
  0x6a,0x04,0x8a,0x04,0x8a,0x04,0x8b,0x04,0x8a,0x04,0x8b,0x04,0x8a,0x04,0xab,0x04,0x8a,0x04,0xab,0x04,0xaa,0x04,0xab,0x04,
  0xaa,0x04,0xcb,0x04,0xaa,0x04,0xcb,0x04,0xab,0x04,0xcb,0x04,0xcb,0x04,0xcb,0x04,0xcb,0x04,0xeb,0x04,0xcb,0x04,0xec,0x0c,
  0xcb,0x04,0xec,0x0c,0xeb,0x0c,0xec,0x0c,0xeb,0x0c,0xec,0x0c,0xeb,0x0c,0x0c,0x15,0xec,0x0c,0x0c,0x15,0xec,0x14,0x0d,0x15,
  0x0c,0x15,0x0d,0x15,0x0c,0x15,0x0d,0x1d,0x0c,0x15,0x2d,0x1d,0x0c,0x1d,0x2d,0x1d,0x0d,0x1d,0x2d,0x1d,0x2d,0x1d,0x2e,0x25,
  0x2d,0x1d,0x4e,0x25,0x2d,0x25,0x4e,0x25,0x2d,0x25,0x4e,0x25,0x4d,0x25,0x4e,0x2d,0x4e,0x25,0x4e,0x2d,0x4e,0x2d,0x6f,0x2d,
  0x4e,0x2d,0x6f,0x2d,0x4e,0x2d,0x6f,0x35,0x6e,0x2d,0x6f,0x35,0x6e,0x35,0x6f,0x35,0x6f,0x35,0x8f,0x35,0x6f,0x35,0x90,0x3d,
  0x6f,0x35,0x90,0x3d,0x8f,0x3d,0x90,0x3d,0x8f,0x3d,0x90,0x3d,0x8f,0x3d,0x90,0x45,0x00,0x00,0x00,0x00,0x00,0x00,0x00,0x00,
  0x00,0x00,0x00,0x00,0x00,0x00,0x00,0x00,0x00,0x00,0x00,0x00,0x00,0x00,0x00,0x00,0x00,0x00,0x00,0x00,0x00,0x00,0x00,0x00,
  0x00,0x00,0x00,0x00,0x00,0x00,0x00,0x00,0x00,0x00,0x00,0x00,0x00,0x00,0x00,0x00,0x00,0x00,0x00,0x00,0x00,0x00,0x00,0x00,
  0x09,0x04,0x29,0x04,0x29,0x04,0x2a,0x04,0x29,0x04,0x4a,0x04,0x29,0x04,0x4a,0x04,0x49,0x04,0x4a,0x04,0x49,0x04,0x6a,0x04,
  0x49,0x04,0x6a,0x04,0x4a,0x04,0x6a,0x04,0x6a,0x04,0x6a,0x04,0x6a,0x04,0x8a,0x04,0x6a,0x04,0x8a,0x04,0x8a,0x04,0x8a,0x04,
  0x8a,0x04,0x8a,0x04,0x8a,0x04,0xab,0x04,0x8a,0x04,0xab,0x04,0xaa,0x04,0xab,0x04,0xaa,0x04,0xcb,0x04,0xaa,0x04,0xcb,0x04,
  0xca,0x04,0xcb,0x04,0xcb,0x04,0xcb,0x04,0xcb,0x04,0xeb,0x04,0xcb,0x04,0xeb,0x0c,0xcb,0x04,0xeb,0x0c,0xeb,0x0c,0xec,0x0c,
  0xeb,0x0c,0xec,0x0c,0xec,0x0c,0x0c,0x15,0xec,0x0c,0x0c,0x15,0xec,0x14,0x0c,0x15,0x0c,0x15,0x0c,0x15,0x0c,0x15,0x0d,0x1d,
  0x0c,0x15,0x2d,0x1d,0x0d,0x1d,0x2d,0x1d,0x0d,0x1d,0x2d,0x1d,0x2d,0x1d,0x2d,0x25,0x2d,0x1d,0x2d,0x25,0x2d,0x25,0x4e,0x25,
  0x2d,0x25,0x4e,0x25,0x2e,0x25,0x4e,0x2d,0x4e,0x25,0x4e,0x2d,0x4e,0x2d,0x4e,0x2d,0x4e,0x2d,0x6e,0x2d,0x4e,0x2d,0x6f,0x35,
  0x4e,0x2d,0x6f,0x35,0x6f,0x35,0x6f,0x35,0x6f,0x35,0x8f,0x35,0x6f,0x35,0x8f,0x3d,0x6f,0x35,0x8f,0x3d,0x8f,0x3d,0x90,0x3d,
  0x8f,0x3d,0x90,0x3d,0xf0,0x45,0x00,0x00,0x00,0x00,0x00,0x00,0x00,0x00,0x00,0x00,0x00,0x00,0x00,0x00,0x00,0x00,0x00,0x00,
  0x00,0x00,0x00,0x00,0x00,0x00,0x00,0x00,0x00,0x00,0x00,0x00,0x00,0x00,0x00,0x00,0x00,0x00,0x00,0x00,0x00,0x00,0x00,0x00,
  0x00,0x00,0x00,0x00,0x00,0x00,0x00,0x00,0x00,0x00,0x2a,0x04,0x29,0x04,0x2a,0x04,0x29,0x04,0x4a,0x04,0x29,0x04,0x4a,0x04,
  0x49,0x04,0x4a,0x04,0x49,0x04,0x4a,0x04,0x4a,0x04,0x6a,0x04,0x4a,0x04,0x6a,0x04,0x6a,0x04,0x6a,0x04,0x6a,0x04,0x8a,0x04,
  0x6a,0x04,0x8a,0x04,0x8a,0x04,0x8b,0x04,0x8a,0x04,0x8b,0x04,0x8a,0x04,0xab,0x04,0x8a,0x04,0xab,0x04,0xaa,0x04,0xab,0x04,
  0xaa,0x04,0xcb,0x04,0xaa,0x04,0xcb,0x04,0xcb,0x04,0xcb,0x04,0xcb,0x04,0xcb,0x04,0xcb,0x04,0xeb,0x04,0xcb,0x04,0xec,0x0c,
  0xeb,0x04,0xec,0x0c,0xeb,0x0c,0xec,0x0c,0xeb,0x0c,0x0c,0x0d,0xec,0x0c,0x0c,0x15,0xec,0x0c,0x0c,0x15,0x0c,0x15,0x0d,0x15,
  0x0c,0x15,0x0d,0x15,0x0c,0x15,0x2d,0x1d,0x0c,0x15,0x2d,0x1d,0x0d,0x1d,0x2d,0x1d,0x2d,0x1d,0x2d,0x1d,0x2d,0x1d,0x2e,0x25,
  0x2d,0x1d,0x4e,0x25,0x2d,0x25,0x4e,0x25,0x2d,0x25,0x4e,0x25,0x4d,0x25,0x4e,0x2d,0x4e,0x25,0x4e,0x2d,0x4e,0x2d,0x6f,0x2d,
  0x4e,0x2d,0x6f,0x2d,0x4e,0x2d,0x6f,0x35,0x6e,0x2d,0x6f,0x35,0x6e,0x35,0x6f,0x35,0x6f,0x35,0x8f,0x35,0x6f,0x35,0x90,0x3d,
  0x6f,0x35,0x90,0x3d,0x8f,0x3d,0x90,0x3d,0x8f,0x3d,0x90,0x45,0x8f,0x3d,0xb0,0x45,0xb0,0x45,0x00,0x00,0x00,0x00,0x00,0x00,
  0x00,0x00,0x00,0x00,0x00,0x00,0x00,0x00,0x00,0x00,0x00,0x00,0x00,0x00,0x00,0x00,0x00,0x00,0x00,0x00,0x00,0x00,0x00,0x00,
  0x00,0x00,0x00,0x00,0x00,0x00,0x00,0x00,0x00,0x00,0x00,0x00,0x00,0x00,0x00,0x00,0x00,0x00,0x00,0x00,0x09,0x04,0x29,0x04,
  0x29,0x04,0x29,0x04,0x29,0x04,0x2a,0x04,0x29,0x04,0x4a,0x04,0x29,0x04,0x4a,0x04,0x49,0x04,0x4a,0x04,0x49,0x04,0x6a,0x04,
  0x49,0x04,0x6a,0x04,0x4a,0x04,0x6a,0x04,0x6a,0x04,0x6a,0x04,0x6a,0x04,0x8a,0x04,0x6a,0x04,0x8a,0x04,0x8a,0x04,0x8a,0x04,
  0x8a,0x04,0xaa,0x04,0x8a,0x04,0xab,0x04,0x8a,0x04,0xab,0x04,0xaa,0x04,0xab,0x04,0xaa,0x04,0xcb,0x04,0xaa,0x04,0xcb,0x04,
  0xca,0x04,0xcb,0x04,0xcb,0x04,0xcb,0x04,0xcb,0x04,0xeb,0x04,0xcb,0x04,0xeb,0x0c,0xcb,0x04,0xec,0x0c,0xeb,0x0c,0xec,0x0c,
  0xeb,0x0c,0xec,0x0c,0xec,0x0c,0x0c,0x15,0xec,0x0c,0x0c,0x15,0xec,0x14,0x0c,0x15,0x0c,0x15,0x0d,0x15,0x0c,0x15,0x2d,0x1d,
  0x0c,0x15,0x2d,0x1d,0x0d,0x1d,0x2d,0x1d,0x2d,0x1d,0x2d,0x1d,0x2d,0x1d,0x2d,0x25,0x2d,0x1d,0x4e,0x25,0x2d,0x25,0x4e,0x25,
  0x2d,0x25,0x4e,0x25,0x4e,0x25,0x4e,0x2d,0x4e,0x25,0x4e,0x2d,0x4e,0x2d,0x6e,0x2d,0x4e,0x2d,0x6f,0x35,0x4e,0x2d,0x6f,0x35,
  0x6e,0x2d,0x6f,0x35,0x6f,0x35,0x6f,0x35,0x6f,0x35,0x8f,0x3d,0x6f,0x35,0x8f,0x3d,0x6f,0x35,0x90,0x3d,0x8f,0x3d,0x90,0x3d,
  0x8f,0x3d,0x90,0x45,0x90,0x45,0x00,0x00,0x00,0x00,0x00,0x00,0x00,0x00,0x00,0x00,0x00,0x00,0x00,0x00,0x00,0x00,0x00,0x00,
  0x00,0x00,0x00,0x00,0x00,0x00,0x00,0x00,0x00,0x00,0x00,0x00,0x00,0x00,0x00,0x00,0x00,0x00,0x00,0x00,0x00,0x00,0x00,0x00,
  0x00,0x00,0x00,0x00,0x00,0x00,0x2a,0x04,0x09,0x04,0x2a,0x04,0x29,0x04,0x2a,0x04,0x29,0x04,0x4a,0x04,0x29,0x04,0x4a,0x04,
  0x4a,0x04,0x4a,0x04,0x49,0x04,0x6a,0x04,0x4a,0x04,0x6a,0x04,0x4a,0x04,0x6a,0x04,0x6a,0x04,0x6a,0x04,0x6a,0x04,0x8a,0x04,
  0x6a,0x04,0x8a,0x04,0x8a,0x04,0x8b,0x04,0x8a,0x04,0xab,0x04,0x8a,0x04,0xab,0x04,0x8a,0x04,0xab,0x04,0xaa,0x04,0xab,0x04,
  0xaa,0x04,0xcb,0x04,0xaa,0x04,0xcb,0x04,0xcb,0x04,0xcb,0x04,0xcb,0x04,0xeb,0x04,0xcb,0x04,0xeb,0x04,0xcb,0x04,0xec,0x0c,
  0xeb,0x04,0xec,0x0c,0xeb,0x0c,0xec,0x0c,0xeb,0x0c,0x0c,0x0d,0xec,0x0c,0x0c,0x15,0xec,0x0c,0x0c,0x15,0x0c,0x15,0x0d,0x15,
  0x0c,0x15,0x0d,0x15,0x0c,0x15,0x2d,0x1d,0x0c,0x15,0x2d,0x1d,0x0d,0x1d,0x2d,0x1d,0x2d,0x1d,0x2d,0x1d,0x2d,0x1d,0x2e,0x25,
  0x2d,0x25,0x4e,0x25,0x2d,0x25,0x4e,0x25,0x2d,0x25,0x4e,0x2d,0x4e,0x25,0x4e,0x2d,0x4e,0x2d,0x4e,0x2d,0x4e,0x2d,0x6f,0x2d,
  0x4e,0x2d,0x6f,0x35,0x4e,0x2d,0x6f,0x35,0x6e,0x35,0x6f,0x35,0x6f,0x35,0x6f,0x35,0x6f,0x35,0x8f,0x3d,0x6f,0x35,0x90,0x3d,
  0x6f,0x3d,0x90,0x3d,0x8f,0x3d,0x90,0x3d,0x8f,0x3d,0x90,0x45,0x90,0x3d,0xb0,0x45,0x90,0x45,0x00,0x00,0x00,0x00,0x00,0x00,
  0x00,0x00,0x00,0x00,0x00,0x00,0x00,0x00,0x00,0x00,0x00,0x00,0x00,0x00,0x00,0x00,0x00,0x00,0x00,0x00,0x00,0x00,0x00,0x00,
  0x00,0x00,0x00,0x00,0x00,0x00,0x00,0x00,0x00,0x00,0x00,0x00,0x00,0x00,0x00,0x00,0x09,0x04,0x29,0x04,0x09,0x04,0x29,0x04,
  0x29,0x04,0x29,0x04,0x29,0x04,0x2a,0x04,0x29,0x04,0x4a,0x04,0x29,0x04,0x4a,0x04,0x49,0x04,0x4a,0x04,0x49,0x04,0x6a,0x04,
  0x49,0x04,0x6a,0x04,0x6a,0x04,0x6a,0x04,0x6a,0x04,0x6a,0x04,0x6a,0x04,0x8a,0x04,0x6a,0x04,0x8a,0x04,0x8a,0x04,0x8a,0x04,
  0x8a,0x04,0xaa,0x04,0x8a,0x04,0xab,0x04,0xaa,0x04,0xab,0x04,0xaa,0x04,0xab,0x04,0xaa,0x04,0xcb,0x04,0xaa,0x04,0xcb,0x04,
  0xca,0x04,0xcb,0x04,0xcb,0x04,0xeb,0x04,0xcb,0x04,0xeb,0x04,0xcb,0x04,0xec,0x0c,0xeb,0x04,0xec,0x0c,0xeb,0x0c,0xec,0x0c,
  0xeb,0x0c,0x0c,0x15,0xec,0x0c,0x0c,0x15,0xec,0x0c,0x0c,0x15,0x0c,0x15,0x0d,0x15,0x0c,0x15,0x0d,0x1d,0x0c,0x15,0x2d,0x1d,
  0x0c,0x15,0x2d,0x1d,0x0d,0x1d,0x2d,0x1d,0x2d,0x1d,0x2d,0x25,0x2d,0x1d,0x2e,0x25,0x2d,0x1d,0x4e,0x25,0x2d,0x25,0x4e,0x25,
  0x2d,0x25,0x4e,0x2d,0x4e,0x25,0x4e,0x2d,0x4e,0x25,0x4e,0x2d,0x4e,0x2d,0x6f,0x2d,0x4e,0x2d,0x6f,0x35,0x4e,0x2d,0x6f,0x35,
  0x6e,0x2d,0x6f,0x35,0x6f,0x35,0x6f,0x35,0x6f,0x35,0x8f,0x3d,0x6f,0x35,0x90,0x3d,0x6f,0x35,0x90,0x3d,0x8f,0x3d,0x90,0x3d,
  0x8f,0x3d,0x90,0x45,0x90,0x3d,0x10,0x46,0x00,0x00,0x00,0x00,0x00,0x00,0x00,0x00,0x00,0x00,0x00,0x00,0x00,0x00,0x00,0x00,
  0x00,0x00,0x00,0x00,0x00,0x00,0x00,0x00,0x00,0x00,0x00,0x00,0x00,0x00,0x00,0x00,0x00,0x00,0x00,0x00,0x00,0x00,0x00,0x00,
  0x00,0x00,0x2a,0x04,0x09,0x04,0x2a,0x04,0x29,0x04,0x2a,0x04,0x29,0x04,0x2a,0x04,0x29,0x04,0x4a,0x04,0x29,0x04,0x4a,0x04,
  0x4a,0x04,0x4a,0x04,0x49,0x04,0x6a,0x04,0x4a,0x04,0x6a,0x04,0x6a,0x04,0x6a,0x04,0x6a,0x04,0x6a,0x04,0x6a,0x04,0x8a,0x04,
  0x6a,0x04,0x8a,0x04,0x8a,0x04,0x8b,0x04,0x8a,0x04,0xab,0x04,0x8a,0x04,0xab,0x04,0xaa,0x04,0xab,0x04,0xaa,0x04,0xab,0x04,
  0xab,0x04,0xcb,0x04,0xaa,0x04,0xcb,0x04,0xcb,0x04,0xcb,0x04,0xcb,0x04,0xeb,0x04,0xcb,0x04,0xeb,0x0c,0xcb,0x04,0xec,0x0c,
  0xeb,0x0c,0xec,0x0c,0xeb,0x0c,0xec,0x0c,0xec,0x0c,0x0c,0x15,0xec,0x0c,0x0c,0x15,0xec,0x14,0x0c,0x15,0x0c,0x15,0x0d,0x15,
  0x0c,0x15,0x0d,0x1d,0x0c,0x15,0x2d,0x1d,0x0d,0x1d,0x2d,0x1d,0x0d,0x1d,0x2d,0x1d,0x2d,0x1d,0x2d,0x25,0x2d,0x1d,0x2e,0x25,
  0x2d,0x25,0x4e,0x25,0x2d,0x25,0x4e,0x25,0x2e,0x25,0x4e,0x2d,0x4e,0x25,0x4e,0x2d,0x4e,0x2d,0x4e,0x2d,0x4e,0x2d,0x6f,0x2d,
  0x4e,0x2d,0x6f,0x35,0x4e,0x2d,0x6f,0x35,0x6f,0x35,0x6f,0x35,0x6f,0x35,0x6f,0x35,0x6f,0x35,0x8f,0x3d,0x6f,0x35,0x90,0x3d,
  0x6f,0x3d,0x90,0x3d,0x8f,0x3d,0x90,0x3d,0x90,0x3d,0x90,0x45,0x90,0x3d,0xb0,0x45,0x90,0x45,0xd0,0x45,0x00,0x00,0x00,0x00,
  0x00,0x00,0x00,0x00,0x00,0x00,0x00,0x00,0x00,0x00,0x00,0x00,0x00,0x00,0x00,0x00,0x00,0x00,0x00,0x00,0x00,0x00,0x00,0x00,
  0x00,0x00,0x00,0x00,0x00,0x00,0x00,0x00,0x00,0x00,0x00,0x00,0x09,0x04,0x09,0x04,0x09,0x04,0x29,0x04,0x09,0x04,0x29,0x04,
  0x29,0x04,0x29,0x04,0x29,0x04,0x4a,0x04,0x29,0x04,0x4a,0x04,0x29,0x04,0x4a,0x04,0x49,0x04,0x4a,0x04,0x49,0x04,0x6a,0x04,
  0x49,0x04,0x6a,0x04,0x6a,0x04,0x6a,0x04,0x6a,0x04,0x8a,0x04,0x6a,0x04,0x8a,0x04,0x6a,0x04,0x8a,0x04,0x8a,0x04,0x8a,0x04,
  0x8a,0x04,0xaa,0x04,0x8a,0x04,0xab,0x04,0xaa,0x04,0xab,0x04,0xaa,0x04,0xab,0x04,0xaa,0x04,0xcb,0x04,0xaa,0x04,0xcb,0x04,
  0xca,0x04,0xcb,0x04,0xcb,0x04,0xeb,0x04,0xcb,0x04,0xeb,0x0c,0xcb,0x04,0xec,0x0c,0xeb,0x04,0xec,0x0c,0xeb,0x0c,0xec,0x0c,
  0xeb,0x0c,0x0c,0x15,0xec,0x0c,0x0c,0x15,0xec,0x0c,0x0c,0x15,0x0c,0x15,0x0d,0x15,0x0c,0x15,0x0d,0x1d,0x0c,0x15,0x2d,0x1d,
  0x0c,0x15,0x2d,0x1d,0x0d,0x1d,0x2d,0x1d,0x2d,0x1d,0x2d,0x25,0x2d,0x1d,0x2e,0x25,0x2d,0x1d,0x4e,0x25,0x2d,0x25,0x4e,0x25,
  0x2d,0x25,0x4e,0x2d,0x4e,0x25,0x4e,0x2d,0x4e,0x25,0x4e,0x2d,0x4e,0x2d,0x6f,0x2d,0x4e,0x2d,0x6f,0x35,0x4e,0x2d,0x6f,0x35,
  0x6e,0x2d,0x6f,0x35,0x6f,0x35,0x6f,0x35,0x6f,0x35,0x8f,0x3d,0x6f,0x35,0x90,0x3d,0x6f,0x35,0x90,0x3d,0x8f,0x3d,0x90,0x3d,
  0x8f,0x3d,0x90,0x45,0x90,0x3d,0xb0,0x45,0x00,0x00,0x00,0x00,0x00,0x00,0x00,0x00,0x00,0x00,0x00,0x00,0x00,0x00,0x00,0x00,
  0x00,0x00,0x00,0x00,0x00,0x00,0x00,0x00,0x00,0x00,0x00,0x00,0x00,0x00,0x00,0x00,0x00,0x00,0x00,0x00,0x00,0x00,0x0a,0x04,
  0x09,0x04,0x29,0x04,0x09,0x04,0x2a,0x04,0x29,0x04,0x2a,0x04,0x29,0x04,0x4a,0x04,0x29,0x04,0x4a,0x04,0x29,0x04,0x4a,0x04,
  0x4a,0x04,0x4a,0x04,0x49,0x04,0x6a,0x04,0x4a,0x04,0x6a,0x04,0x6a,0x04,0x6a,0x04,0x6a,0x04,0x8a,0x04,0x6a,0x04,0x8a,0x04,
  0x6a,0x04,0x8a,0x04,0x8a,0x04,0x8b,0x04,0x8a,0x04,0xab,0x04,0x8a,0x04,0xab,0x04,0xaa,0x04,0xab,0x04,0xaa,0x04,0xab,0x04,
  0xab,0x04,0xcb,0x04,0xaa,0x04,0xcb,0x04,0xcb,0x04,0xcb,0x04,0xcb,0x04,0xeb,0x04,0xcb,0x04,0xeb,0x0c,0xcb,0x04,0xec,0x0c,
  0xeb,0x0c,0xec,0x0c,0xeb,0x0c,0xec,0x0c,0xec,0x0c,0x0c,0x15,0xec,0x0c,0x0c,0x15,0xec,0x14,0x0c,0x15,0x0c,0x15,0x0d,0x15,
  0x0c,0x15,0x0d,0x1d,0x0c,0x15,0x2d,0x1d,0x0d,0x1d,0x2d,0x1d,0x0d,0x1d,0x2d,0x1d,0x2d,0x1d,0x2d,0x25,0x2d,0x1d,0x2e,0x25,
  0x2d,0x25,0x4e,0x25,0x2d,0x25,0x4e,0x25,0x2e,0x25,0x4e,0x2d,0x4e,0x25,0x4e,0x2d,0x4e,0x2d,0x4e,0x2d,0x4e,0x2d,0x6f,0x2d,
  0x4e,0x2d,0x6f,0x35,0x4e,0x2d,0x6f,0x35,0x6f,0x35,0x6f,0x35,0x6f,0x35,0x6f,0x3d,0x6f,0x35,0x8f,0x3d,0x6f,0x35,0x90,0x3d,
  0x6f,0x3d,0x90,0x3d,0x8f,0x3d,0x90,0x45,0x90,0x3d,0x90,0x45,0x90,0x3d,0xb0,0x45,0x90,0x45,0xb0,0x45,0x00,0x00,0x00,0x00,
  0x00,0x00,0x00,0x00,0x00,0x00,0x00,0x00,0x00,0x00,0x00,0x00,0x00,0x00,0x00,0x00,0x00,0x00,0x00,0x00,0x00,0x00,0x00,0x00,
  0x00,0x00,0x00,0x00,0x00,0x00,0x00,0x00,0x09,0x04,0x09,0x04,0x09,0x04,0x09,0x04,0x09,0x04,0x29,0x04,0x09,0x04,0x2a,0x04,
  0x29,0x04,0x29,0x04,0x29,0x04,0x4a,0x04,0x29,0x04,0x4a,0x04,0x49,0x04,0x4a,0x04,0x49,0x04,0x4a,0x04,0x49,0x04,0x6a,0x04,
  0x49,0x04,0x6a,0x04,0x6a,0x04,0x6a,0x04,0x6a,0x04,0x8a,0x04,0x6a,0x04,0x8a,0x04,0x6a,0x04,0x8a,0x04,0x8a,0x04,0x8a,0x04,
  0x8a,0x04,0xaa,0x04,0x8a,0x04,0xab,0x04,0xaa,0x04,0xab,0x04,0xaa,0x04,0xcb,0x04,0xaa,0x04,0xcb,0x04,0xaa,0x04,0xcb,0x04,
  0xca,0x04,0xcb,0x04,0xcb,0x04,0xeb,0x04,0xcb,0x04,0xeb,0x0c,0xcb,0x04,0xec,0x0c,0xeb,0x04,0xec,0x0c,0xeb,0x0c,0xec,0x0c,
  0xeb,0x0c,0x0c,0x15,0xec,0x0c,0x0c,0x15,0xec,0x0c,0x0c,0x15,0x0c,0x15,0x0d,0x15,0x0c,0x15,0x0d,0x1d,0x0c,0x15,0x2d,0x1d,
  0x0c,0x15,0x2d,0x1d,0x0d,0x1d,0x2d,0x1d,0x2d,0x1d,0x2d,0x25,0x2d,0x1d,0x2e,0x25,0x2d,0x1d,0x4e,0x25,0x2d,0x25,0x4e,0x2d,
  0x2d,0x25,0x4e,0x2d,0x4e,0x25,0x4e,0x2d,0x4e,0x2d,0x4e,0x2d,0x4e,0x2d,0x6f,0x35,0x4e,0x2d,0x6f,0x35,0x4e,0x2d,0x6f,0x35,
  0x6e,0x35,0x6f,0x35,0x6f,0x35,0x6f,0x3d,0x6f,0x35,0x8f,0x3d,0x6f,0x35,0x90,0x3d,0x6f,0x3d,0x90,0x3d,0x8f,0x3d,0x90,0x45,
  0x8f,0x3d,0x90,0x45,0x90,0x3d,0xb0,0x45,0x00,0x00,0x00,0x00,0x00,0x00,0x00,0x00,0x00,0x00,0x00,0x00,0x00,0x00,0x00,0x00,
  0x00,0x00,0x00,0x00,0x00,0x00,0x00,0x00,0x00,0x00,0x00,0x00,0x00,0x00,0x00,0x00,0x00,0x00,0x09,0x04,0x09,0x04,0x0a,0x04,
  0x09,0x04,0x29,0x04,0x09,0x04,0x2a,0x04,0x29,0x04,0x2a,0x04,0x29,0x04,0x4a,0x04,0x29,0x04,0x4a,0x04,0x29,0x04,0x4a,0x04,
  0x4a,0x04,0x4a,0x04,0x4a,0x04,0x6a,0x04,0x4a,0x04,0x6a,0x04,0x6a,0x04,0x6a,0x04,0x6a,0x04,0x8a,0x04,0x6a,0x04,0x8b,0x04,
  0x6a,0x04,0x8a,0x04,0x8a,0x04,0x8b,0x04,0x8a,0x04,0xab,0x04,0x8a,0x04,0xab,0x04,0xaa,0x04,0xab,0x04,0xaa,0x04,0xcb,0x04,
  0xab,0x04,0xcb,0x04,0xaa,0x04,0xcb,0x04,0xcb,0x04,0xcb,0x04,0xcb,0x04,0xeb,0x04,0xcb,0x04,0xeb,0x0c,0xcb,0x04,0xec,0x0c,
  0xeb,0x0c,0xec,0x0c,0xeb,0x0c,0xec,0x0c,0xec,0x0c,0x0c,0x15,0xec,0x0c,0x0c,0x15,0xec,0x14,0x0c,0x15,0x0c,0x15,0x0d,0x15,
  0x0c,0x15,0x0d,0x1d,0x0c,0x15,0x2d,0x1d,0x0d,0x1d,0x2d,0x1d,0x0d,0x1d,0x2d,0x25,0x2d,0x1d,0x2d,0x25,0x2d,0x1d,0x2e,0x25,
  0x2d,0x25,0x4e,0x25,0x2d,0x25,0x4e,0x2d,0x2e,0x25,0x4e,0x2d,0x4e,0x25,0x4e,0x2d,0x4e,0x2d,0x4e,0x2d,0x4e,0x2d,0x6f,0x35,
  0x4e,0x2d,0x6f,0x35,0x6e,0x2d,0x6f,0x35,0x6f,0x35,0x6f,0x35,0x6f,0x35,0x8f,0x3d,0x6f,0x35,0x8f,0x3d,0x6f,0x35,0x90,0x3d,
  0x8f,0x3d,0x90,0x3d,0x8f,0x3d,0x90,0x45,0x90,0x3d,0xb0,0x45,0x90,0x3d,0xb0,0x45,0x90,0x45,0xb0,0x45,0x12,0x46,0x00,0x00,
  0x00,0x00,0x00,0x00,0x00,0x00,0x00,0x00,0x00,0x00,0x00,0x00,0x00,0x00,0x00,0x00,0x00,0x00,0x00,0x00,0x00,0x00,0x00,0x00,
  0x00,0x00,0x00,0x00,0x09,0x04,0x09,0x04,0x09,0x04,0x09,0x04,0x09,0x04,0x09,0x04,0x09,0x04,0x29,0x04,0x09,0x04,0x2a,0x04,
  0x29,0x04,0x29,0x04,0x29,0x04,0x4a,0x04,0x29,0x04,0x4a,0x04,0x49,0x04,0x4a,0x04,0x49,0x04,0x4a,0x04,0x49,0x04,0x6a,0x04,
  0x49,0x04,0x6a,0x04,0x6a,0x04,0x6a,0x04,0x6a,0x04,0x8a,0x04,0x6a,0x04,0x8a,0x04,0x8a,0x04,0x8a,0x04,0x8a,0x04,0x8b,0x04,
  0x8a,0x04,0xaa,0x04,0x8a,0x04,0xab,0x04,0xaa,0x04,0xab,0x04,0xaa,0x04,0xcb,0x04,0xaa,0x04,0xcb,0x04,0xca,0x04,0xcb,0x04,
  0xca,0x04,0xcb,0x04,0xcb,0x04,0xeb,0x04,0xcb,0x04,0xeb,0x0c,0xcb,0x04,0xec,0x0c,0xeb,0x0c,0xec,0x0c,0xeb,0x0c,0xec,0x14,
  0xeb,0x0c,0x0c,0x15,0xec,0x0c,0x0c,0x15,0xec,0x14,0x0c,0x15,0x0c,0x15,0x0d,0x1d,0x0c,0x15,0x0d,0x1d,0x0c,0x15,0x2d,0x1d,
  0x0c,0x1d,0x2d,0x1d,0x0d,0x1d,0x2d,0x25,0x2d,0x1d,0x2d,0x25,0x2d,0x1d,0x2e,0x25,0x2d,0x25,0x4e,0x25,0x2d,0x25,0x4e,0x2d,
  0x2d,0x25,0x4e,0x2d,0x4e,0x25,0x4e,0x2d,0x4e,0x2d,0x4e,0x2d,0x4e,0x2d,0x6f,0x35,0x4e,0x2d,0x6f,0x35,0x4e,0x2d,0x6f,0x35,
  0x6e,0x35,0x6f,0x35,0x6f,0x35,0x6f,0x3d,0x6f,0x35,0x8f,0x3d,0x6f,0x35,0x90,0x3d,0x6f,0x3d,0x90,0x3d,0x8f,0x3d,0x90,0x45,
  0x8f,0x3d,0x90,0x45,0x90,0x3d,0x90,0x45,0xb0,0x45,0x00,0x00,0x00,0x00,0x00,0x00,0x00,0x00,0x00,0x00,0x00,0x00,0x00,0x00,
  0x00,0x00,0x00,0x00,0x00,0x00,0x00,0x00,0x00,0x00,0x00,0x00,0x00,0x00,0x09,0x04,0x09,0x04,0x09,0x04,0x09,0x04,0x0a,0x04,
  0x09,0x04,0x29,0x04,0x09,0x04,0x2a,0x04,0x29,0x04,0x2a,0x04,0x29,0x04,0x4a,0x04,0x29,0x04,0x4a,0x04,0x49,0x04,0x4a,0x04,
  0x4a,0x04,0x4a,0x04,0x4a,0x04,0x6a,0x04,0x4a,0x04,0x6a,0x04,0x6a,0x04,0x6a,0x04,0x6a,0x04,0x8a,0x04,0x6a,0x04,0x8b,0x04,
  0x8a,0x04,0x8a,0x04,0x8a,0x04,0x8b,0x04,0x8a,0x04,0xab,0x04,0x8a,0x04,0xab,0x04,0xaa,0x04,0xab,0x04,0xaa,0x04,0xcb,0x04,
  0xab,0x04,0xcb,0x04,0xcb,0x04,0xcb,0x04,0xcb,0x04,0xcb,0x04,0xcb,0x04,0xeb,0x0c,0xcb,0x04,0xeb,0x0c,0xcb,0x04,0xec,0x0c,
  0xeb,0x0c,0xec,0x0c,0xeb,0x0c,0xec,0x14,0xec,0x0c,0x0c,0x15,0xec,0x0c,0x0c,0x15,0x0c,0x15,0x0c,0x15,0x0c,0x15,0x0d,0x1d,
  0x0c,0x15,0x2d,0x1d,0x0c,0x15,0x2d,0x1d,0x0d,0x1d,0x2d,0x1d,0x2d,0x1d,0x2d,0x25,0x2d,0x1d,0x2d,0x25,0x2d,0x1d,0x4e,0x25,
  0x2d,0x25,0x4e,0x25,0x2d,0x25,0x4e,0x2d,0x4e,0x25,0x4e,0x2d,0x4e,0x25,0x4e,0x2d,0x4e,0x2d,0x6e,0x2d,0x4e,0x2d,0x6f,0x35,
  0x4e,0x2d,0x6f,0x35,0x6e,0x2d,0x6f,0x35,0x6f,0x35,0x6f,0x35,0x6f,0x35,0x8f,0x3d,0x6f,0x35,0x8f,0x3d,0x6f,0x35,0x90,0x3d,
  0x8f,0x3d,0x90,0x3d,0x8f,0x3d,0x90,0x45,0x90,0x3d,0xb0,0x45,0x90,0x3d,0xb0,0x45,0x90,0x45,0xb0,0x45,0xb0,0x45,0x00,0x00,
  0x00,0x00,0x00,0x00,0x00,0x00,0x00,0x00,0x00,0x00,0x00,0x00,0x00,0x00,0x00,0x00,0x00,0x00,0x00,0x00,0x00,0x00,0x00,0x00,
  0x09,0x04,0x09,0x04,0xe9,0x03,0x09,0x04,0x09,0x04,0x09,0x04,0x09,0x04,0x29,0x04,0x09,0x04,0x29,0x04,0x09,0x04,0x2a,0x04,
  0x29,0x04,0x29,0x04,0x29,0x04,0x4a,0x04,0x29,0x04,0x4a,0x04,0x49,0x04,0x4a,0x04,0x49,0x04,0x6a,0x04,0x49,0x04,0x6a,0x04,
  0x49,0x04,0x6a,0x04,0x6a,0x04,0x6a,0x04,0x6a,0x04,0x8a,0x04,0x6a,0x04,0x8a,0x04,0x8a,0x04,0x8a,0x04,0x8a,0x04,0xab,0x04,
  0x8a,0x04,0xaa,0x04,0x8a,0x04,0xab,0x04,0xaa,0x04,0xab,0x04,0xaa,0x04,0xcb,0x04,0xaa,0x04,0xcb,0x04,0xca,0x04,0xcb,0x04,
  0xca,0x04,0xcb,0x04,0xcb,0x04,0xeb,0x0c,0xcb,0x04,0xeb,0x0c,0xcb,0x04,0xec,0x0c,0xeb,0x0c,0xec,0x0c,0xeb,0x0c,0xec,0x14,
  0xeb,0x0c,0x0c,0x15,0xec,0x0c,0x0c,0x15,0xec,0x14,0x0c,0x15,0x0c,0x15,0x0d,0x1d,0x0c,0x15,0x0d,0x1d,0x0c,0x15,0x2d,0x1d,
  0x0c,0x1d,0x2d,0x1d,0x0d,0x1d,0x2d,0x25,0x2d,0x1d,0x2d,0x25,0x2d,0x1d,0x2e,0x25,0x2d,0x25,0x4e,0x25,0x2d,0x25,0x4e,0x2d,
  0x4d,0x25,0x4e,0x2d,0x4e,0x25,0x4e,0x2d,0x4e,0x2d,0x6e,0x2d,0x4e,0x2d,0x6f,0x35,0x4e,0x2d,0x6f,0x35,0x6e,0x2d,0x6f,0x35,
  0x6e,0x35,0x6f,0x35,0x6f,0x35,0x8f,0x3d,0x6f,0x35,0x8f,0x3d,0x6f,0x35,0x90,0x3d,0x8f,0x3d,0x90,0x3d,0x8f,0x3d,0x90,0x45,
  0x8f,0x3d,0xb0,0x45,0x90,0x45,0xb0,0x45,0xb0,0x45,0x00,0x00,0x00,0x00,0x00,0x00,0x00,0x00,0x00,0x00,0x00,0x00,0x00,0x00,
  0x00,0x00,0x00,0x00,0x00,0x00,0x00,0x00,0x00,0x00,0x09,0x04,0xe9,0x03,0x09,0x04,0x09,0x04,0x09,0x04,0x09,0x04,0x2a,0x04,
  0x09,0x04,0x2a,0x04,0x09,0x04,0x2a,0x04,0x29,0x04,0x2a,0x04,0x29,0x04,0x4a,0x04,0x29,0x04,0x4a,0x04,0x49,0x04,0x4a,0x04,
  0x4a,0x04,0x6a,0x04,0x4a,0x04,0x6a,0x04,0x4a,0x04,0x6a,0x04,0x6a,0x04,0x6a,0x04,0x6a,0x04,0x8a,0x04,0x6a,0x04,0x8b,0x04,
  0x8a,0x04,0x8a,0x04,0x8a,0x04,0xab,0x04,0x8a,0x04,0xab,0x04,0x8a,0x04,0xab,0x04,0xaa,0x04,0xab,0x04,0xaa,0x04,0xcb,0x04,
  0xab,0x04,0xcb,0x04,0xcb,0x04,0xcb,0x04,0xcb,0x04,0xcb,0x04,0xcb,0x04,0xeb,0x0c,0xcb,0x04,0xeb,0x0c,0xeb,0x04,0xec,0x0c,
  0xeb,0x0c,0xec,0x0c,0xeb,0x0c,0x0c,0x15,0xec,0x0c,0x0c,0x15,0xec,0x0c,0x0c,0x15,0x0c,0x15,0x0c,0x15,0x0c,0x15,0x0d,0x1d,
  0x0c,0x15,0x2d,0x1d,0x0c,0x15,0x2d,0x1d,0x0d,0x1d,0x2d,0x1d,0x2d,0x1d,0x2d,0x25,0x2d,0x1d,0x2d,0x25,0x2d,0x1d,0x4e,0x25,
  0x2d,0x25,0x4e,0x25,0x2d,0x25,0x4e,0x2d,0x4e,0x25,0x4e,0x2d,0x4e,0x25,0x4e,0x2d,0x4e,0x2d,0x6e,0x2d,0x4e,0x2d,0x6f,0x35,
  0x4e,0x2d,0x6f,0x35,0x6e,0x2d,0x6f,0x35,0x6f,0x35,0x6f,0x35,0x6f,0x35,0x8f,0x3d,0x6f,0x35,0x8f,0x3d,0x6f,0x35,0x90,0x3d,
  0x8f,0x3d,0x90,0x3d,0x8f,0x3d,0x90,0x45,0x90,0x3d,0xb0,0x45,0x90,0x3d,0xb0,0x45,0x90,0x45,0xb0,0x45,0xb0,0x45,0x00,0x00,
  0x00,0x00,0x00,0x00,0x00,0x00,0x00,0x00,0x00,0x00,0x00,0x00,0x00,0x00,0x00,0x00,0x00,0x00,0x00,0x00,0x0a,0x04,0xe9,0x03,
  0xe8,0x03,0x09,0x04,0xe9,0x03,0x09,0x04,0x09,0x04,0x09,0x04,0x09,0x04,0x29,0x04,0x09,0x04,0x29,0x04,0x29,0x04,0x2a,0x04,
  0x29,0x04,0x2a,0x04,0x29,0x04,0x4a,0x04,0x29,0x04,0x4a,0x04,0x49,0x04,0x4a,0x04,0x49,0x04,0x6a,0x04,0x4a,0x04,0x6a,0x04,
  0x69,0x04,0x6a,0x04,0x6a,0x04,0x6a,0x04,0x6a,0x04,0x8a,0x04,0x6a,0x04,0x8a,0x04,0x8a,0x04,0x8a,0x04,0x8a,0x04,0xab,0x04,
  0x8a,0x04,0xaa,0x04,0x8a,0x04,0xab,0x04,0xaa,0x04,0xab,0x04,0xaa,0x04,0xcb,0x04,0xaa,0x04,0xcb,0x04,0xca,0x04,0xcb,0x04,
  0xca,0x04,0xcb,0x04,0xcb,0x04,0xeb,0x0c,0xcb,0x04,0xeb,0x0c,0xcb,0x04,0xec,0x0c,0xeb,0x0c,0xec,0x0c,0xeb,0x0c,0x0c,0x15,
  0xeb,0x0c,0x0c,0x15,0xec,0x0c,0x0c,0x15,0x0c,0x15,0x0c,0x15,0x0c,0x15,0x0d,0x1d,0x0c,0x15,0x2d,0x1d,0x0c,0x15,0x2d,0x1d,
  0x0c,0x1d,0x2d,0x1d,0x2d,0x1d,0x2d,0x25,0x2d,0x1d,0x2d,0x25,0x2d,0x25,0x4e,0x25,0x2d,0x25,0x4e,0x25,0x2d,0x25,0x4e,0x2d,
  0x4d,0x25,0x4e,0x2d,0x4e,0x2d,0x4e,0x2d,0x4e,0x2d,0x6e,0x2d,0x4e,0x2d,0x6f,0x35,0x4e,0x2d,0x6f,0x35,0x6e,0x35,0x6f,0x35,
  0x6e,0x35,0x6f,0x35,0x6f,0x35,0x8f,0x3d,0x6f,0x35,0x8f,0x3d,0x6f,0x3d,0x90,0x3d,0x8f,0x3d,0x90,0x3d,0x8f,0x3d,0x90,0x45,
  0x8f,0x3d,0xb0,0x45,0x90,0x45,0xb0,0x45,0x90,0x45,0x12,0x56,0x00,0x00,0x00,0x00,0x00,0x00,0x00,0x00,0x00,0x00,0x00,0x00,
  0x00,0x00,0x00,0x00,0x00,0x00,0x00,0x00,0xe9,0x03,0x09,0x04,0xe9,0x03,0x09,0x04,0x09,0x04,0x09,0x04,0x09,0x04,0x2a,0x04,
  0x09,0x04,0x2a,0x04,0x29,0x04,0x2a,0x04,0x29,0x04,0x2a,0x04,0x29,0x04,0x4a,0x04,0x29,0x04,0x4a,0x04,0x49,0x04,0x4a,0x04,
  0x4a,0x04,0x6a,0x04,0x4a,0x04,0x6a,0x04,0x4a,0x04,0x6a,0x04,0x6a,0x04,0x6a,0x04,0x6a,0x04,0x8a,0x04,0x6a,0x04,0x8b,0x04,
  0x8a,0x04,0x8b,0x04,0x8a,0x04,0xab,0x04,0x8a,0x04,0xab,0x04,0x8a,0x04,0xab,0x04,0xaa,0x04,0xab,0x04,0xaa,0x04,0xcb,0x04,
  0xab,0x04,0xcb,0x04,0xcb,0x04,0xcb,0x04,0xcb,0x04,0xeb,0x04,0xcb,0x04,0xeb,0x0c,0xcb,0x04,0xeb,0x0c,0xeb,0x04,0xec,0x0c,
  0xeb,0x0c,0xec,0x0c,0xeb,0x0c,0x0c,0x15,0xec,0x0c,0x0c,0x15,0xec,0x0c,0x0c,0x15,0x0c,0x15,0x0c,0x15,0x0c,0x15,0x0d,0x1d,
  0x0c,0x15,0x2d,0x1d,0x0c,0x15,0x2d,0x1d,0x0d,0x1d,0x2d,0x1d,0x2d,0x1d,0x2d,0x25,0x2d,0x1d,0x2d,0x25,0x2d,0x1d,0x4e,0x25,
  0x2d,0x25,0x4e,0x25,0x2d,0x25,0x4e,0x2d,0x4e,0x25,0x4e,0x2d,0x4e,0x25,0x4e,0x2d,0x4e,0x2d,0x6e,0x2d,0x4e,0x2d,0x6f,0x35,
  0x4e,0x2d,0x6f,0x35,0x6e,0x2d,0x6f,0x35,0x6f,0x35,0x6f,0x35,0x6f,0x35,0x8f,0x3d,0x6f,0x35,0x8f,0x3d,0x6f,0x35,0x90,0x3d,
  0x8f,0x3d,0x90,0x3d,0x8f,0x3d,0x90,0x45,0x90,0x3d,0xb0,0x45,0x90,0x3d,0xb0,0x45,0x90,0x45,0xb0,0x45,0xb0,0x45,0xd1,0x4d,
  0x00,0x00,0x00,0x00,0x00,0x00,0x00,0x00,0x00,0x00,0x00,0x00,0x00,0x00,0x00,0x00,0x00,0x00,0xe9,0x03,0xe9,0x03,0x09,0x04,
  0xe8,0x03,0x09,0x04,0xe9,0x03,0x09,0x04,0x09,0x04,0x09,0x04,0x09,0x04,0x29,0x04,0x09,0x04,0x29,0x04,0x29,0x04,0x2a,0x04,
  0x29,0x04,0x4a,0x04,0x29,0x04,0x4a,0x04,0x29,0x04,0x4a,0x04,0x49,0x04,0x4a,0x04,0x49,0x04,0x6a,0x04,0x4a,0x04,0x6a,0x04,
  0x69,0x04,0x6a,0x04,0x6a,0x04,0x6a,0x04,0x6a,0x04,0x8a,0x04,0x6a,0x04,0x8a,0x04,0x8a,0x04,0x8a,0x04,0x8a,0x04,0xab,0x04,
  0x8a,0x04,0xab,0x04,0xaa,0x04,0xab,0x04,0xaa,0x04,0xab,0x04,0xaa,0x04,0xcb,0x04,0xaa,0x04,0xcb,0x04,0xcb,0x04,0xcb,0x04,
  0xca,0x04,0xeb,0x04,0xcb,0x04,0xeb,0x0c,0xcb,0x04,0xeb,0x0c,0xeb,0x0c,0xec,0x0c,0xeb,0x0c,0xec,0x0c,0xeb,0x0c,0x0c,0x15,
  0xeb,0x0c,0x0c,0x15,0xec,0x14,0x0c,0x15,0x0c,0x15,0x0c,0x15,0x0c,0x15,0x0d,0x1d,0x0c,0x15,0x2d,0x1d,0x0c,0x1d,0x2d,0x1d,
  0x0c,0x1d,0x2d,0x1d,0x2d,0x1d,0x2d,0x25,0x2d,0x1d,0x2d,0x25,0x2d,0x25,0x4e,0x25,0x2d,0x25,0x4e,0x25,0x2d,0x25,0x4e,0x2d,
  0x4d,0x25,0x4e,0x2d,0x4e,0x2d,0x4e,0x2d,0x4e,0x2d,0x6e,0x2d,0x4e,0x2d,0x6f,0x35,0x4e,0x2d,0x6f,0x35,0x6e,0x35,0x6f,0x35,
  0x6e,0x35,0x6f,0x35,0x6f,0x35,0x8f,0x3d,0x6f,0x35,0x8f,0x3d,0x6f,0x3d,0x90,0x3d,0x8f,0x3d,0x90,0x3d,0x8f,0x3d,0x90,0x45,
  0x8f,0x3d,0xb0,0x45,0x90,0x45,0xb0,0x45,0x90,0x45,0xb1,0x45,0x00,0x00,0x00,0x00,0x00,0x00,0x00,0x00,0x00,0x00,0x00,0x00,
  0x00,0x00,0x00,0x00,0xe9,0x03,0x09,0x04,0xe9,0x03,0x09,0x04,0xe9,0x03,0x09,0x04,0x09,0x04,0x09,0x04,0x09,0x04,0x2a,0x04,
  0x09,0x04,0x2a,0x04,0x29,0x04,0x2a,0x04,0x29,0x04,0x2a,0x04,0x29,0x04,0x4a,0x04,0x29,0x04,0x4a,0x04,0x49,0x04,0x4a,0x04,
  0x4a,0x04,0x6a,0x04,0x4a,0x04,0x6a,0x04,0x6a,0x04,0x6a,0x04,0x6a,0x04,0x6a,0x04,0x6a,0x04,0x8a,0x04,0x6a,0x04,0x8b,0x04,
  0x8a,0x04,0x8b,0x04,0x8a,0x04,0xab,0x04,0x8a,0x04,0xab,0x04,0xaa,0x04,0xab,0x04,0xaa,0x04,0xab,0x04,0xaa,0x04,0xcb,0x04,
  0xab,0x04,0xcb,0x04,0xcb,0x04,0xcb,0x04,0xcb,0x04,0xeb,0x04,0xcb,0x04,0xeb,0x0c,0xcb,0x04,0xeb,0x0c,0xeb,0x04,0xec,0x0c,
  0xeb,0x0c,0xec,0x0c,0xeb,0x0c,0x0c,0x15,0xec,0x0c,0x0c,0x15,0xec,0x0c,0x0c,0x15,0x0c,0x15,0x0c,0x15,0x0c,0x15,0x0d,0x1d,
  0x0c,0x15,0x2d,0x1d,0x0c,0x15,0x2d,0x1d,0x0d,0x1d,0x2d,0x1d,0x2d,0x1d,0x2d,0x25,0x2d,0x1d,0x2d,0x25,0x2d,0x1d,0x4e,0x25,
  0x2d,0x25,0x4e,0x25,0x2d,0x25,0x4e,0x2d,0x4e,0x25,0x4e,0x2d,0x4e,0x25,0x4e,0x2d,0x4e,0x2d,0x6e,0x2d,0x4e,0x2d,0x6f,0x35,
  0x4e,0x2d,0x6f,0x35,0x6e,0x2d,0x6f,0x35,0x6f,0x35,0x6f,0x35,0x6f,0x35,0x8f,0x3d,0x6f,0x35,0x8f,0x3d,0x6f,0x35,0x90,0x3d,
  0x8f,0x3d,0x90,0x3d,0x8f,0x3d,0x90,0x45,0x90,0x3d,0xb0,0x45,0x90,0x3d,0xb0,0x45,0x90,0x45,0xb0,0x45,0xb0,0x45,0xd1,0x4d,
  0x00,0x00,0x00,0x00,0x00,0x00,0x00,0x00,0x00,0x00,0x00,0x00,0x00,0x00,0xe9,0x03,0xe8,0x03,0xe9,0x03,0xe9,0x03,0x09,0x04,
  0xe9,0x03,0x09,0x04,0xe9,0x03,0x09,0x04,0x09,0x04,0x09,0x04,0x09,0x04,0x29,0x04,0x09,0x04,0x29,0x04,0x29,0x04,0x2a,0x04,
  0x29,0x04,0x4a,0x04,0x29,0x04,0x4a,0x04,0x29,0x04,0x4a,0x04,0x49,0x04,0x4a,0x04,0x49,0x04,0x6a,0x04,0x4a,0x04,0x6a,0x04,
  0x69,0x04,0x6a,0x04,0x6a,0x04,0x8a,0x04,0x6a,0x04,0x8a,0x04,0x6a,0x04,0x8a,0x04,0x8a,0x04,0x8a,0x04,0x8a,0x04,0xab,0x04,
  0x8a,0x04,0xab,0x04,0xaa,0x04,0xab,0x04,0xaa,0x04,0xcb,0x04,0xaa,0x04,0xcb,0x04,0xaa,0x04,0xcb,0x04,0xcb,0x04,0xcb,0x04,
  0xcb,0x04,0xeb,0x04,0xcb,0x04,0xeb,0x0c,0xcb,0x04,0xeb,0x0c,0xeb,0x0c,0xec,0x0c,0xeb,0x0c,0xec,0x0c,0xeb,0x0c,0x0c,0x15,
  0xec,0x0c,0x0c,0x15,0xec,0x14,0x0c,0x15,0x0c,0x15,0x0c,0x15,0x0c,0x15,0x0d,0x1d,0x0c,0x15,0x2d,0x1d,0x0c,0x1d,0x2d,0x1d,
  0x0d,0x1d,0x2d,0x1d,0x2d,0x1d,0x2d,0x25,0x2d,0x1d,0x2d,0x25,0x2d,0x25,0x4e,0x25,0x2d,0x25,0x4e,0x25,0x2d,0x25,0x4e,0x2d,
  0x4e,0x25,0x4e,0x2d,0x4e,0x2d,0x4e,0x2d,0x4e,0x2d,0x6e,0x2d,0x4e,0x2d,0x6f,0x35,0x4e,0x2d,0x6f,0x35,0x6e,0x35,0x6f,0x35,
  0x6f,0x35,0x6f,0x35,0x6f,0x35,0x8f,0x3d,0x6f,0x35,0x8f,0x3d,0x6f,0x3d,0x90,0x3d,0x8f,0x3d,0x90,0x3d,0x8f,0x3d,0x90,0x45,
  0x90,0x3d,0xb0,0x45,0x90,0x45,0xb0,0x45,0x90,0x45,0xb1,0x45,0x00,0x00,0x00,0x00,0x00,0x00,0x00,0x00,0x00,0x00,0x00,0x00,
  0xe9,0x03,0xe9,0x03,0xe9,0x03,0x09,0x04,0xe9,0x03,0x09,0x04,0xe9,0x03,0x09,0x04,0x09,0x04,0x09,0x04,0x09,0x04,0x2a,0x04,
  0x09,0x04,0x2a,0x04,0x29,0x04,0x2a,0x04,0x29,0x04,0x4a,0x04,0x29,0x04,0x4a,0x04,0x29,0x04,0x4a,0x04,0x49,0x04,0x4a,0x04,
  0x4a,0x04,0x6a,0x04,0x4a,0x04,0x6a,0x04,0x6a,0x04,0x6a,0x04,0x6a,0x04,0x8a,0x04,0x6a,0x04,0x8a,0x04,0x6a,0x04,0x8b,0x04,
  0x8a,0x04,0x8b,0x04,0x8a,0x04,0xab,0x04,0x8a,0x04,0xab,0x04,0xaa,0x04,0xab,0x04,0xaa,0x04,0xcb,0x04,0xaa,0x04,0xcb,0x04,
  0xab,0x04,0xcb,0x04,0xcb,0x04,0xcb,0x04,0xcb,0x04,0xeb,0x04,0xcb,0x04,0xeb,0x0c,0xcb,0x04,0xec,0x0c,0xeb,0x04,0xec,0x0c,
  0xeb,0x0c,0xec,0x0c,0xeb,0x0c,0x0c,0x15,0xec,0x0c,0x0c,0x15,0xec,0x0c,0x0c,0x15,0x0c,0x15,0x0d,0x15,0x0c,0x15,0x0d,0x1d,
  0x0c,0x15,0x2d,0x1d,0x0c,0x15,0x2d,0x1d,0x0d,0x1d,0x2d,0x1d,0x2d,0x1d,0x2d,0x25,0x2d,0x1d,0x2e,0x25,0x2d,0x1d,0x4e,0x25,
  0x2d,0x25,0x4e,0x25,0x2d,0x25,0x4e,0x2d,0x4e,0x25,0x4e,0x2d,0x4e,0x2d,0x4e,0x2d,0x4e,0x2d,0x6f,0x2d,0x4e,0x2d,0x6f,0x35,
  0x4e,0x2d,0x6f,0x35,0x6e,0x35,0x6f,0x35,0x6f,0x35,0x6f,0x35,0x6f,0x35,0x8f,0x3d,0x6f,0x35,0x90,0x3d,0x6f,0x3d,0x90,0x3d,
  0x8f,0x3d,0x90,0x3d,0x8f,0x3d,0xb0,0x45,0x90,0x3d,0xb0,0x45,0x90,0x45,0xb0,0x45,0xb0,0x45,0xb1,0x45,0xb0,0x45,0xd1,0x4d,
  0x00,0x00,0x00,0x00,0x00,0x00,0x00,0x00,0x00,0x00,0xe9,0x03,0xc8,0x03,0xe9,0x03,0xe8,0x03,0xe9,0x03,0xe9,0x03,0x09,0x04,
  0xe9,0x03,0x09,0x04,0x09,0x04,0x09,0x04,0x09,0x04,0x09,0x04,0x09,0x04,0x29,0x04,0x09,0x04,0x29,0x04,0x29,0x04,0x2a,0x04,
  0x29,0x04,0x4a,0x04,0x29,0x04,0x4a,0x04,0x49,0x04,0x4a,0x04,0x49,0x04,0x4a,0x04,0x49,0x04,0x6a,0x04,0x4a,0x04,0x6a,0x04,
  0x6a,0x04,0x6a,0x04,0x6a,0x04,0x8a,0x04,0x6a,0x04,0x8a,0x04,0x8a,0x04,0x8a,0x04,0x8a,0x04,0x8a,0x04,0x8a,0x04,0xab,0x04,
  0x8a,0x04,0xab,0x04,0xaa,0x04,0xab,0x04,0xaa,0x04,0xcb,0x04,0xaa,0x04,0xcb,0x04,0xaa,0x04,0xcb,0x04,0xcb,0x04,0xcb,0x04,
  0xcb,0x04,0xeb,0x04,0xcb,0x04,0xeb,0x0c,0xcb,0x04,0xeb,0x0c,0xeb,0x0c,0xec,0x0c,0xeb,0x0c,0xec,0x0c,0xeb,0x0c,0x0c,0x15,
  0xec,0x0c,0x0c,0x15,0xec,0x14,0x0c,0x15,0x0c,0x15,0x0c,0x15,0x0c,0x15,0x0d,0x1d,0x0c,0x15,0x2d,0x1d,0x0c,0x1d,0x2d,0x1d,
  0x0d,0x1d,0x2d,0x1d,0x2d,0x1d,0x2d,0x25,0x2d,0x1d,0x2d,0x25,0x2d,0x25,0x4e,0x25,0x2d,0x25,0x4e,0x25,0x2d,0x25,0x4e,0x2d,
  0x4e,0x25,0x4e,0x2d,0x4e,0x2d,0x4e,0x2d,0x4e,0x2d,0x6e,0x2d,0x4e,0x2d,0x6f,0x35,0x4e,0x2d,0x6f,0x35,0x6e,0x35,0x6f,0x35,
  0x6f,0x35,0x6f,0x35,0x6f,0x35,0x8f,0x3d,0x6f,0x35,0x8f,0x3d,0x6f,0x3d,0x90,0x3d,0x8f,0x3d,0x90,0x3d,0x8f,0x3d,0x90,0x45,
  0x90,0x3d,0xb0,0x45,0x90,0x45,0xb0,0x45,0x90,0x45,0xd0,0x45,0x00,0x00,0x00,0x00,0x00,0x00,0x00,0x00,0xc8,0x03,0xe9,0x03,
  0xe9,0x03,0xe9,0x03,0xe9,0x03,0x09,0x04,0xe9,0x03,0x09,0x04,0x09,0x04,0x09,0x04,0x09,0x04,0x09,0x04,0x09,0x04,0x2a,0x04,
  0x09,0x04,0x2a,0x04,0x29,0x04,0x2a,0x04,0x29,0x04,0x4a,0x04,0x29,0x04,0x4a,0x04,0x49,0x04,0x4a,0x04,0x49,0x04,0x4a,0x04,
  0x4a,0x04,0x6a,0x04,0x4a,0x04,0x6a,0x04,0x6a,0x04,0x6a,0x04,0x6a,0x04,0x8a,0x04,0x6a,0x04,0x8a,0x04,0x8a,0x04,0x8b,0x04,
  0x8a,0x04,0x8b,0x04,0x8a,0x04,0xab,0x04,0x8a,0x04,0xab,0x04,0xaa,0x04,0xab,0x04,0xaa,0x04,0xcb,0x04,0xaa,0x04,0xcb,0x04,
  0xab,0x04,0xcb,0x04,0xcb,0x04,0xcb,0x04,0xcb,0x04,0xeb,0x04,0xcb,0x04,0xec,0x0c,0xcb,0x04,0xec,0x0c,0xeb,0x0c,0xec,0x0c,
  0xeb,0x0c,0xec,0x0c,0xeb,0x0c,0x0c,0x15,0xec,0x0c,0x0c,0x15,0xec,0x14,0x0d,0x15,0x0c,0x15,0x0d,0x15,0x0c,0x15,0x0d,0x1d,
  0x0c,0x15,0x2d,0x1d,0x0c,0x1d,0x2d,0x1d,0x0d,0x1d,0x2d,0x1d,0x2d,0x1d,0x2e,0x25,0x2d,0x1d,0x4e,0x25,0x2d,0x25,0x4e,0x25,
  0x2d,0x25,0x4e,0x25,0x4d,0x25,0x4e,0x2d,0x4e,0x25,0x4e,0x2d,0x4e,0x2d,0x6f,0x2d,0x4e,0x2d,0x6f,0x2d,0x4e,0x2d,0x6f,0x35,
  0x6e,0x2d,0x6f,0x35,0x6e,0x35,0x6f,0x35,0x6f,0x35,0x8f,0x35,0x6f,0x35,0x90,0x3d,0x6f,0x35,0x90,0x3d,0x8f,0x3d,0x90,0x3d,
  0x8f,0x3d,0x90,0x3d,0x8f,0x3d,0xb0,0x45,0x90,0x3d,0xb0,0x45,0x90,0x45,0xb1,0x45,0xb0,0x45,0xb1,0x45,0xb0,0x45,0x00,0x00,
  0x00,0x00,0x00,0x00,0x00,0x00,0xe9,0x03,0xc8,0x03,0xe9,0x03,0xc8,0x03,0xe9,0x03,0xe8,0x03,0xe9,0x03,0xe9,0x03,0x09,0x04,
  0xe9,0x03,0x09,0x04,0x09,0x04,0x09,0x04,0x09,0x04,0x29,0x04,0x09,0x04,0x29,0x04,0x09,0x04,0x29,0x04,0x29,0x04,0x2a,0x04,
  0x29,0x04,0x4a,0x04,0x29,0x04,0x4a,0x04,0x49,0x04,0x4a,0x04,0x49,0x04,0x6a,0x04,0x49,0x04,0x6a,0x04,0x4a,0x04,0x6a,0x04,
  0x6a,0x04,0x6a,0x04,0x6a,0x04,0x8a,0x04,0x6a,0x04,0x8a,0x04,0x8a,0x04,0x8a,0x04,0x8a,0x04,0x8a,0x04,0x8a,0x04,0xab,0x04,
  0x8a,0x04,0xab,0x04,0xaa,0x04,0xab,0x04,0xaa,0x04,0xcb,0x04,0xaa,0x04,0xcb,0x04,0xca,0x04,0xcb,0x04,0xcb,0x04,0xcb,0x04,
  0xcb,0x04,0xeb,0x04,0xcb,0x04,0xeb,0x0c,0xcb,0x04,0xeb,0x0c,0xeb,0x0c,0xec,0x0c,0xeb,0x0c,0xec,0x0c,0xec,0x0c,0x0c,0x15,
  0xec,0x0c,0x0c,0x15,0xec,0x14,0x0c,0x15,0x0c,0x15,0x0c,0x15,0x0c,0x15,0x0d,0x1d,0x0c,0x15,0x2d,0x1d,0x0d,0x1d,0x2d,0x1d,
  0x0d,0x1d,0x2d,0x1d,0x2d,0x1d,0x2d,0x25,0x2d,0x1d,0x2d,0x25,0x2d,0x25,0x4e,0x25,0x2d,0x25,0x4e,0x25,0x2e,0x25,0x4e,0x2d,
  0x4e,0x25,0x4e,0x2d,0x4e,0x2d,0x4e,0x2d,0x4e,0x2d,0x6e,0x2d,0x4e,0x2d,0x6f,0x35,0x4e,0x2d,0x6f,0x35,0x6f,0x35,0x6f,0x35,
  0x6f,0x35,0x8f,0x35,0x6f,0x35,0x8f,0x3d,0x6f,0x35,0x8f,0x3d,0x8f,0x3d,0x90,0x3d,0x8f,0x3d,0x90,0x3d,0x90,0x3d,0xb0,0x45,
  0x90,0x3d,0xb0,0x45,0x90,0x45,0xb0,0x45,0xb0,0x45,0x00,0x00,0x00,0x00,0x00,0x00,0xc9,0x03,0xe9,0x03,0xc8,0x03,0xe9,0x03,
  0xe9,0x03,0xe9,0x03,0xe9,0x03,0x09,0x04,0xe9,0x03,0x09,0x04,0x09,0x04,0x09,0x04,0x09,0x04,0x29,0x04,0x09,0x04,0x2a,0x04,
  0x09,0x04,0x2a,0x04,0x29,0x04,0x2a,0x04,0x29,0x04,0x4a,0x04,0x29,0x04,0x4a,0x04,0x49,0x04,0x4a,0x04,0x49,0x04,0x4a,0x04,
  0x4a,0x04,0x6a,0x04,0x4a,0x04,0x6a,0x04,0x6a,0x04,0x6a,0x04,0x6a,0x04,0x8a,0x04,0x6a,0x04,0x8a,0x04,0x8a,0x04,0x8b,0x04,
  0x8a,0x04,0x8b,0x04,0x8a,0x04,0xab,0x04,0x8a,0x04,0xab,0x04,0xaa,0x04,0xab,0x04,0xaa,0x04,0xcb,0x04,0xaa,0x04,0xcb,0x04,
  0xcb,0x04,0xcb,0x04,0xcb,0x04,0xcb,0x04,0xcb,0x04,0xeb,0x04,0xcb,0x04,0xec,0x0c,0xeb,0x04,0xec,0x0c,0xeb,0x0c,0xec,0x0c,
  0xeb,0x0c,0x0c,0x0d,0xec,0x0c,0x0c,0x15,0xec,0x0c,0x0c,0x15,0x0c,0x15,0x0d,0x15,0x0c,0x15,0x0d,0x15,0x0c,0x15,0x2d,0x1d,
  0x0c,0x15,0x2d,0x1d,0x0d,0x1d,0x2d,0x1d,0x2d,0x1d,0x2d,0x1d,0x2d,0x1d,0x2e,0x25,0x2d,0x1d,0x4e,0x25,0x2d,0x25,0x4e,0x25,
  0x2d,0x25,0x4e,0x25,0x4d,0x25,0x4e,0x2d,0x4e,0x25,0x4e,0x2d,0x4e,0x2d,0x6f,0x2d,0x4e,0x2d,0x6f,0x2d,0x4e,0x2d,0x6f,0x35,
  0x6e,0x2d,0x6f,0x35,0x6e,0x35,0x6f,0x35,0x6f,0x35,0x8f,0x35,0x6f,0x35,0x90,0x3d,0x6f,0x35,0x90,0x3d,0x8f,0x3d,0x90,0x3d,
  0x8f,0x3d,0x90,0x45,0x8f,0x3d,0xb0,0x45,0x90,0x45,0xb0,0x45,0x90,0x45,0xb1,0x45,0xb0,0x45,0xb0,0x4d,0x00,0x00,0x00,0x00,
  0x00,0x00,0xe9,0x03,0xc8,0x03,0xe9,0x03,0xc8,0x03,0xe9,0x03,0xe8,0x03,0xe9,0x03,0xe8,0x03,0xe9,0x03,0xe9,0x03,0x09,0x04,
  0xe9,0x03,0x09,0x04,0x09,0x04,0x09,0x04,0x09,0x04,0x29,0x04,0x09,0x04,0x29,0x04,0x09,0x04,0x29,0x04,0x29,0x04,0x2a,0x04,
  0x29,0x04,0x4a,0x04,0x29,0x04,0x4a,0x04,0x49,0x04,0x4a,0x04,0x49,0x04,0x6a,0x04,0x49,0x04,0x6a,0x04,0x4a,0x04,0x6a,0x04,
  0x6a,0x04,0x6a,0x04,0x6a,0x04,0x8a,0x04,0x6a,0x04,0x8a,0x04,0x8a,0x04,0x8a,0x04,0x8a,0x04,0xaa,0x04,0x8a,0x04,0xab,0x04,
  0x8a,0x04,0xab,0x04,0xaa,0x04,0xab,0x04,0xaa,0x04,0xcb,0x04,0xaa,0x04,0xcb,0x04,0xca,0x04,0xcb,0x04,0xcb,0x04,0xcb,0x04,
  0xcb,0x04,0xeb,0x04,0xcb,0x04,0xeb,0x0c,0xcb,0x04,0xec,0x0c,0xeb,0x0c,0xec,0x0c,0xeb,0x0c,0xec,0x0c,0xec,0x0c,0x0c,0x15,
  0xec,0x0c,0x0c,0x15,0xec,0x14,0x0c,0x15,0x0c,0x15,0x0d,0x15,0x0c,0x15,0x0d,0x1d,0x0c,0x15,0x2d,0x1d,0x0d,0x1d,0x2d,0x1d,
  0x2d,0x1d,0x2d,0x1d,0x2d,0x1d,0x2d,0x25,0x2d,0x1d,0x4e,0x25,0x2d,0x25,0x4e,0x25,0x2d,0x25,0x4e,0x25,0x4e,0x25,0x4e,0x2d,
  0x4e,0x25,0x4e,0x2d,0x4e,0x2d,0x6e,0x2d,0x4e,0x2d,0x6f,0x35,0x4e,0x2d,0x6f,0x35,0x6e,0x2d,0x6f,0x35,0x6f,0x35,0x6f,0x35,
  0x6f,0x35,0x8f,0x3d,0x6f,0x35,0x8f,0x3d,0x6f,0x35,0x90,0x3d,0x8f,0x3d,0x90,0x3d,0x8f,0x3d,0x90,0x45,0x90,0x3d,0xb0,0x45,
  0x90,0x3d,0xb0,0x45,0x90,0x45,0x00,0x00,0x00,0x00,0x00,0x00,0xc8,0x03,0xe9,0x03,0xc9,0x03,0xe9,0x03,0xe8,0x03,0xe9,0x03,
  0xe9,0x03,0xe9,0x03,0xe9,0x03,0x09,0x04,0xe9,0x03,0x09,0x04,0x09,0x04,0x09,0x04,0x09,0x04,0x29,0x04,0x09,0x04,0x2a,0x04,
  0x09,0x04,0x2a,0x04,0x29,0x04,0x2a,0x04,0x29,0x04,0x4a,0x04,0x29,0x04,0x4a,0x04,0x4a,0x04,0x4a,0x04,0x49,0x04,0x6a,0x04,
  0x4a,0x04,0x6a,0x04,0x4a,0x04,0x6a,0x04,0x6a,0x04,0x6a,0x04,0x6a,0x04,0x8a,0x04,0x6a,0x04,0x8a,0x04,0x8a,0x04,0x8b,0x04,
  0x8a,0x04,0xab,0x04,0x8a,0x04,0xab,0x04,0x8a,0x04,0xab,0x04,0xaa,0x04,0xab,0x04,0xaa,0x04,0xcb,0x04,0xaa,0x04,0xcb,0x04,
  0xcb,0x04,0xcb,0x04,0xcb,0x04,0xeb,0x04,0xcb,0x04,0xeb,0x04,0xcb,0x04,0xec,0x0c,0xeb,0x04,0xec,0x0c,0xeb,0x0c,0xec,0x0c,
  0xeb,0x0c,0x0c,0x0d,0xec,0x0c,0x0c,0x15,0xec,0x0c,0x0c,0x15,0x0c,0x15,0x0d,0x15,0x0c,0x15,0x0d,0x15,0x0c,0x15,0x2d,0x1d,
  0x0c,0x15,0x2d,0x1d,0x0d,0x1d,0x2d,0x1d,0x2d,0x1d,0x2d,0x1d,0x2d,0x1d,0x2e,0x25,0x2d,0x25,0x4e,0x25,0x2d,0x25,0x4e,0x25,
  0x2d,0x25,0x4e,0x2d,0x4e,0x25,0x4e,0x2d,0x4e,0x2d,0x4e,0x2d,0x4e,0x2d,0x6f,0x2d,0x4e,0x2d,0x6f,0x35,0x4e,0x2d,0x6f,0x35,
  0x6e,0x35,0x6f,0x35,0x6f,0x35,0x6f,0x35,0x6f,0x35,0x8f,0x3d,0x6f,0x35,0x90,0x3d,0x6f,0x3d,0x90,0x3d,0x8f,0x3d,0x90,0x3d,
  0x8f,0x3d,0x90,0x45,0x90,0x3d,0xb0,0x45,0x90,0x45,0xb0,0x45,0x90,0x45,0xb1,0x45,0x00,0x00,0x00,0x00,0x00,0x00,0xc9,0x03,
  0xc8,0x03,0xc9,0x03,0xc8,0x03,0xe9,0x03,0xc8,0x03,0xe9,0x03,0xe8,0x03,0xe9,0x03,0xe8,0x03,0xe9,0x03,0xe9,0x03,0x09,0x04,
  0xe9,0x03,0x09,0x04,0x09,0x04,0x09,0x04,0x09,0x04,0x29,0x04,0x09,0x04,0x29,0x04,0x29,0x04,0x29,0x04,0x29,0x04,0x2a,0x04,
  0x29,0x04,0x4a,0x04,0x29,0x04,0x4a,0x04,0x49,0x04,0x4a,0x04,0x49,0x04,0x6a,0x04,0x49,0x04,0x6a,0x04,0x6a,0x04,0x6a,0x04,
  0x6a,0x04,0x6a,0x04,0x6a,0x04,0x8a,0x04,0x6a,0x04,0x8a,0x04,0x8a,0x04,0x8a,0x04,0x8a,0x04,0xaa,0x04,0x8a,0x04,0xab,0x04,
  0xaa,0x04,0xab,0x04,0xaa,0x04,0xab,0x04,0xaa,0x04,0xcb,0x04,0xaa,0x04,0xcb,0x04,0xca,0x04,0xcb,0x04,0xcb,0x04,0xeb,0x04,
  0xcb,0x04,0xeb,0x04,0xcb,0x04,0xec,0x0c,0xeb,0x04,0xec,0x0c,0xeb,0x0c,0xec,0x0c,0xeb,0x0c,0x0c,0x0d,0xec,0x0c,0x0c,0x15,
  0xec,0x0c,0x0c,0x15,0x0c,0x15,0x0d,0x15,0x0c,0x15,0x0d,0x1d,0x0c,0x15,0x2d,0x1d,0x0c,0x15,0x2d,0x1d,0x0d,0x1d,0x2d,0x1d,
  0x2d,0x1d,0x2d,0x25,0x2d,0x1d,0x2e,0x25,0x2d,0x1d,0x4e,0x25,0x2d,0x25,0x4e,0x25,0x2d,0x25,0x4e,0x2d,0x4e,0x25,0x4e,0x2d,
  0x4e,0x25,0x4e,0x2d,0x4e,0x2d,0x6f,0x2d,0x4e,0x2d,0x6f,0x35,0x4e,0x2d,0x6f,0x35,0x6e,0x2d,0x6f,0x35,0x6f,0x35,0x6f,0x35,
  0x6f,0x35,0x8f,0x3d,0x6f,0x35,0x8f,0x3d,0x6f,0x35,0x90,0x3d,0x8f,0x3d,0x90,0x3d,0x8f,0x3d,0x90,0x45,0x90,0x3d,0xb0,0x45,
  0x90,0x3d,0x00,0x00,0x00,0x00,0x00,0x00,0xc8,0x03,0xc9,0x03,0xc8,0x03,0xe9,0x03,0xc9,0x03,0xe9,0x03,0xe9,0x03,0xe9,0x03,
  0xe9,0x03,0xe9,0x03,0xe9,0x03,0x09,0x04,0xe9,0x03,0x09,0x04,0x09,0x04,0x09,0x04,0x09,0x04,0x29,0x04,0x09,0x04,0x2a,0x04,
  0x29,0x04,0x2a,0x04,0x29,0x04,0x2a,0x04,0x29,0x04,0x4a,0x04,0x29,0x04,0x4a,0x04,0x4a,0x04,0x4a,0x04,0x49,0x04,0x6a,0x04,
  0x4a,0x04,0x6a,0x04,0x6a,0x04,0x6a,0x04,0x6a,0x04,0x6a,0x04,0x6a,0x04,0x8a,0x04,0x6a,0x04,0x8a,0x04,0x8a,0x04,0x8b,0x04,
  0x8a,0x04,0xab,0x04,0x8a,0x04,0xab,0x04,0xaa,0x04,0xab,0x04,0xaa,0x04,0xab,0x04,0xab,0x04,0xcb,0x04,0xaa,0x04,0xcb,0x04,
  0xcb,0x04,0xcb,0x04,0xcb,0x04,0xeb,0x04,0xcb,0x04,0xeb,0x0c,0xcb,0x04,0xec,0x0c,0xeb,0x0c,0xec,0x0c,0xeb,0x0c,0xec,0x0c,
  0xec,0x0c,0x0c,0x15,0xec,0x0c,0x0c,0x15,0xec,0x14,0x0c,0x15,0x0c,0x15,0x0d,0x15,0x0c,0x15,0x0d,0x1d,0x0c,0x15,0x2d,0x1d,
  0x0d,0x1d,0x2d,0x1d,0x0d,0x1d,0x2d,0x1d,0x2d,0x1d,0x2d,0x25,0x2d,0x1d,0x2e,0x25,0x2d,0x25,0x4e,0x25,0x2d,0x25,0x4e,0x25,
  0x2e,0x25,0x4e,0x2d,0x4e,0x25,0x4e,0x2d,0x4e,0x2d,0x4e,0x2d,0x4e,0x2d,0x6f,0x2d,0x4e,0x2d,0x6f,0x35,0x4e,0x2d,0x6f,0x35,
  0x6f,0x35,0x6f,0x35,0x6f,0x35,0x6f,0x35,0x6f,0x35,0x8f,0x3d,0x6f,0x35,0x90,0x3d,0x6f,0x3d,0x90,0x3d,0x8f,0x3d,0x90,0x3d,
  0x90,0x3d,0x90,0x45,0x90,0x3d,0xb0,0x45,0x90,0x45,0xb0,0x45,0x00,0x00,0x00,0x00,0x00,0x00,0xc9,0x03,0xa8,0x03,0xc9,0x03,
  0xc8,0x03,0xc9,0x03,0xc8,0x03,0xe9,0x03,0xc8,0x03,0xe9,0x03,0xe8,0x03,0xe9,0x03,0xe8,0x03,0x09,0x04,0xe9,0x03,0x09,0x04,
  0xe9,0x03,0x09,0x04,0x09,0x04,0x09,0x04,0x09,0x04,0x29,0x04,0x09,0x04,0x29,0x04,0x29,0x04,0x29,0x04,0x29,0x04,0x4a,0x04,
  0x29,0x04,0x4a,0x04,0x29,0x04,0x4a,0x04,0x49,0x04,0x4a,0x04,0x49,0x04,0x6a,0x04,0x49,0x04,0x6a,0x04,0x6a,0x04,0x6a,0x04,
  0x6a,0x04,0x8a,0x04,0x6a,0x04,0x8a,0x04,0x6a,0x04,0x8a,0x04,0x8a,0x04,0x8a,0x04,0x8a,0x04,0xaa,0x04,0x8a,0x04,0xab,0x04,
  0xaa,0x04,0xab,0x04,0xaa,0x04,0xab,0x04,0xaa,0x04,0xcb,0x04,0xaa,0x04,0xcb,0x04,0xca,0x04,0xcb,0x04,0xcb,0x04,0xeb,0x04,
  0xcb,0x04,0xeb,0x0c,0xcb,0x04,0xec,0x0c,0xeb,0x04,0xec,0x0c,0xeb,0x0c,0xec,0x0c,0xeb,0x0c,0x0c,0x15,0xec,0x0c,0x0c,0x15,
  0xec,0x0c,0x0c,0x15,0x0c,0x15,0x0d,0x15,0x0c,0x15,0x0d,0x1d,0x0c,0x15,0x2d,0x1d,0x0c,0x15,0x2d,0x1d,0x0d,0x1d,0x2d,0x1d,
  0x2d,0x1d,0x2d,0x25,0x2d,0x1d,0x2e,0x25,0x2d,0x1d,0x4e,0x25,0x2d,0x25,0x4e,0x25,0x2d,0x25,0x4e,0x2d,0x4e,0x25,0x4e,0x2d,
  0x4e,0x25,0x4e,0x2d,0x4e,0x2d,0x6f,0x2d,0x4e,0x2d,0x6f,0x35,0x4e,0x2d,0x6f,0x35,0x6e,0x2d,0x6f,0x35,0x6f,0x35,0x6f,0x35,
  0x6f,0x35,0x8f,0x3d,0x6f,0x35,0x90,0x3d,0x6f,0x35,0x90,0x3d,0x8f,0x3d,0x90,0x3d,0x8f,0x3d,0x90,0x45,0x90,0x3d,0x00,0x00,
  0x00,0x00,0x00,0x00,0xc8,0x03,0xc9,0x03,0xc8,0x03,0xc9,0x03,0xc8,0x03,0xe9,0x03,0xc9,0x03,0xe9,0x03,0xe9,0x03,0xe9,0x03,
  0xe9,0x03,0x09,0x04,0xe9,0x03,0x09,0x04,0xe9,0x03,0x09,0x04,0x09,0x04,0x0a,0x04,0x09,0x04,0x29,0x04,0x09,0x04,0x2a,0x04,
  0x29,0x04,0x2a,0x04,0x29,0x04,0x4a,0x04,0x29,0x04,0x4a,0x04,0x29,0x04,0x4a,0x04,0x4a,0x04,0x4a,0x04,0x49,0x04,0x6a,0x04,
  0x4a,0x04,0x6a,0x04,0x6a,0x04,0x6a,0x04,0x6a,0x04,0x6a,0x04,0x6a,0x04,0x8a,0x04,0x6a,0x04,0x8a,0x04,0x8a,0x04,0x8b,0x04,
  0x8a,0x04,0xab,0x04,0x8a,0x04,0xab,0x04,0xaa,0x04,0xab,0x04,0xaa,0x04,0xab,0x04,0xab,0x04,0xcb,0x04,0xaa,0x04,0xcb,0x04,
  0xcb,0x04,0xcb,0x04,0xcb,0x04,0xeb,0x04,0xcb,0x04,0xeb,0x0c,0xcb,0x04,0xec,0x0c,0xeb,0x0c,0xec,0x0c,0xeb,0x0c,0xec,0x0c,
  0xec,0x0c,0x0c,0x15,0xec,0x0c,0x0c,0x15,0xec,0x14,0x0c,0x15,0x0c,0x15,0x0d,0x15,0x0c,0x15,0x0d,0x1d,0x0c,0x15,0x2d,0x1d,
  0x0d,0x1d,0x2d,0x1d,0x0d,0x1d,0x2d,0x1d,0x2d,0x1d,0x2d,0x25,0x2d,0x1d,0x2e,0x25,0x2d,0x25,0x4e,0x25,0x2d,0x25,0x4e,0x25,
  0x2e,0x25,0x4e,0x2d,0x4e,0x25,0x4e,0x2d,0x4e,0x2d,0x4e,0x2d,0x4e,0x2d,0x6f,0x2d,0x4e,0x2d,0x6f,0x35,0x4e,0x2d,0x6f,0x35,
  0x6f,0x35,0x6f,0x35,0x6f,0x35,0x6f,0x35,0x6f,0x35,0x8f,0x3d,0x6f,0x35,0x90,0x3d,0x6f,0x3d,0x90,0x3d,0x8f,0x3d,0x90,0x45,
  0x90,0x3d,0x90,0x45,0x90,0x3d,0xb0,0x45,0x00,0x00,0x00,0x00,0x00,0x00,0xc9,0x03,0xa8,0x03,0xc8,0x03,0xc8,0x03,0xc9,0x03,
  0xc8,0x03,0xc9,0x03,0xc8,0x03,0xe9,0x03,0xc8,0x03,0xe9,0x03,0xe8,0x03,0xe9,0x03,0xe8,0x03,0x09,0x04,0xe9,0x03,0x09,0x04,
  0x09,0x04,0x09,0x04,0x09,0x04,0x09,0x04,0x09,0x04,0x29,0x04,0x09,0x04,0x2a,0x04,0x29,0x04,0x29,0x04,0x29,0x04,0x4a,0x04,
  0x29,0x04,0x4a,0x04,0x49,0x04,0x4a,0x04,0x49,0x04,0x4a,0x04,0x49,0x04,0x6a,0x04,0x49,0x04,0x6a,0x04,0x6a,0x04,0x6a,0x04,
  0x6a,0x04,0x8a,0x04,0x6a,0x04,0x8a,0x04,0x6a,0x04,0x8a,0x04,0x8a,0x04,0x8a,0x04,0x8a,0x04,0xaa,0x04,0x8a,0x04,0xab,0x04,
  0xaa,0x04,0xab,0x04,0xaa,0x04,0xcb,0x04,0xaa,0x04,0xcb,0x04,0xaa,0x04,0xcb,0x04,0xca,0x04,0xcb,0x04,0xcb,0x04,0xeb,0x04,
  0xcb,0x04,0xeb,0x0c,0xcb,0x04,0xec,0x0c,0xeb,0x04,0xec,0x0c,0xeb,0x0c,0xec,0x0c,0xeb,0x0c,0x0c,0x15,0xec,0x0c,0x0c,0x15,
  0xec,0x0c,0x0c,0x15,0x0c,0x15,0x0d,0x15,0x0c,0x15,0x0d,0x1d,0x0c,0x15,0x2d,0x1d,0x0c,0x15,0x2d,0x1d,0x0d,0x1d,0x2d,0x1d,
  0x2d,0x1d,0x2d,0x25,0x2d,0x1d,0x2e,0x25,0x2d,0x1d,0x4e,0x25,0x2d,0x25,0x4e,0x25,0x2d,0x25,0x4e,0x2d,0x4e,0x25,0x4e,0x2d,
  0x4e,0x2d,0x4e,0x2d,0x4e,0x2d,0x6f,0x35,0x4e,0x2d,0x6f,0x35,0x4e,0x2d,0x6f,0x35,0x6e,0x35,0x6f,0x35,0x6f,0x35,0x6f,0x3d,
  0x6f,0x35,0x8f,0x3d,0x6f,0x35,0x90,0x3d,0x6f,0x3d,0x90,0x3d,0x8f,0x3d,0x90,0x45,0x8f,0x3d,0x00,0x00,0x00,0x00,0x00,0x00,
  0xc8,0x03,0xc9,0x03,0xc8,0x03,0xc9,0x03,0xc8,0x03,0xc9,0x03,0xc8,0x03,0xe9,0x03,0xc9,0x03,0xe9,0x03,0xe9,0x03,0xe9,0x03,
  0xe9,0x03,0x09,0x04,0xe9,0x03,0x09,0x04,0x09,0x04,0x09,0x04,0x09,0x04,0x0a,0x04,0x09,0x04,0x29,0x04,0x09,0x04,0x2a,0x04,
  0x29,0x04,0x2a,0x04,0x29,0x04,0x4a,0x04,0x29,0x04,0x4a,0x04,0x29,0x04,0x4a,0x04,0x4a,0x04,0x4a,0x04,0x4a,0x04,0x6a,0x04,
  0x4a,0x04,0x6a,0x04,0x6a,0x04,0x6a,0x04,0x6a,0x04,0x8a,0x04,0x6a,0x04,0x8b,0x04,0x6a,0x04,0x8a,0x04,0x8a,0x04,0x8b,0x04,
  0x8a,0x04,0xab,0x04,0x8a,0x04,0xab,0x04,0xaa,0x04,0xab,0x04,0xaa,0x04,0xcb,0x04,0xab,0x04,0xcb,0x04,0xaa,0x04,0xcb,0x04,
  0xcb,0x04,0xcb,0x04,0xcb,0x04,0xeb,0x04,0xcb,0x04,0xeb,0x0c,0xcb,0x04,0xec,0x0c,0xeb,0x0c,0xec,0x0c,0xeb,0x0c,0xec,0x0c,
  0xec,0x0c,0x0c,0x15,0xec,0x0c,0x0c,0x15,0xec,0x14,0x0c,0x15,0x0c,0x15,0x0d,0x15,0x0c,0x15,0x0d,0x1d,0x0c,0x15,0x2d,0x1d,
  0x0d,0x1d,0x2d,0x1d,0x0d,0x1d,0x2d,0x25,0x2d,0x1d,0x2d,0x25,0x2d,0x1d,0x2e,0x25,0x2d,0x25,0x4e,0x25,0x2d,0x25,0x4e,0x2d,
  0x2e,0x25,0x4e,0x2d,0x4e,0x25,0x4e,0x2d,0x4e,0x2d,0x4e,0x2d,0x4e,0x2d,0x6f,0x35,0x4e,0x2d,0x6f,0x35,0x6e,0x2d,0x6f,0x35,
  0x6f,0x35,0x6f,0x35,0x6f,0x35,0x8f,0x3d,0x6f,0x35,0x8f,0x3d,0x6f,0x35,0x90,0x3d,0x8f,0x3d,0x90,0x3d,0x8f,0x3d,0x90,0x45,
  0x90,0x3d,0x90,0x45,0x00,0x00,0x00,0x00,0x00,0x00,0xc9,0x03,0xa8,0x03,0xc9,0x03,0xa8,0x03,0xc9,0x03,0xc8,0x03,0xc9,0x03,
  0xc8,0x03,0xe9,0x03,0xc8,0x03,0xe9,0x03,0xc8,0x03,0xe9,0x03,0xe8,0x03,0xe9,0x03,0xe8,0x03,0x09,0x04,0xe9,0x03,0x09,0x04,
  0x09,0x04,0x09,0x04,0x09,0x04,0x09,0x04,0x09,0x04,0x29,0x04,0x09,0x04,0x2a,0x04,0x29,0x04,0x29,0x04,0x29,0x04,0x4a,0x04,
  0x29,0x04,0x4a,0x04,0x49,0x04,0x4a,0x04,0x49,0x04,0x4a,0x04,0x49,0x04,0x6a,0x04,0x49,0x04,0x6a,0x04,0x6a,0x04,0x6a,0x04,
  0x6a,0x04,0x8a,0x04,0x6a,0x04,0x8a,0x04,0x8a,0x04,0x8a,0x04,0x8a,0x04,0x8b,0x04,0x8a,0x04,0xaa,0x04,0x8a,0x04,0xab,0x04,
  0xaa,0x04,0xab,0x04,0xaa,0x04,0xcb,0x04,0xaa,0x04,0xcb,0x04,0xca,0x04,0xcb,0x04,0xca,0x04,0xcb,0x04,0xcb,0x04,0xeb,0x04,
  0xcb,0x04,0xeb,0x0c,0xcb,0x04,0xec,0x0c,0xeb,0x0c,0xec,0x0c,0xeb,0x0c,0xec,0x14,0xeb,0x0c,0x0c,0x15,0xec,0x0c,0x0c,0x15,
  0xec,0x14,0x0c,0x15,0x0c,0x15,0x0d,0x1d,0x0c,0x15,0x0d,0x1d,0x0c,0x15,0x2d,0x1d,0x0c,0x1d,0x2d,0x1d,0x0d,0x1d,0x2d,0x25,
  0x2d,0x1d,0x2d,0x25,0x2d,0x1d,0x2e,0x25,0x2d,0x25,0x4e,0x25,0x2d,0x25,0x4e,0x2d,0x2d,0x25,0x4e,0x2d,0x4e,0x25,0x4e,0x2d,
  0x4e,0x2d,0x4e,0x2d,0x4e,0x2d,0x6f,0x35,0x4e,0x2d,0x6f,0x35,0x4e,0x2d,0x6f,0x35,0x6e,0x35,0x6f,0x35,0x6f,0x35,0x6f,0x3d,
  0x6f,0x35,0x8f,0x3d,0x6f,0x35,0x90,0x3d,0x6f,0x3d,0x90,0x3d,0x6f,0x3d,0x00,0x00,0x00,0x00,0x00,0x00,0xc8,0x03,0xc9,0x03,
  0xa8,0x03,0xc9,0x03,0xc8,0x03,0xc9,0x03,0xc8,0x03,0xe9,0x03,0xc8,0x03,0xe9,0x03,0xc9,0x03,0xe9,0x03,0xe9,0x03,0xe9,0x03,
  0xe9,0x03,0x09,0x04,0xe9,0x03,0x09,0x04,0x09,0x04,0x09,0x04,0x09,0x04,0x0a,0x04,0x09,0x04,0x29,0x04,0x09,0x04,0x2a,0x04,
  0x29,0x04,0x2a,0x04,0x29,0x04,0x4a,0x04,0x29,0x04,0x4a,0x04,0x49,0x04,0x4a,0x04,0x4a,0x04,0x4a,0x04,0x4a,0x04,0x6a,0x04,
  0x4a,0x04,0x6a,0x04,0x6a,0x04,0x6a,0x04,0x6a,0x04,0x8a,0x04,0x6a,0x04,0x8b,0x04,0x8a,0x04,0x8a,0x04,0x8a,0x04,0x8b,0x04,
  0x8a,0x04,0xab,0x04,0x8a,0x04,0xab,0x04,0xaa,0x04,0xab,0x04,0xaa,0x04,0xcb,0x04,0xab,0x04,0xcb,0x04,0xcb,0x04,0xcb,0x04,
  0xcb,0x04,0xcb,0x04,0xcb,0x04,0xeb,0x0c,0xcb,0x04,0xeb,0x0c,0xcb,0x04,0xec,0x0c,0xeb,0x0c,0xec,0x0c,0xeb,0x0c,0xec,0x14,
  0xec,0x0c,0x0c,0x15,0xec,0x0c,0x0c,0x15,0x0c,0x15,0x0c,0x15,0x0c,0x15,0x0d,0x1d,0x0c,0x15,0x2d,0x1d,0x0c,0x15,0x2d,0x1d,
  0x0d,0x1d,0x2d,0x1d,0x2d,0x1d,0x2d,0x25,0x2d,0x1d,0x2d,0x25,0x2d,0x1d,0x4e,0x25,0x2d,0x25,0x4e,0x25,0x2d,0x25,0x4e,0x2d,
  0x4e,0x25,0x4e,0x2d,0x4e,0x25,0x4e,0x2d,0x4e,0x2d,0x6e,0x2d,0x4e,0x2d,0x6f,0x35,0x4e,0x2d,0x6f,0x35,0x6e,0x2d,0x6f,0x35,
  0x6f,0x35,0x6f,0x35,0x6f,0x35,0x8f,0x3d,0x6f,0x35,0x8f,0x3d,0x6f,0x35,0x90,0x3d,0x8f,0x3d,0x90,0x3d,0x8f,0x3d,0x90,0x45,
  0x00,0x00,0x00,0x00,0x00,0x00,0xc9,0x03,0xa8,0x03,0xa8,0x03,0xa8,0x03,0xc9,0x03,0xa8,0x03,0xc9,0x03,0xc8,0x03,0xc9,0x03,
  0xc8,0x03,0xe9,0x03,0xc8,0x03,0xe9,0x03,0xc8,0x03,0xe9,0x03,0xe9,0x03,0xe9,0x03,0xe8,0x03,0x09,0x04,0xe9,0x03,0x09,0x04,
  0x09,0x04,0x09,0x04,0x09,0x04,0x29,0x04,0x09,0x04,0x29,0x04,0x09,0x04,0x2a,0x04,0x29,0x04,0x29,0x04,0x29,0x04,0x4a,0x04,
  0x29,0x04,0x4a,0x04,0x49,0x04,0x4a,0x04,0x49,0x04,0x6a,0x04,0x49,0x04,0x6a,0x04,0x49,0x04,0x6a,0x04,0x6a,0x04,0x6a,0x04,
  0x6a,0x04,0x8a,0x04,0x6a,0x04,0x8a,0x04,0x8a,0x04,0x8a,0x04,0x8a,0x04,0xab,0x04,0x8a,0x04,0xaa,0x04,0x8a,0x04,0xab,0x04,
  0xaa,0x04,0xab,0x04,0xaa,0x04,0xcb,0x04,0xaa,0x04,0xcb,0x04,0xca,0x04,0xcb,0x04,0xca,0x04,0xcb,0x04,0xcb,0x04,0xeb,0x0c,
  0xcb,0x04,0xeb,0x0c,0xcb,0x04,0xec,0x0c,0xeb,0x0c,0xec,0x0c,0xeb,0x0c,0xec,0x14,0xeb,0x0c,0x0c,0x15,0xec,0x0c,0x0c,0x15,
  0xec,0x14,0x0c,0x15,0x0c,0x15,0x0d,0x1d,0x0c,0x15,0x0d,0x1d,0x0c,0x15,0x2d,0x1d,0x0c,0x1d,0x2d,0x1d,0x0d,0x1d,0x2d,0x25,
  0x2d,0x1d,0x2d,0x25,0x2d,0x1d,0x2e,0x25,0x2d,0x25,0x4e,0x25,0x2d,0x25,0x4e,0x2d,0x2d,0x25,0x4e,0x2d,0x4e,0x25,0x4e,0x2d,
  0x4e,0x2d,0x6e,0x2d,0x4e,0x2d,0x6f,0x35,0x4e,0x2d,0x6f,0x35,0x6e,0x2d,0x6f,0x35,0x6e,0x35,0x6f,0x35,0x6f,0x35,0x8f,0x3d,
  0x6f,0x35,0x8f,0x3d,0x6f,0x35,0x90,0x3d,0x00,0x00,0x00,0x00,0x00,0x00,0x00,0x00,0x00,0x00,0xa9,0x03,0xa8,0x03,0xc9,0x03,
  0xa8,0x03,0xc9,0x03,0xc8,0x03,0xc9,0x03,0xc8,0x03,0xe9,0x03,0xc8,0x03,0xe9,0x03,0xc9,0x03,0xe9,0x03,0xe9,0x03,0xe9,0x03,
  0xe9,0x03,0x09,0x04,0xe9,0x03,0x09,0x04,0x09,0x04,0x09,0x04,0x09,0x04,0x2a,0x04,0x09,0x04,0x2a,0x04,0x09,0x04,0x2a,0x04,
  0x29,0x04,0x2a,0x04,0x29,0x04,0x4a,0x04,0x29,0x04,0x4a,0x04,0x49,0x04,0x4a,0x04,0x4a,0x04,0x6a,0x04,0x4a,0x04,0x6a,0x04,
  0x4a,0x04,0x6a,0x04,0x6a,0x04,0x6a,0x04,0x6a,0x04,0x8a,0x04,0x6a,0x04,0x8b,0x04,0x8a,0x04,0x8a,0x04,0x8a,0x04,0xab,0x04,
  0x8a,0x04,0xab,0x04,0x8a,0x04,0xab,0x04,0xaa,0x04,0xab,0x04,0xaa,0x04,0xcb,0x04,0xab,0x04,0xcb,0x04,0xcb,0x04,0xcb,0x04,
  0xcb,0x04,0xcb,0x04,0xcb,0x04,0xeb,0x0c,0xcb,0x04,0xeb,0x0c,0xeb,0x04,0xec,0x0c,0xeb,0x0c,0xec,0x0c,0xeb,0x0c,0x0c,0x15,
  0xec,0x0c,0x0c,0x15,0xec,0x0c,0x0c,0x15,0x0c,0x15,0x0c,0x15,0x0c,0x15,0x0d,0x1d,0x0c,0x15,0x2d,0x1d,0x0c,0x15,0x2d,0x1d,
  0x0d,0x1d,0x2d,0x1d,0x2d,0x1d,0x2d,0x25,0x2d,0x1d,0x2d,0x25,0x2d,0x1d,0x4e,0x25,0x2d,0x25,0x4e,0x25,0x2d,0x25,0x4e,0x2d,
  0x4e,0x25,0x4e,0x2d,0x4e,0x25,0x4e,0x2d,0x4e,0x2d,0x6e,0x2d,0x4e,0x2d,0x6f,0x35,0x4e,0x2d,0x6f,0x35,0x6e,0x2d,0x6f,0x35,
  0x6f,0x35,0x6f,0x35,0x6f,0x35,0x8f,0x3d,0x6f,0x35,0x8f,0x3d,0x6f,0x35,0x90,0x3d,0x8f,0x3d,0x00,0x00,0x00,0x00,0x00,0x00,
  0x00,0x00,0x00,0x00,0xa8,0x03,0xa8,0x03,0xa8,0x03,0xa8,0x03,0xa8,0x03,0xc9,0x03,0xa8,0x03,0xc9,0x03,0xc8,0x03,0xc9,0x03,
  0xc8,0x03,0xe9,0x03,0xc8,0x03,0xe9,0x03,0xe8,0x03,0xe9,0x03,0xe9,0x03,0xe9,0x03,0xe8,0x03,0x09,0x04,0xe9,0x03,0x09,0x04,
  0x09,0x04,0x09,0x04,0x09,0x04,0x29,0x04,0x09,0x04,0x29,0x04,0x29,0x04,0x2a,0x04,0x29,0x04,0x2a,0x04,0x29,0x04,0x4a,0x04,
  0x29,0x04,0x4a,0x04,0x49,0x04,0x4a,0x04,0x49,0x04,0x6a,0x04,0x4a,0x04,0x6a,0x04,0x69,0x04,0x6a,0x04,0x6a,0x04,0x6a,0x04,
  0x6a,0x04,0x8a,0x04,0x6a,0x04,0x8a,0x04,0x8a,0x04,0x8a,0x04,0x8a,0x04,0xab,0x04,0x8a,0x04,0xaa,0x04,0x8a,0x04,0xab,0x04,
  0xaa,0x04,0xab,0x04,0xaa,0x04,0xcb,0x04,0xaa,0x04,0xcb,0x04,0xca,0x04,0xcb,0x04,0xca,0x04,0xcb,0x04,0xcb,0x04,0xeb,0x0c,
  0xcb,0x04,0xeb,0x0c,0xcb,0x04,0xec,0x0c,0xeb,0x0c,0xec,0x0c,0xeb,0x0c,0x0c,0x15,0xeb,0x0c,0x0c,0x15,0xec,0x0c,0x0c,0x15,
  0x0c,0x15,0x0c,0x15,0x0c,0x15,0x0d,0x1d,0x0c,0x15,0x2d,0x1d,0x0c,0x15,0x2d,0x1d,0x0c,0x1d,0x2d,0x1d,0x2d,0x1d,0x2d,0x25,
  0x2d,0x1d,0x2d,0x25,0x2d,0x25,0x4e,0x25,0x2d,0x25,0x4e,0x25,0x2d,0x25,0x4e,0x2d,0x4d,0x25,0x4e,0x2d,0x4e,0x2d,0x4e,0x2d,
  0x4e,0x2d,0x6e,0x2d,0x4e,0x2d,0x6f,0x35,0x4e,0x2d,0x6f,0x35,0x6e,0x35,0x6f,0x35,0x6e,0x35,0x6f,0x35,0x6f,0x35,0x8f,0x3d,
  0x6f,0x35,0x90,0x45,0x00,0x00,0x00,0x00,0x00,0x00,0x00,0x00,0x00,0x00,0xa9,0x03,0xa8,0x03,0xa9,0x03,0xa8,0x03,0xc9,0x03,
  0xa8,0x03,0xc9,0x03,0xc8,0x03,0xc9,0x03,0xc8,0x03,0xe9,0x03,0xc8,0x03,0xe9,0x03,0xe9,0x03,0xe9,0x03,0xe9,0x03,0xe9,0x03,
  0xe9,0x03,0x09,0x04,0xe9,0x03,0x09,0x04,0x09,0x04,0x09,0x04,0x09,0x04,0x2a,0x04,0x09,0x04,0x2a,0x04,0x29,0x04,0x2a,0x04,
  0x29,0x04,0x2a,0x04,0x29,0x04,0x4a,0x04,0x29,0x04,0x4a,0x04,0x49,0x04,0x4a,0x04,0x4a,0x04,0x6a,0x04,0x4a,0x04,0x6a,0x04,
  0x4a,0x04,0x6a,0x04,0x6a,0x04,0x6a,0x04,0x6a,0x04,0x8a,0x04,0x6a,0x04,0x8b,0x04,0x8a,0x04,0x8b,0x04,0x8a,0x04,0xab,0x04,
  0x8a,0x04,0xab,0x04,0x8a,0x04,0xab,0x04,0xaa,0x04,0xab,0x04,0xaa,0x04,0xcb,0x04,0xab,0x04,0xcb,0x04,0xcb,0x04,0xcb,0x04,
  0xcb,0x04,0xeb,0x04,0xcb,0x04,0xeb,0x0c,0xcb,0x04,0xeb,0x0c,0xeb,0x04,0xec,0x0c,0xeb,0x0c,0xec,0x0c,0xeb,0x0c,0x0c,0x15,
  0xec,0x0c,0x0c,0x15,0xec,0x0c,0x0c,0x15,0x0c,0x15,0x0c,0x15,0x0c,0x15,0x0d,0x1d,0x0c,0x15,0x2d,0x1d,0x0c,0x15,0x2d,0x1d,
  0x0d,0x1d,0x2d,0x1d,0x2d,0x1d,0x2d,0x25,0x2d,0x1d,0x2d,0x25,0x2d,0x1d,0x4e,0x25,0x2d,0x25,0x4e,0x25,0x2d,0x25,0x4e,0x2d,
  0x4e,0x25,0x4e,0x2d,0x4e,0x25,0x4e,0x2d,0x4e,0x2d,0x6e,0x2d,0x4e,0x2d,0x6f,0x35,0x4e,0x2d,0x6f,0x35,0x6e,0x2d,0x6f,0x35,
  0x6f,0x35,0x6f,0x35,0x6f,0x35,0x8f,0x3d,0x6f,0x35,0x8f,0x3d,0x00,0x00,0x00,0x00,0x00,0x00,0x00,0x00,0x00,0x00,0x00,0x00,
  0x88,0x03,0xa8,0x03,0xa8,0x03,0xa8,0x03,0xa8,0x03,0xc8,0x03,0xa8,0x03,0xc9,0x03,0xa8,0x03,0xc9,0x03,0xc8,0x03,0xc9,0x03,
  0xc8,0x03,0xe9,0x03,0xc8,0x03,0xe9,0x03,0xe8,0x03,0xe9,0x03,0xe9,0x03,0x09,0x04,0xe8,0x03,0x09,0x04,0xe9,0x03,0x09,0x04,
  0x09,0x04,0x09,0x04,0x09,0x04,0x29,0x04,0x09,0x04,0x29,0x04,0x29,0x04,0x2a,0x04,0x29,0x04,0x2a,0x04,0x29,0x04,0x4a,0x04,
  0x29,0x04,0x4a,0x04,0x49,0x04,0x4a,0x04,0x49,0x04,0x6a,0x04,0x4a,0x04,0x6a,0x04,0x69,0x04,0x6a,0x04,0x6a,0x04,0x6a,0x04,
  0x6a,0x04,0x8a,0x04,0x6a,0x04,0x8a,0x04,0x8a,0x04,0x8a,0x04,0x8a,0x04,0xab,0x04,0x8a,0x04,0xab,0x04,0xaa,0x04,0xab,0x04,
  0xaa,0x04,0xab,0x04,0xaa,0x04,0xcb,0x04,0xaa,0x04,0xcb,0x04,0xcb,0x04,0xcb,0x04,0xca,0x04,0xeb,0x04,0xcb,0x04,0xeb,0x0c,
  0xcb,0x04,0xeb,0x0c,0xeb,0x0c,0xec,0x0c,0xeb,0x0c,0xec,0x0c,0xeb,0x0c,0x0c,0x15,0xeb,0x0c,0x0c,0x15,0xec,0x14,0x0c,0x15,
  0x0c,0x15,0x0c,0x15,0x0c,0x15,0x0d,0x1d,0x0c,0x15,0x2d,0x1d,0x0c,0x1d,0x2d,0x1d,0x0c,0x1d,0x2d,0x1d,0x2d,0x1d,0x2d,0x25,
  0x2d,0x1d,0x2d,0x25,0x2d,0x25,0x4e,0x25,0x2d,0x25,0x4e,0x25,0x2d,0x25,0x4e,0x2d,0x4d,0x25,0x4e,0x2d,0x4e,0x2d,0x4e,0x2d,
  0x4e,0x2d,0x6e,0x2d,0x4e,0x2d,0x6f,0x35,0x4e,0x2d,0x6f,0x35,0x6e,0x35,0x6f,0x35,0x6e,0x35,0x8f,0x35,0x00,0x00,0x00,0x00,
  0x00,0x00,0x00,0x00,0x00,0x00,0x00,0x00,0x00,0x00,0xa8,0x03,0xa8,0x03,0xa9,0x03,0xa8,0x03,0xc9,0x03,0xa8,0x03,0xc9,0x03,
  0xa8,0x03,0xc9,0x03,0xc8,0x03,0xc9,0x03,0xc8,0x03,0xe9,0x03,0xc8,0x03,0xe9,0x03,0xe9,0x03,0xe9,0x03,0xe9,0x03,0x09,0x04,
  0xe9,0x03,0x09,0x04,0xe9,0x03,0x09,0x04,0x09,0x04,0x09,0x04,0x09,0x04,0x2a,0x04,0x09,0x04,0x2a,0x04,0x29,0x04,0x2a,0x04,
  0x29,0x04,0x2a,0x04,0x29,0x04,0x4a,0x04,0x29,0x04,0x4a,0x04,0x49,0x04,0x4a,0x04,0x4a,0x04,0x6a,0x04,0x4a,0x04,0x6a,0x04,
  0x6a,0x04,0x6a,0x04,0x6a,0x04,0x6a,0x04,0x6a,0x04,0x8a,0x04,0x6a,0x04,0x8b,0x04,0x8a,0x04,0x8b,0x04,0x8a,0x04,0xab,0x04,
  0x8a,0x04,0xab,0x04,0xaa,0x04,0xab,0x04,0xaa,0x04,0xab,0x04,0xaa,0x04,0xcb,0x04,0xab,0x04,0xcb,0x04,0xcb,0x04,0xcb,0x04,
  0xcb,0x04,0xeb,0x04,0xcb,0x04,0xeb,0x0c,0xcb,0x04,0xeb,0x0c,0xeb,0x04,0xec,0x0c,0xeb,0x0c,0xec,0x0c,0xeb,0x0c,0x0c,0x15,
  0xec,0x0c,0x0c,0x15,0xec,0x0c,0x0c,0x15,0x0c,0x15,0x0c,0x15,0x0c,0x15,0x0d,0x1d,0x0c,0x15,0x2d,0x1d,0x0c,0x15,0x2d,0x1d,
  0x0d,0x1d,0x2d,0x1d,0x2d,0x1d,0x2d,0x25,0x2d,0x1d,0x2d,0x25,0x2d,0x1d,0x4e,0x25,0x2d,0x25,0x4e,0x25,0x2d,0x25,0x4e,0x2d,
  0x4e,0x25,0x4e,0x2d,0x4e,0x25,0x4e,0x2d,0x4e,0x2d,0x6e,0x2d,0x4e,0x2d,0x6f,0x35,0x4e,0x2d,0x6f,0x35,0x6e,0x2d,0x6f,0x35,
  0x6f,0x35,0x6f,0x35,0x00,0x00,0x00,0x00,0x00,0x00,0x00,0x00,0x00,0x00,0x00,0x00,0x00,0x00,0x00,0x00,0x88,0x03,0xa8,0x03,
  0x88,0x03,0xa8,0x03,0xa8,0x03,0xa8,0x03,0xa8,0x03,0xc8,0x03,0xa8,0x03,0xc9,0x03,0xc8,0x03,0xc9,0x03,0xc8,0x03,0xc9,0x03,
  0xc8,0x03,0xe9,0x03,0xc8,0x03,0xe9,0x03,0xe8,0x03,0xe9,0x03,0xe9,0x03,0x09,0x04,0xe9,0x03,0x09,0x04,0xe9,0x03,0x09,0x04,
  0x09,0x04,0x09,0x04,0x09,0x04,0x29,0x04,0x09,0x04,0x29,0x04,0x29,0x04,0x2a,0x04,0x29,0x04,0x4a,0x04,0x29,0x04,0x4a,0x04,
  0x29,0x04,0x4a,0x04,0x49,0x04,0x4a,0x04,0x49,0x04,0x6a,0x04,0x4a,0x04,0x6a,0x04,0x69,0x04,0x6a,0x04,0x6a,0x04,0x8a,0x04,
  0x6a,0x04,0x8a,0x04,0x6a,0x04,0x8a,0x04,0x8a,0x04,0x8a,0x04,0x8a,0x04,0xab,0x04,0x8a,0x04,0xab,0x04,0xaa,0x04,0xab,0x04,
  0xaa,0x04,0xcb,0x04,0xaa,0x04,0xcb,0x04,0xaa,0x04,0xcb,0x04,0xcb,0x04,0xcb,0x04,0xcb,0x04,0xeb,0x04,0xcb,0x04,0xeb,0x0c,
  0xcb,0x04,0xeb,0x0c,0xeb,0x0c,0xec,0x0c,0xeb,0x0c,0xec,0x0c,0xeb,0x0c,0x0c,0x15,0xec,0x0c,0x0c,0x15,0xec,0x14,0x0c,0x15,
  0x0c,0x15,0x0c,0x15,0x0c,0x15,0x0d,0x1d,0x0c,0x15,0x2d,0x1d,0x0c,0x1d,0x2d,0x1d,0x0d,0x1d,0x2d,0x1d,0x2d,0x1d,0x2d,0x25,
  0x2d,0x1d,0x2d,0x25,0x2d,0x25,0x4e,0x25,0x2d,0x25,0x4e,0x25,0x2d,0x25,0x4e,0x2d,0x4e,0x25,0x4e,0x2d,0x4e,0x2d,0x4e,0x2d,
  0x4e,0x2d,0x6e,0x2d,0x4e,0x2d,0x6f,0x35,0x4e,0x2d,0x6f,0x35,0x00,0x00,0x00,0x00,0x00,0x00,0x00,0x00,0x00,0x00,0x00,0x00,
  0x00,0x00,0x00,0x00,0x00,0x00,0xa8,0x03,0x88,0x03,0xa8,0x03,0xa8,0x03,0xa9,0x03,0xa8,0x03,0xc9,0x03,0xa8,0x03,0xc9,0x03,
  0xc8,0x03,0xc9,0x03,0xc8,0x03,0xc9,0x03,0xc8,0x03,0xe9,0x03,0xc8,0x03,0xe9,0x03,0xe9,0x03,0xe9,0x03,0xe9,0x03,0x09,0x04,
  0xe9,0x03,0x09,0x04,0xe9,0x03,0x09,0x04,0x09,0x04,0x09,0x04,0x09,0x04,0x2a,0x04,0x09,0x04,0x2a,0x04,0x29,0x04,0x2a,0x04,
  0x29,0x04,0x4a,0x04,0x29,0x04,0x4a,0x04,0x29,0x04,0x4a,0x04,0x49,0x04,0x4a,0x04,0x4a,0x04,0x6a,0x04,0x4a,0x04,0x6a,0x04,
  0x6a,0x04,0x6a,0x04,0x6a,0x04,0x8a,0x04,0x6a,0x04,0x8a,0x04,0x6a,0x04,0x8b,0x04,0x8a,0x04,0x8b,0x04,0x8a,0x04,0xab,0x04,
  0x8a,0x04,0xab,0x04,0xaa,0x04,0xab,0x04,0xaa,0x04,0xcb,0x04,0xaa,0x04,0xcb,0x04,0xab,0x04,0xcb,0x04,0xcb,0x04,0xcb,0x04,
  0xcb,0x04,0xeb,0x04,0xcb,0x04,0xeb,0x0c,0xcb,0x04,0xec,0x0c,0xeb,0x04,0xec,0x0c,0xeb,0x0c,0xec,0x0c,0xeb,0x0c,0x0c,0x15,
  0xec,0x0c,0x0c,0x15,0xec,0x0c,0x0c,0x15,0x0c,0x15,0x0d,0x15,0x0c,0x15,0x0d,0x1d,0x0c,0x15,0x2d,0x1d,0x0c,0x15,0x2d,0x1d,
  0x0d,0x1d,0x2d,0x1d,0x2d,0x1d,0x2d,0x25,0x2d,0x1d,0x2e,0x25,0x2d,0x1d,0x4e,0x25,0x2d,0x25,0x4e,0x25,0x2d,0x25,0x4e,0x2d,
  0x4e,0x25,0x4e,0x2d,0x4e,0x2d,0x4e,0x2d,0x4e,0x2d,0x6f,0x2d,0x4e,0x2d,0x6f,0x35,0x4e,0x35,0x6f,0x35,0x00,0x00,0x00,0x00,
  0x00,0x00,0x00,0x00,0x00,0x00,0x00,0x00,0x00,0x00,0x00,0x00,0x00,0x00,0x00,0x00,0x88,0x03,0xa8,0x03,0x88,0x03,0xa8,0x03,
  0x88,0x03,0xa8,0x03,0xa8,0x03,0xa8,0x03,0xa8,0x03,0xc8,0x03,0xa8,0x03,0xc9,0x03,0xc8,0x03,0xc9,0x03,0xc8,0x03,0xc9,0x03,
  0xc8,0x03,0xe9,0x03,0xc8,0x03,0xe9,0x03,0xe8,0x03,0xe9,0x03,0xe9,0x03,0x09,0x04,0xe9,0x03,0x09,0x04,0x09,0x04,0x09,0x04,
  0x09,0x04,0x09,0x04,0x09,0x04,0x29,0x04,0x09,0x04,0x29,0x04,0x29,0x04,0x2a,0x04,0x29,0x04,0x4a,0x04,0x29,0x04,0x4a,0x04,
  0x49,0x04,0x4a,0x04,0x49,0x04,0x4a,0x04,0x49,0x04,0x6a,0x04,0x4a,0x04,0x6a,0x04,0x6a,0x04,0x6a,0x04,0x6a,0x04,0x8a,0x04,
  0x6a,0x04,0x8a,0x04,0x8a,0x04,0x8a,0x04,0x8a,0x04,0x8a,0x04,0x8a,0x04,0xab,0x04,0x8a,0x04,0xab,0x04,0xaa,0x04,0xab,0x04,
  0xaa,0x04,0xcb,0x04,0xaa,0x04,0xcb,0x04,0xaa,0x04,0xcb,0x04,0xcb,0x04,0xcb,0x04,0xcb,0x04,0xeb,0x04,0xcb,0x04,0xeb,0x0c,
  0xcb,0x04,0xeb,0x0c,0xeb,0x0c,0xec,0x0c,0xeb,0x0c,0xec,0x0c,0xeb,0x0c,0x0c,0x15,0xec,0x0c,0x0c,0x15,0xec,0x14,0x0c,0x15,
  0x0c,0x15,0x0c,0x15,0x0c,0x15,0x0d,0x1d,0x0c,0x15,0x2d,0x1d,0x0c,0x1d,0x2d,0x1d,0x0d,0x1d,0x2d,0x1d,0x2d,0x1d,0x2d,0x25,
  0x2d,0x1d,0x2d,0x25,0x2d,0x25,0x4e,0x25,0x2d,0x25,0x4e,0x25,0x2d,0x25,0x4e,0x2d,0x4e,0x25,0x4e,0x2d,0x4e,0x2d,0x4e,0x2d,
  0x4e,0x2d,0x8f,0x35,0x00,0x00,0x00,0x00,0x00,0x00,0x00,0x00,0x00,0x00,0x00,0x00,0x00,0x00,0x00,0x00,0x00,0x00,0x00,0x00,
  0x00,0x00,0xa8,0x03,0x88,0x03,0xa8,0x03,0x88,0x03,0xa8,0x03,0xa8,0x03,0xa9,0x03,0xa8,0x03,0xc9,0x03,0xa8,0x03,0xc9,0x03,
  0xc8,0x03,0xc9,0x03,0xc8,0x03,0xc9,0x03,0xc8,0x03,0xe9,0x03,0xc8,0x03,0xe9,0x03,0xe9,0x03,0xe9,0x03,0xe9,0x03,0x09,0x04,
  0xe9,0x03,0x09,0x04,0x09,0x04,0x09,0x04,0x09,0x04,0x09,0x04,0x09,0x04,0x2a,0x04,0x09,0x04,0x2a,0x04,0x29,0x04,0x2a,0x04,
  0x29,0x04,0x4a,0x04,0x29,0x04,0x4a,0x04,0x49,0x04,0x4a,0x04,0x49,0x04,0x4a,0x04,0x4a,0x04,0x6a,0x04,0x4a,0x04,0x6a,0x04,
  0x6a,0x04,0x6a,0x04,0x6a,0x04,0x8a,0x04,0x6a,0x04,0x8a,0x04,0x6a,0x04,0x8b,0x04,0x8a,0x04,0x8b,0x04,0x8a,0x04,0xab,0x04,
  0x8a,0x04,0xab,0x04,0xaa,0x04,0xab,0x04,0xaa,0x04,0xcb,0x04,0xaa,0x04,0xcb,0x04,0xab,0x04,0xcb,0x04,0xcb,0x04,0xcb,0x04,
  0xcb,0x04,0xeb,0x04,0xcb,0x04,0xec,0x0c,0xcb,0x04,0xec,0x0c,0xeb,0x04,0xec,0x0c,0xeb,0x0c,0xec,0x0c,0xeb,0x0c,0x0c,0x15,
  0xec,0x0c,0x0c,0x15,0xec,0x14,0x0d,0x15,0x0c,0x15,0x0d,0x15,0x0c,0x15,0x0d,0x1d,0x0c,0x15,0x2d,0x1d,0x0c,0x1d,0x2d,0x1d,
  0x0d,0x1d,0x2d,0x1d,0x2d,0x1d,0x2e,0x25,0x2d,0x1d,0x4e,0x25,0x2d,0x25,0x4e,0x25,0x2d,0x25,0x4e,0x25,0x4d,0x25,0x4e,0x2d,
  0x4e,0x25,0x4e,0x2d,0x4e,0x2d,0x4f,0x35,0x8f,0x2d,0x00,0x00,0x00,0x00,0x00,0x00,0x00,0x00,0x00,0x00,0x00,0x00,0x00,0x00,
  0x00,0x00,0x00,0x00,0x00,0x00,0x00,0x00,0x00,0x00,0x00,0x00,0x88,0x03,0x88,0x03,0x88,0x03,0xa8,0x03,0x88,0x03,0xa8,0x03,
  0x88,0x03,0xa8,0x03,0xa8,0x03,0xa8,0x03,0xa8,0x03,0xc8,0x03,0xa8,0x03,0xc9,0x03,0xc8,0x03,0xc9,0x03,0xc8,0x03,0xe9,0x03,
  0xc8,0x03,0xe9,0x03,0xc8,0x03,0xe9,0x03,0xe8,0x03,0xe9,0x03,0xe9,0x03,0x09,0x04,0xe9,0x03,0x09,0x04,0x09,0x04,0x09,0x04,
  0x09,0x04,0x29,0x04,0x09,0x04,0x29,0x04,0x09,0x04,0x29,0x04,0x29,0x04,0x2a,0x04,0x29,0x04,0x4a,0x04,0x29,0x04,0x4a,0x04,
  0x49,0x04,0x4a,0x04,0x49,0x04,0x6a,0x04,0x49,0x04,0x6a,0x04,0x4a,0x04,0x6a,0x04,0x6a,0x04,0x6a,0x04,0x6a,0x04,0x8a,0x04,
  0x6a,0x04,0x8a,0x04,0x8a,0x04,0x8a,0x04,0x8a,0x04,0x8a,0x04,0x8a,0x04,0xab,0x04,0x8a,0x04,0xab,0x04,0xaa,0x04,0xab,0x04,
  0xaa,0x04,0xcb,0x04,0xaa,0x04,0xcb,0x04,0xaa,0x04,0xcb,0x04,0xcb,0x04,0xeb,0x0c,0xcb,0x04,0xec,0x0c,0xcb,0x04,0xec,0x0c,
  0xec,0x0c,0x00,0x00,0x00,0x00,0x00,0x00,0x00,0x00,0x00,0x00,0x00,0x00,0x00,0x00,0x00,0x00,0x00,0x00,0x00,0x00,0x00,0x00,
  0x00,0x00,0x00,0x00,0x00,0x00,0x00,0x00,0x00,0x00,0x00,0x00,0x00,0x00,0x00,0x00,0x00,0x00,0x00,0x00,0x00,0x00,0x00,0x00,
  0x00,0x00,0x00,0x00,0x00,0x00,0x00,0x00,0x00,0x00,0x00,0x00,0x00,0x00,0x00,0x00,0x00,0x00,0x00,0x00,0x00,0x00,0x00,0x00,
  0x00,0x00,0x00,0x00,0x00,0x00,0x00,0x00,0x00,0x00,0x00,0x00,0x00,0x00,0x00,0x00,0x00,0x00,0x00,0x00,0x00,0x00,0x88,0x03,
  0x88,0x03,0xa8,0x03,0x88,0x03,0xa8,0x03,0x88,0x03,0xa8,0x03,0xa8,0x03,0xa9,0x03,0xa8,0x03,0xc9,0x03,0xa8,0x03,0xc9,0x03,
  0xc8,0x03,0xc9,0x03,0xc8,0x03,0xe9,0x03,0xc9,0x03,0xe9,0x03,0xc8,0x03,0xe9,0x03,0xe9,0x03,0xe9,0x03,0xe9,0x03,0x09,0x04,
  0xe9,0x03,0x09,0x04,0x09,0x04,0x09,0x04,0x09,0x04,0x29,0x04,0x09,0x04,0x2a,0x04,0x09,0x04,0x2a,0x04,0x29,0x04,0x2a,0x04,
  0x29,0x04,0x4a,0x04,0x29,0x04,0x4a,0x04,0x49,0x04,0x4a,0x04,0x49,0x04,0x4a,0x04,0x4a,0x04,0x6a,0x04,0x4a,0x04,0x6a,0x04,
  0x6a,0x04,0x6a,0x04,0x6a,0x04,0x8a,0x04,0x6a,0x04,0x8a,0x04,0x8a,0x04,0x8b,0x04,0x8a,0x04,0x8b,0x04,0x8a,0x04,0xab,0x04,
  0x8a,0x04,0xab,0x04,0xaa,0x04,0xab,0x04,0xab,0x04,0xcb,0x04,0xcb,0x04,0x00,0x00,0x00,0x00,0x00,0x00,0x00,0x00,0x00,0x00,
  0x00,0x00,0x00,0x00,0x00,0x00,0x00,0x00,0x00,0x00,0x00,0x00,0x00,0x00,0x00,0x00,0x00,0x00,0x00,0x00,0x00,0x00,0x00,0x00,
  0x00,0x00,0x00,0x00,0x00,0x00,0x00,0x00,0x00,0x00,0x00,0x00,0x00,0x00,0x00,0x00,0x00,0x00,0x00,0x00,0x00,0x00,0x00,0x00,
  0x00,0x00,0x00,0x00,0x00,0x00,0x00,0x00,0x00,0x00,0x00,0x00,0x00,0x00,0x00,0x00,0x00,0x00,0x00,0x00,0x00,0x00,0x00,0x00,
  0x00,0x00,0x00,0x00,0x00,0x00,0x00,0x00,0x00,0x00,0x00,0x00,0x00,0x00,0x00,0x00,0x00,0x00,0x00,0x00,0x00,0x00,0x00,0x00,
  0x00,0x00,0x00,0x00,0x00,0x00,0x00,0x00,0x88,0x03,0x88,0x03,0x88,0x03,0x88,0x03,0x88,0x03,0xa8,0x03,0x88,0x03,0xa8,0x03,
  0xa8,0x03,0xa8,0x03,0xa8,0x03,0xa8,0x03,0xa8,0x03,0xc8,0x03,0xa8,0x03,0xc9,0x03,0xc8,0x03,0xc9,0x03,0xc8,0x03,0xe9,0x03,
  0xc8,0x03,0xe9,0x03,0xe8,0x03,0xe9,0x03,0xe8,0x03,0xe9,0x03,0xe9,0x03,0x09,0x04,0xe9,0x03,0x09,0x04,0x09,0x04,0x09,0x04,
  0x09,0x04,0x29,0x04,0x09,0x04,0x29,0x04,0x09,0x04,0x29,0x04,0x29,0x04,0x2a,0x04,0x29,0x04,0x4a,0x04,0x29,0x04,0x4a,0x04,
  0x49,0x04,0x4a,0x04,0x49,0x04,0x6a,0x04,0x49,0x04,0x6a,0x04,0x4a,0x04,0x6a,0x04,0x6a,0x04,0x6a,0x04,0x6a,0x04,0x8a,0x04,
  0x6a,0x04,0x8a,0x04,0x8a,0x04,0x8a,0x04,0x8a,0x04,0xaa,0x04,0x8a,0x04,0xcb,0x04,0x00,0x00,0x00,0x00,0x00,0x00,0x00,0x00,
  0x00,0x00,0x00,0x00,0x00,0x00,0x00,0x00,0x00,0x00,0x00,0x00,0x00,0x00,0x00,0x00,0x00,0x00,0x00,0x00,0x00,0x00,0x00,0x00,
  0x00,0x00,0x00,0x00,0x00,0x00,0x00,0x00,0x00,0x00,0x00,0x00,0x00,0x00,0x00,0x00,0x00,0x00,0x00,0x00,0x00,0x00,0x00,0x00,
  0x00,0x00,0x00,0x00,0x00,0x00,0x00,0x00,0x00,0x00,0x00,0x00,0x00,0x00,0x00,0x00,0x00,0x00,0x00,0x00,0x00,0x00,0x00,0x00,
  0x00,0x00,0x00,0x00,0x00,0x00,0x00,0x00,0x00,0x00,0x00,0x00,0x00,0x00,0x00,0x00,0x00,0x00,0x00,0x00,0x00,0x00,0x00,0x00,
  0x00,0x00,0x00,0x00,0x00,0x00,0x00,0x00,0x00,0x00,0x00,0x00,0x00,0x00,0x00,0x00,0x00,0x00,0x88,0x03,0x88,0x03,0x88,0x03,
  0x88,0x03,0xa8,0x03,0x88,0x03,0xa8,0x03,0xa8,0x03,0xa8,0x03,0xa8,0x03,0xa9,0x03,0xa8,0x03,0xc9,0x03,0xa8,0x03,0xc9,0x03,
  0xc8,0x03,0xc9,0x03,0xc8,0x03,0xe9,0x03,0xc9,0x03,0xe9,0x03,0xe8,0x03,0xe9,0x03,0xe9,0x03,0xe9,0x03,0xe9,0x03,0x09,0x04,
  0xe9,0x03,0x09,0x04,0x09,0x04,0x09,0x04,0x09,0x04,0x29,0x04,0x09,0x04,0x2a,0x04,0x09,0x04,0x2a,0x04,0x29,0x04,0x2a,0x04,
  0x29,0x04,0x4a,0x04,0x29,0x04,0x4a,0x04,0x4a,0x04,0x4a,0x04,0x49,0x04,0x6a,0x04,0x4a,0x04,0x6a,0x04,0x4a,0x04,0x6a,0x04,
  0x6a,0x04,0x6a,0x04,0x6a,0x04,0x8a,0x04,0x6a,0x04,0x8a,0x04,0x8a,0x04,0x8b,0x04,0x8a,0x04,0xab,0x04,0x00,0x00,0x00,0x00,
  0x00,0x00,0x00,0x00,0x00,0x00,0x00,0x00,0x00,0x00,0x00,0x00,0x00,0x00,0x00,0x00,0x00,0x00,0x00,0x00,0x00,0x00,0x00,0x00,
  0x00,0x00,0x00,0x00,0x00,0x00,0x00,0x00,0x00,0x00,0x00,0x00,0x00,0x00,0x00,0x00,0x00,0x00,0x00,0x00,0x00,0x00,0x00,0x00,
  0x00,0x00,0x00,0x00,0x00,0x00,0x00,0x00,0x00,0x00,0x00,0x00,0x00,0x00,0x00,0x00,0x00,0x00,0x00,0x00,0x00,0x00,0x00,0x00,
  0x00,0x00,0x00,0x00,0x00,0x00,0x00,0x00,0x00,0x00,0x00,0x00,0x00,0x00,0x00,0x00,0x00,0x00,0x00,0x00,0x00,0x00,0x00,0x00,
  0x00,0x00,0x00,0x00,0x00,0x00,0x00,0x00,0x00,0x00,0x00,0x00,0x00,0x00,0x00,0x00,0x00,0x00,0x00,0x00,0x00,0x00,0x00,0x00,
  0x00,0x00,0x00,0x00,0x67,0x03,0x88,0x03,0x67,0x03,0x88,0x03,0x88,0x03,0x88,0x03,0x88,0x03,0xa8,0x03,0x88,0x03,0xa8,0x03,
  0xa8,0x03,0xa8,0x03,0xa8,0x03,0xc9,0x03,0xa8,0x03,0xc8,0x03,0xa8,0x03,0xc9,0x03,0xc8,0x03,0xc9,0x03,0xc8,0x03,0xe9,0x03,
  0xc8,0x03,0xe9,0x03,0xe8,0x03,0xe9,0x03,0xe8,0x03,0xe9,0x03,0xe9,0x03,0x09,0x04,0xe9,0x03,0x09,0x04,0x09,0x04,0x09,0x04,
  0x09,0x04,0x29,0x04,0x09,0x04,0x29,0x04,0x29,0x04,0x29,0x04,0x29,0x04,0x2a,0x04,0x29,0x04,0x4a,0x04,0x29,0x04,0x4a,0x04,
  0x49,0x04,0x4a,0x04,0x49,0x04,0x6a,0x04,0x49,0x04,0x6a,0x04,0x6a,0x04,0x6a,0x04,0x6a,0x04,0x6a,0x04,0x6a,0x04,0x8a,0x04,
  0x6a,0x04,0x00,0x00,0x00,0x00,0x00,0x00,0x00,0x00,0x00,0x00,0x00,0x00,0x00,0x00,0x00,0x00,0x00,0x00,0x00,0x00,0x00,0x00,
  0x00,0x00,0x00,0x00,0x00,0x00,0x00,0x00,0x00,0x00,0x00,0x00,0x00,0x00,0x00,0x00,0x00,0x00,0x00,0x00,0x00,0x00,0x00,0x00,
  0x00,0x00,0x00,0x00,0x00,0x00,0x00,0x00,0x00,0x00,0x00,0x00,0x00,0x00,0x00,0x00,0x00,0x00,0x00,0x00,0x00,0x00,0x00,0x00,
  0x00,0x00,0x00,0x00,0x00,0x00,0x00,0x00,0x00,0x00,0x00,0x00,0x00,0x00,0x00,0x00,0x00,0x00,0x00,0x00,0x00,0x00,0x00,0x00,
  0x00,0x00,0x00,0x00,0x00,0x00,0x00,0x00,0x00,0x00,0x00,0x00,0x00,0x00,0x00,0x00,0x00,0x00,0x00,0x00,0x00,0x00,0x00,0x00,
  0x00,0x00,0x00,0x00,0x00,0x00,0x00,0x00,0x00,0x00,0x00,0x00,0x00,0x00,0x88,0x03,0x68,0x03,0x88,0x03,0x88,0x03,0x88,0x03,
  0x88,0x03,0xa8,0x03,0x88,0x03,0xa9,0x03,0xa8,0x03,0xa8,0x03,0xa8,0x03,0xc9,0x03,0xa8,0x03,0xc9,0x03,0xa8,0x03,0xc9,0x03,
  0xc8,0x03,0xc9,0x03,0xc8,0x03,0xe9,0x03,0xc9,0x03,0xe9,0x03,0xe9,0x03,0xe9,0x03,0xe9,0x03,0xe9,0x03,0xe9,0x03,0x09,0x04,
  0xe9,0x03,0x09,0x04,0x09,0x04,0x09,0x04,0x09,0x04,0x29,0x04,0x09,0x04,0x2a,0x04,0x29,0x04,0x2a,0x04,0x29,0x04,0x2a,0x04,
  0x29,0x04,0x4a,0x04,0x29,0x04,0x4a,0x04,0x4a,0x04,0x4a,0x04,0x49,0x04,0x6a,0x04,0x4a,0x04,0x6a,0x04,0x6a,0x04,0x6a,0x04,
  0x6a,0x04,0x6a,0x04,0x6a,0x04,0x8a,0x04,0x00,0x00,0x00,0x00,0x00,0x00,0x00,0x00,0x00,0x00,0x00,0x00,0x00,0x00,0x00,0x00,
  0x00,0x00,0x00,0x00,0x00,0x00,0x00,0x00,0x00,0x00,0x00,0x00,0x00,0x00,0x00,0x00,0x00,0x00,0x00,0x00,0x00,0x00,0x00,0x00,
  0x00,0x00,0x00,0x00,0x00,0x00,0x00,0x00,0x00,0x00,0x00,0x00,0x00,0x00,0x00,0x00,0x00,0x00,0x00,0x00,0x00,0x00,0x00,0x00,
  0x00,0x00,0x00,0x00,0x00,0x00,0x00,0x00,0x00,0x00,0x00,0x00,0x00,0x00,0x00,0x00,0x00,0x00,0x00,0x00,0x00,0x00,0x00,0x00,
  0x00,0x00,0x00,0x00,0x00,0x00,0x00,0x00,0x00,0x00,0x00,0x00,0x00,0x00,0x00,0x00,0x00,0x00,0x00,0x00,0x00,0x00,0x00,0x00,
  0x00,0x00,0x00,0x00,0x00,0x00,0x00,0x00,0x00,0x00,0x00,0x00,0x00,0x00,0x00,0x00,0x00,0x00,0x00,0x00,0x00,0x00,0x00,0x00,
  0x88,0x03,0x88,0x03,0x67,0x03,0x88,0x03,0x87,0x03,0x88,0x03,0x88,0x03,0x88,0x03,0x88,0x03,0xa8,0x03,0x88,0x03,0xa8,0x03,
  0xa8,0x03,0xa8,0x03,0xa8,0x03,0xc9,0x03,0xa8,0x03,0xc8,0x03,0xa8,0x03,0xc9,0x03,0xc8,0x03,0xc9,0x03,0xc8,0x03,0xe9,0x03,
  0xc8,0x03,0xe9,0x03,0xe8,0x03,0xe9,0x03,0xe8,0x03,0x09,0x04,0xe9,0x03,0x09,0x04,0xe9,0x03,0x09,0x04,0x09,0x04,0x09,0x04,
  0x09,0x04,0x29,0x04,0x09,0x04,0x29,0x04,0x29,0x04,0x29,0x04,0x29,0x04,0x4a,0x04,0x29,0x04,0x4a,0x04,0x29,0x04,0x4a,0x04,
  0x49,0x04,0x4a,0x04,0x49,0x04,0x6a,0x04,0x49,0x04,0x6a,0x04,0x4a,0x04,0x8a,0x04,0x00,0x00,0x00,0x00,0x00,0x00,0x00,0x00,
  0x00,0x00,0x00,0x00,0x00,0x00,0x00,0x00,0x00,0x00,0x00,0x00,0x00,0x00,0x00,0x00,0x00,0x00,0x00,0x00,0x00,0x00,0x00,0x00,
  0x00,0x00,0x00,0x00,0x00,0x00,0x00,0x00,0x00,0x00,0x00,0x00,0x00,0x00,0x00,0x00,0x00,0x00,0x00,0x00,0x00,0x00,0x00,0x00,
  0x00,0x00,0x00,0x00,0x00,0x00,0x00,0x00,0x00,0x00,0x00,0x00,0x00,0x00,0x00,0x00,0x00,0x00,0x00,0x00,0x00,0x00,0x00,0x00,
  0x00,0x00,0x00,0x00,0x00,0x00,0x00,0x00,0x00,0x00,0x00,0x00,0x00,0x00,0x00,0x00,0x00,0x00,0x00,0x00,0x00,0x00,0x00,0x00,
  0x00,0x00,0x00,0x00,0x00,0x00,0x00,0x00,0x00,0x00,0x00,0x00,0x00,0x00,0x00,0x00,0x00,0x00,0x00,0x00,0x00,0x00,0x00,0x00,
  0x00,0x00,0x00,0x00,0x00,0x00,0x00,0x00,0x00,0x00,0x88,0x03,0x68,0x03,0x88,0x03,0x88,0x03,0x88,0x03,0x88,0x03,0x88,0x03,
  0x88,0x03,0xa8,0x03,0x88,0x03,0xa9,0x03,0xa8,0x03,0xa8,0x03,0xa8,0x03,0xc9,0x03,0xa8,0x03,0xc9,0x03,0xa8,0x03,0xc9,0x03,
  0xc8,0x03,0xc9,0x03,0xc8,0x03,0xe9,0x03,0xc9,0x03,0xe9,0x03,0xe9,0x03,0xe9,0x03,0xe9,0x03,0x09,0x04,0xe9,0x03,0x09,0x04,
  0xe9,0x03,0x09,0x04,0x09,0x04,0x0a,0x04,0x09,0x04,0x29,0x04,0x09,0x04,0x2a,0x04,0x29,0x04,0x2a,0x04,0x29,0x04,0x4a,0x04,
  0x29,0x04,0x4a,0x04,0x29,0x04,0x4a,0x04,0x4a,0x04,0x4a,0x04,0x49,0x04,0x6a,0x04,0x4a,0x04,0x6a,0x04,0x6a,0x04,0x00,0x00,
  0x00,0x00,0x00,0x00,0x00,0x00,0x00,0x00,0x00,0x00,0x00,0x00,0x00,0x00,0x00,0x00,0x00,0x00,0x00,0x00,0x00,0x00,0x00,0x00,
  0x00,0x00,0x00,0x00,0x00,0x00,0x00,0x00,0x00,0x00,0x00,0x00,0x00,0x00,0x00,0x00,0x00,0x00,0x00,0x00,0x00,0x00,0x00,0x00,
  0x00,0x00,0x00,0x00,0x00,0x00,0x00,0x00,0x00,0x00,0x00,0x00,0x00,0x00,0x00,0x00,0x00,0x00,0x00,0x00,0x00,0x00,0x00,0x00,
  0x00,0x00,0x00,0x00,0x00,0x00,0x00,0x00,0x00,0x00,0x00,0x00,0x00,0x00,0x00,0x00,0x00,0x00,0x00,0x00,0x00,0x00,0x00,0x00,
  0x00,0x00,0x00,0x00,0x00,0x00,0x00,0x00,0x00,0x00,0x00,0x00,0x00,0x00,0x00,0x00,0x00,0x00,0x00,0x00,0x00,0x00,0x00,0x00,
  0x00,0x00,0x00,0x00,0x00,0x00,0x00,0x00,0x00,0x00,0x00,0x00,0x00,0x00,0x00,0x00,0x00,0x00,0x00,0x00,0x68,0x03,0x68,0x03,
  0x67,0x03,0x88,0x03,0x67,0x03,0x88,0x03,0x87,0x03,0x88,0x03,0x88,0x03,0x88,0x03,0x88,0x03,0xa8,0x03,0x88,0x03,0xa8,0x03,
  0xa8,0x03,0xa8,0x03,0xa8,0x03,0xc9,0x03,0xa8,0x03,0xc8,0x03,0xc8,0x03,0xc9,0x03,0xc8,0x03,0xc9,0x03,0xc8,0x03,0xe9,0x03,
  0xc8,0x03,0xe9,0x03,0xe8,0x03,0xe9,0x03,0xe8,0x03,0x09,0x04,0xe9,0x03,0x09,0x04,0x09,0x04,0x09,0x04,0x09,0x04,0x09,0x04,
  0x09,0x04,0x29,0x04,0x09,0x04,0x2a,0x04,0x29,0x04,0x29,0x04,0x29,0x04,0x4a,0x04,0x29,0x04,0x4a,0x04,0x29,0x04,0x4a,0x04,
  0x49,0x04,0x4a,0x04,0x4a,0x04,0x00,0x00,0x00,0x00,0x00,0x00,0x00,0x00,0x00,0x00,0x00,0x00,0x00,0x00,0x00,0x00,0x00,0x00,
  0x00,0x00,0x00,0x00,0x00,0x00,0x00,0x00,0x00,0x00,0x00,0x00,0x00,0x00,0x00,0x00,0x00,0x00,0x00,0x00,0x00,0x00,0x00,0x00,
  0x00,0x00,0x00,0x00,0x00,0x00,0x00,0x00,0x00,0x00,0x00,0x00,0x00,0x00,0x00,0x00,0x00,0x00,0x00,0x00,0x00,0x00,0x00,0x00,
  0x00,0x00,0x00,0x00,0x00,0x00,0x00,0x00,0x00,0x00,0x00,0x00,0x00,0x00,0x00,0x00,0x00,0x00,0x00,0x00,0x00,0x00,0x00,0x00,
  0x00,0x00,0x00,0x00,0x00,0x00,0x00,0x00,0x00,0x00,0x00,0x00,0x00,0x00,0x00,0x00,0x00,0x00,0x00,0x00,0x00,0x00,0x00,0x00,
  0x00,0x00,0x00,0x00,0x00,0x00,0x00,0x00,0x00,0x00,0x00,0x00,0x00,0x00,0x00,0x00,0x00,0x00,0x00,0x00,0x00,0x00,0x00,0x00,
  0x00,0x00,0x00,0x00,0x00,0x00,0x68,0x03,0x68,0x03,0x88,0x03,0x68,0x03,0x88,0x03,0x88,0x03,0x88,0x03,0x88,0x03,0x88,0x03,
  0x88,0x03,0xa8,0x03,0x88,0x03,0xa9,0x03,0xa8,0x03,0xa8,0x03,0xa8,0x03,0xc9,0x03,0xa8,0x03,0xc9,0x03,0xc8,0x03,0xc9,0x03,
  0xc8,0x03,0xc9,0x03,0xc8,0x03,0xe9,0x03,0xc9,0x03,0xe9,0x03,0xe9,0x03,0xe9,0x03,0xe9,0x03,0x09,0x04,0xe9,0x03,0x09,0x04,
  0x09,0x04,0x09,0x04,0x09,0x04,0x0a,0x04,0x09,0x04,0x29,0x04,0x09,0x04,0x2a,0x04,0x29,0x04,0x2a,0x04,0x29,0x04,0x4a,0x04,
  0x29,0x04,0x4a,0x04,0x29,0x04,0x4a,0x04,0x4a,0x04,0x4a,0x04,0x4a,0x04,0x00,0x00,0x00,0x00,0x00,0x00,0x00,0x00,0x00,0x00,
  0x00,0x00,0x00,0x00,0x00,0x00,0x00,0x00,0x00,0x00,0x00,0x00,0x00,0x00,0x00,0x00,0x00,0x00,0x00,0x00,0x00,0x00,0x00,0x00,
  0x00,0x00,0x00,0x00,0x00,0x00,0x00,0x00,0x00,0x00,0x00,0x00,0x00,0x00,0x00,0x00,0x00,0x00,0x00,0x00,0x00,0x00,0x00,0x00,
  0x00,0x00,0x00,0x00,0x00,0x00,0x00,0x00,0x00,0x00,0x00,0x00,0x00,0x00,0x00,0x00,0x00,0x00,0x00,0x00,0x00,0x00,0x00,0x00,
  0x00,0x00,0x00,0x00,0x00,0x00,0x00,0x00,0x00,0x00,0x00,0x00,0x00,0x00,0x00,0x00,0x00,0x00,0x00,0x00,0x00,0x00,0x00,0x00,
  0x00,0x00,0x00,0x00,0x00,0x00,0x00,0x00,0x00,0x00,0x00,0x00,0x00,0x00,0x00,0x00,0x00,0x00,0x00,0x00,0x00,0x00,0x00,0x00,
  0x00,0x00,0x00,0x00,0x00,0x00,0x00,0x00,0x00,0x00,0x00,0x00,0x00,0x00,0x00,0x00,0x68,0x03,0x68,0x03,0x67,0x03,0x68,0x03,
  0x67,0x03,0x88,0x03,0x68,0x03,0x88,0x03,0x87,0x03,0x88,0x03,0x88,0x03,0xa8,0x03,0x88,0x03,0xa8,0x03,0x88,0x03,0xa8,0x03,
  0xa8,0x03,0xa8,0x03,0xa8,0x03,0xc9,0x03,0xa8,0x03,0xc9,0x03,0xc8,0x03,0xc9,0x03,0xc8,0x03,0xe9,0x03,0xc8,0x03,0xe9,0x03,
  0xc8,0x03,0xe9,0x03,0xe8,0x03,0xe9,0x03,0xe8,0x03,0x09,0x04,0xe9,0x03,0x09,0x04,0x09,0x04,0x09,0x04,0x09,0x04,0x09,0x04,
  0x09,0x04,0x29,0x04,0x09,0x04,0x2a,0x04,0x29,0x04,0x29,0x04,0x29,0x04,0x4a,0x04,0x29,0x04,0x4a,0x04,0x29,0x04,0x00,0x00,
  0x00,0x00,0x00,0x00,0x00,0x00,0x00,0x00,0x00,0x00,0x00,0x00,0x00,0x00,0x00,0x00,0x00,0x00,0x00,0x00,0x00,0x00,0x00,0x00,
  0x00,0x00,0x00,0x00,0x00,0x00,0x00,0x00,0x00,0x00,0x00,0x00,0x00,0x00,0x00,0x00,0x00,0x00,0x00,0x00,0x00,0x00,0x00,0x00,
  0x00,0x00,0x00,0x00,0x00,0x00,0x00,0x00,0x00,0x00,0x00,0x00,0x00,0x00,0x00,0x00,0x00,0x00,0x00,0x00,0x00,0x00,0x00,0x00,
  0x00,0x00,0x00,0x00,0x00,0x00,0x00,0x00,0x00,0x00,0x00,0x00,0x00,0x00,0x00,0x00,0x00,0x00,0x00,0x00,0x00,0x00,0x00,0x00,
  0x00,0x00,0x00,0x00,0x00,0x00,0x00,0x00,0x00,0x00,0x00,0x00,0x00,0x00,0x00,0x00,0x00,0x00,0x00,0x00,0x00,0x00,0x00,0x00,
  0x00,0x00,0x00,0x00,0x00,0x00,0x00,0x00,0x00,0x00,0x00,0x00,0x00,0x00,0x00,0x00,0x00,0x00,0x00,0x00,0x00,0x00,0x00,0x00,
  0x00,0x00,0x00,0x00,0x67,0x03,0x68,0x03,0x68,0x03,0x88,0x03,0x68,0x03,0x88,0x03,0x88,0x03,0x88,0x03,0x88,0x03,0xa8,0x03,
  0x88,0x03,0xa8,0x03,0x88,0x03,0xa9,0x03,0xa8,0x03,0xa9,0x03,0xa8,0x03,0xc9,0x03,0xa8,0x03,0xc9,0x03,0xc8,0x03,0xc9,0x03,
  0xc8,0x03,0xe9,0x03,0xc8,0x03,0xe9,0x03,0xc9,0x03,0xe9,0x03,0xe9,0x03,0xe9,0x03,0xe9,0x03,0x09,0x04,0xe9,0x03,0x09,0x04,
  0x09,0x04,0x09,0x04,0x09,0x04,0x0a,0x04,0x09,0x04,0x29,0x04,0x09,0x04,0x2a,0x04,0x29,0x04,0x2a,0x04,0x29,0x04,0x4a,0x04,
  0x29,0x04,0x4a,0x04,0x49,0x04,0x00,0x00,0x00,0x00,0x00,0x00,0x00,0x00,0x00,0x00,0x00,0x00,0x00,0x00,0x00,0x00,0x00,0x00,
  0x00,0x00,0x00,0x00,0x00,0x00,0x00,0x00,0x00,0x00,0x00,0x00,0x00,0x00,0x00,0x00,0x00,0x00,0x00,0x00,0x00,0x00,0x00,0x00,
  0x00,0x00,0x00,0x00,0x00,0x00,0x00,0x00,0x00,0x00,0x00,0x00,0x00,0x00,0x00,0x00,0x00,0x00,0x00,0x00,0x00,0x00,0x00,0x00,
  0x00,0x00,0x00,0x00,0x00,0x00,0x00,0x00,0x00,0x00,0x00,0x00,0x00,0x00,0x00,0x00,0x00,0x00,0x00,0x00,0x00,0x00,0x00,0x00,
  0x00,0x00,0x00,0x00,0x00,0x00,0x00,0x00,0x00,0x00,0x00,0x00,0x00,0x00,0x00,0x00,0x00,0x00,0x00,0x00,0x00,0x00,0x00,0x00,
  0x00,0x00,0x00,0x00,0x00,0x00,0x00,0x00,0x00,0x00,0x00,0x00,0x00,0x00,0x00,0x00,0x00,0x00,0x00,0x00,0x00,0x00,0x00,0x00,
  0x00,0x00,0x00,0x00,0x00,0x00,0x00,0x00,0x00,0x00,0x00,0x00,0x00,0x00,0x68,0x03,0x67,0x03,0x68,0x03,0x67,0x03,0x68,0x03,
  0x67,0x03,0x88,0x03,0x68,0x03,0x88,0x03,0x87,0x03,0x88,0x03,0x88,0x03,0xa8,0x03,0x88,0x03,0xa8,0x03,0xa8,0x03,0xa8,0x03,
  0xa8,0x03,0xa8,0x03,0xa8,0x03,0xc9,0x03,0xa8,0x03,0xc9,0x03,0xc8,0x03,0xc9,0x03,0xc8,0x03,0xe9,0x03,0xc8,0x03,0xe9,0x03,
  0xc8,0x03,0xe9,0x03,0xe9,0x03,0xe9,0x03,0xe8,0x03,0x09,0x04,0xe9,0x03,0x09,0x04,0x09,0x04,0x09,0x04,0x09,0x04,0x29,0x04,
  0x09,0x04,0x29,0x04,0x09,0x04,0x2a,0x04,0x29,0x04,0x29,0x04,0x29,0x04,0x8a,0x04,0x00,0x00,0x00,0x00,0x00,0x00,0x00,0x00,
  0x00,0x00,0x00,0x00,0x00,0x00,0x00,0x00,0x00,0x00,0x00,0x00,0x00,0x00,0x00,0x00,0x00,0x00,0x00,0x00,0x00,0x00,0x00,0x00,
  0x00,0x00,0x00,0x00,0x00,0x00,0x00,0x00,0x00,0x00,0x00,0x00,0x00,0x00,0x00,0x00,0x00,0x00,0x00,0x00,0x00,0x00,0x00,0x00,
  0x00,0x00,0x00,0x00,0x00,0x00,0x00,0x00,0x00,0x00,0x00,0x00,0x00,0x00,0x00,0x00,0x00,0x00,0x00,0x00,0x00,0x00,0x00,0x00,
  0x00,0x00,0x00,0x00,0x00,0x00,0x00,0x00,0x00,0x00,0x00,0x00,0x00,0x00,0x00,0x00,0x00,0x00,0x00,0x00,0x00,0x00,0x00,0x00,
  0x00,0x00,0x00,0x00,0x00,0x00,0x00,0x00,0x00,0x00,0x00,0x00,0x00,0x00,0x00,0x00,0x00,0x00,0x00,0x00,0x00,0x00,0x00,0x00,
  0x00,0x00,0x00,0x00,0x00,0x00,0x00,0x00,0x00,0x00,0x00,0x00,0x00,0x00,0x00,0x00,0x00,0x00,0x00,0x00,0x00,0x00,0x00,0x00,
  0x67,0x03,0x68,0x03,0x67,0x03,0x68,0x03,0x68,0x03,0x88,0x03,0x68,0x03,0x88,0x03,0x88,0x03,0x88,0x03,0x88,0x03,0xa8,0x03,
  0x88,0x03,0xa8,0x03,0xa8,0x03,0xa9,0x03,0xa8,0x03,0xa9,0x03,0xa8,0x03,0xc9,0x03,0xa8,0x03,0xc9,0x03,0xc8,0x03,0xc9,0x03,
  0xc8,0x03,0xe9,0x03,0xc8,0x03,0xe9,0x03,0xc9,0x03,0xe9,0x03,0xe9,0x03,0xe9,0x03,0xe9,0x03,0x09,0x04,0xe9,0x03,0x09,0x04,
  0x09,0x04,0x09,0x04,0x09,0x04,0x2a,0x04,0x09,0x04,0x2a,0x04,0x09,0x04,0x2a,0x04,0x29,0x04,0x2a,0x04,0x29,0x04,0x4a,0x04,
  0x00,0x00,0x00,0x00,0x00,0x00,0x00,0x00,0x00,0x00,0x00,0x00,0x00,0x00,0x00,0x00,0x00,0x00,0x00,0x00,0x00,0x00,0x00,0x00,
  0x00,0x00,0x00,0x00,0x00,0x00,0x00,0x00,0x00,0x00,0x00,0x00,0x00,0x00,0x00,0x00,0x00,0x00,0x00,0x00,0x00,0x00,0x00,0x00,
  0x00,0x00,0x00,0x00,0x00,0x00,0x00,0x00,0x00,0x00,0x00,0x00,0x00,0x00,0x00,0x00,0x00,0x00,0x00,0x00,0x00,0x00,0x00,0x00,
  0x00,0x00,0x00,0x00,0x00,0x00,0x00,0x00,0x00,0x00,0x00,0x00,0x00,0x00,0x00,0x00,0x00,0x00,0x00,0x00,0x00,0x00,0x00,0x00,
  0x00,0x00,0x00,0x00,0x00,0x00,0x00,0x00,0x00,0x00,0x00,0x00,0x00,0x00,0x00,0x00,0x00,0x00,0x00,0x00,0x00,0x00,0x00,0x00,
  0x00,0x00,0x00,0x00,0x00,0x00,0x00,0x00,0x00,0x00,0x00,0x00,0x00,0x00,0x00,0x00,0x00,0x00,0x00,0x00,0x00,0x00,0x00,0x00,
  0x00,0x00,0x00,0x00,0x00,0x00,0x00,0x00,0x00,0x00,0x68,0x03,0x47,0x03,0x68,0x03,0x67,0x03,0x68,0x03,0x67,0x03,0x88,0x03,
  0x67,0x03,0x88,0x03,0x68,0x03,0x88,0x03,0x88,0x03,0x88,0x03,0x88,0x03,0xa8,0x03,0x88,0x03,0xa8,0x03,0xa8,0x03,0xa8,0x03,
  0xa8,0x03,0xa8,0x03,0xa8,0x03,0xc9,0x03,0xa8,0x03,0xc9,0x03,0xc8,0x03,0xc9,0x03,0xc8,0x03,0xe9,0x03,0xc8,0x03,0xe9,0x03,
  0xe8,0x03,0xe9,0x03,0xe9,0x03,0xe9,0x03,0xe8,0x03,0x09,0x04,0xe9,0x03,0x09,0x04,0x09,0x04,0x09,0x04,0x09,0x04,0x29,0x04,
  0x09,0x04,0x29,0x04,0x29,0x04,0x2a,0x04,0x00,0x00,0x00,0x00,0x00,0x00,0x00,0x00,0x00,0x00,0x00,0x00,0x00,0x00,0x00,0x00,
  0x00,0x00,0x00,0x00,0x00,0x00,0x00,0x00,0x00,0x00,0x00,0x00,0x00,0x00,0x00,0x00,0x00,0x00,0x00,0x00,0x00,0x00,0x00,0x00,
  0x00,0x00,0x00,0x00,0x00,0x00,0x00,0x00,0x00,0x00,0x00,0x00,0x00,0x00,0x00,0x00,0x00,0x00,0x00,0x00,0x00,0x00,0x00,0x00,
  0x00,0x00,0x00,0x00,0x00,0x00,0x00,0x00,0x00,0x00,0x00,0x00,0x00,0x00,0x00,0x00,0x00,0x00,0x00,0x00,0x00,0x00,0x00,0x00,
  0x00,0x00,0x00,0x00,0x00,0x00,0x00,0x00,0x00,0x00,0x00,0x00,0x00,0x00,0x00,0x00,0x00,0x00,0x00,0x00,0x00,0x00,0x00,0x00,
  0x00,0x00,0x00,0x00,0x00,0x00,0x00,0x00,0x00,0x00,0x00,0x00,0x00,0x00,0x00,0x00,0x00,0x00,0x00,0x00,0x00,0x00,0x00,0x00,
  0x00,0x00,0x00,0x00,0x00,0x00,0x00,0x00,0x00,0x00,0x00,0x00,0x00,0x00,0x00,0x00,0x00,0x00,0x00,0x00,0x47,0x03,0x68,0x03,
  0x67,0x03,0x68,0x03,0x67,0x03,0x68,0x03,0x68,0x03,0x88,0x03,0x68,0x03,0x88,0x03,0x88,0x03,0x88,0x03,0x88,0x03,0xa8,0x03,
  0x88,0x03,0xa8,0x03,0xa8,0x03,0xa9,0x03,0xa8,0x03,0xa9,0x03,0xa8,0x03,0xc9,0x03,0xa8,0x03,0xc9,0x03,0xc8,0x03,0xc9,0x03,
  0xc8,0x03,0xe9,0x03,0xc8,0x03,0xe9,0x03,0xe9,0x03,0xe9,0x03,0xe9,0x03,0xe9,0x03,0xe9,0x03,0x09,0x04,0xe9,0x03,0x09,0x04,
  0x09,0x04,0x09,0x04,0x09,0x04,0x2a,0x04,0x09,0x04,0x2a,0x04,0x29,0x04,0x2a,0x04,0x00,0x00,0x00,0x00,0x00,0x00,0x00,0x00,
  0x00,0x00,0x00,0x00,0x00,0x00,0x00,0x00,0x00,0x00,0x00,0x00,0x00,0x00,0x00,0x00,0x00,0x00,0x00,0x00,0x00,0x00,0x00,0x00,
  0x00,0x00,0x00,0x00,0x00,0x00,0x00,0x00,0x00,0x00,0x00,0x00,0x00,0x00,0x00,0x00,0x00,0x00,0x00,0x00,0x00,0x00,0x00,0x00,
  0x00,0x00,0x00,0x00,0x00,0x00,0x00,0x00,0x00,0x00,0x00,0x00,0x00,0x00,0x00,0x00,0x00,0x00,0x00,0x00,0x00,0x00,0x00,0x00,
  0x00,0x00,0x00,0x00,0x00,0x00,0x00,0x00,0x00,0x00,0x00,0x00,0x00,0x00,0x00,0x00,0x00,0x00,0x00,0x00,0x00,0x00,0x00,0x00,
  0x00,0x00,0x00,0x00,0x00,0x00,0x00,0x00,0x00,0x00,0x00,0x00,0x00,0x00,0x00,0x00,0x00,0x00,0x00,0x00,0x00,0x00,0x00,0x00,
  0x00,0x00,0x00,0x00,0x00,0x00,0x00,0x00,0x00,0x00,0x00,0x00,0x00,0x00,0x00,0x00,0x00,0x00,0x00,0x00,0x00,0x00,0x00,0x00,
  0x00,0x00,0x00,0x00,0x00,0x00,0x48,0x03,0x47,0x03,0x68,0x03,0x47,0x03,0x68,0x03,0x67,0x03,0x68,0x03,0x67,0x03,0x88,0x03,
  0x67,0x03,0x88,0x03,0x68,0x03,0x88,0x03,0x88,0x03,0x88,0x03,0x88,0x03,0xa8,0x03,0x88,0x03,0xa8,0x03,0xa8,0x03,0xa8,0x03,
  0xa8,0x03,0xc8,0x03,0xa8,0x03,0xc9,0x03,0xa8,0x03,0xc9,0x03,0xc8,0x03,0xc9,0x03,0xc8,0x03,0xe9,0x03,0xc8,0x03,0xe9,0x03,
  0xe8,0x03,0xe9,0x03,0xe9,0x03,0x09,0x04,0xe8,0x03,0x09,0x04,0xe9,0x03,0x09,0x04,0x09,0x04,0x09,0x04,0x09,0x04,0x29,0x04,
  0x6a,0x04,0x00,0x00,0x00,0x00,0x00,0x00,0x00,0x00,0x00,0x00,0x00,0x00,0x00,0x00,0x00,0x00,0x00,0x00,0x00,0x00,0x00,0x00,
  0x00,0x00,0x00,0x00,0x00,0x00,0x00,0x00,0x00,0x00,0x00,0x00,0x00,0x00,0x00,0x00,0x00,0x00,0x00,0x00,0x00,0x00,0x00,0x00,
  0x00,0x00,0x00,0x00,0x00,0x00,0x00,0x00,0x00,0x00,0x00,0x00,0x00,0x00,0x00,0x00,0x00,0x00,0x00,0x00,0x00,0x00,0x00,0x00,
  0x00,0x00,0x00,0x00,0x00,0x00,0x00,0x00,0x00,0x00,0x00,0x00,0x00,0x00,0x00,0x00,0x00,0x00,0x00,0x00,0x00,0x00,0x00,0x00,
  0x00,0x00,0x00,0x00,0x00,0x00,0x00,0x00,0x00,0x00,0x00,0x00,0x00,0x00,0x00,0x00,0x00,0x00,0x00,0x00,0x00,0x00,0x00,0x00,
  0x00,0x00,0x00,0x00,0x00,0x00,0x00,0x00,0x00,0x00,0x00,0x00,0x00,0x00,0x00,0x00,0x00,0x00,0x00,0x00,0x00,0x00,0x00,0x00,
  0x00,0x00,0x00,0x00,0x00,0x00,0x00,0x00,0x00,0x00,0x00,0x00,0x00,0x00,0x00,0x00,0x47,0x03,0x68,0x03,0x47,0x03,0x68,0x03,
  0x67,0x03,0x68,0x03,0x67,0x03,0x88,0x03,0x68,0x03,0x88,0x03,0x68,0x03,0x88,0x03,0x88,0x03,0x88,0x03,0x88,0x03,0xa8,0x03,
  0x88,0x03,0xa8,0x03,0xa8,0x03,0xa9,0x03,0xa8,0x03,0xc9,0x03,0xa8,0x03,0xc9,0x03,0xa8,0x03,0xc9,0x03,0xc8,0x03,0xc9,0x03,
  0xc8,0x03,0xe9,0x03,0xc8,0x03,0xe9,0x03,0xe9,0x03,0xe9,0x03,0xe9,0x03,0x09,0x04,0xe9,0x03,0x09,0x04,0xe9,0x03,0x09,0x04,
  0x09,0x04,0x09,0x04,0x09,0x04,0x2a,0x04,0x29,0x04,0x00,0x00,0x00,0x00,0x00,0x00,0x00,0x00,0x00,0x00,0x00,0x00,0x00,0x00,
  0x00,0x00,0x00,0x00,0x00,0x00,0x00,0x00,0x00,0x00,0x00,0x00,0x00,0x00,0x00,0x00,0x00,0x00,0x00,0x00,0x00,0x00,0x00,0x00,
  0x00,0x00,0x00,0x00,0x00,0x00,0x00,0x00,0x00,0x00,0x00,0x00,0x00,0x00,0x00,0x00,0x00,0x00,0x00,0x00,0x00,0x00,0x00,0x00,
  0x00,0x00,0x00,0x00,0x00,0x00,0x00,0x00,0x00,0x00,0x00,0x00,0x00,0x00,0x00,0x00,0x00,0x00,0x00,0x00,0x00,0x00,0x00,0x00,
  0x00,0x00,0x00,0x00,0x00,0x00,0x00,0x00,0x00,0x00,0x00,0x00,0x00,0x00,0x00,0x00,0x00,0x00,0x00,0x00,0x00,0x00,0x00,0x00,
  0x00,0x00,0x00,0x00,0x00,0x00,0x00,0x00,0x00,0x00,0x00,0x00,0x00,0x00,0x00,0x00,0x00,0x00,0x00,0x00,0x00,0x00,0x00,0x00,
  0x00,0x00,0x00,0x00,0x00,0x00,0x00,0x00,0x00,0x00,0x00,0x00,0x00,0x00,0x00,0x00,0x00,0x00,0x00,0x00,0x00,0x00,0x00,0x00,
  0x00,0x00,0x48,0x03,0x47,0x03,0x48,0x03,0x47,0x03,0x68,0x03,0x47,0x03,0x68,0x03,0x67,0x03,0x68,0x03,0x67,0x03,0x88,0x03,
  0x67,0x03,0x88,0x03,0x88,0x03,0x88,0x03,0x88,0x03,0x88,0x03,0x88,0x03,0xa8,0x03,0x88,0x03,0xa8,0x03,0xa8,0x03,0xa8,0x03,
  0xa8,0x03,0xc8,0x03,0xa8,0x03,0xc9,0x03,0xc8,0x03,0xc9,0x03,0xc8,0x03,0xc9,0x03,0xc8,0x03,0xe9,0x03,0xc8,0x03,0xe9,0x03,
  0xe8,0x03,0xe9,0x03,0xe9,0x03,0x09,0x04,0xe9,0x03,0x09,0x04,0xe9,0x03,0x09,0x04,0x09,0x04,0x00,0x00,0x00,0x00,0x00,0x00,
  0x00,0x00,0x00,0x00,0x00,0x00,0x00,0x00,0x00,0x00,0x00,0x00,0x00,0x00,0x00,0x00,0x00,0x00,0x00,0x00,0x00,0x00,0x00,0x00,
  0x00,0x00,0x00,0x00,0x00,0x00,0x00,0x00,0x00,0x00,0x00,0x00,0x00,0x00,0x00,0x00,0x00,0x00,0x00,0x00,0x00,0x00,0x00,0x00,
  0x00,0x00,0x00,0x00,0x00,0x00,0x00,0x00,0x00,0x00,0x00,0x00,0x00,0x00,0x00,0x00,0x00,0x00,0x00,0x00,0x00,0x00,0x00,0x00,
  0x00,0x00,0x00,0x00,0x00,0x00,0x00,0x00,0x00,0x00,0x00,0x00,0x00,0x00,0x00,0x00,0x00,0x00,0x00,0x00,0x00,0x00,0x00,0x00,
  0x00,0x00,0x00,0x00,0x00,0x00,0x00,0x00,0x00,0x00,0x00,0x00,0x00,0x00,0x00,0x00,0x00,0x00,0x00,0x00,0x00,0x00,0x00,0x00,
  0x00,0x00,0x00,0x00,0x00,0x00,0x00,0x00,0x00,0x00,0x00,0x00,0x00,0x00,0x00,0x00,0x00,0x00,0x00,0x00,0x00,0x00,0x00,0x00,
  0x00,0x00,0x00,0x00,0x00,0x00,0x00,0x00,0x00,0x00,0x00,0x00,0x47,0x03,0x48,0x03,0x47,0x03,0x68,0x03,0x47,0x03,0x68,0x03,
  0x68,0x03,0x68,0x03,0x67,0x03,0x88,0x03,0x68,0x03,0x88,0x03,0x88,0x03,0x88,0x03,0x88,0x03,0x88,0x03,0x88,0x03,0xa8,0x03,
  0x88,0x03,0xa8,0x03,0xa8,0x03,0xa9,0x03,0xa8,0x03,0xc9,0x03,0xa8,0x03,0xc9,0x03,0xc8,0x03,0xc9,0x03,0xc8,0x03,0xc9,0x03,
  0xc8,0x03,0xe9,0x03,0xc8,0x03,0xe9,0x03,0xe9,0x03,0xe9,0x03,0xe9,0x03,0x09,0x04,0xe9,0x03,0x09,0x04,0xe9,0x03,0x09,0x04,
  0x09,0x04,0x00,0x00,0x00,0x00,0x00,0x00,0x00,0x00,0x00,0x00,0x00,0x00,0x00,0x00,0x00,0x00,0x00,0x00,0x00,0x00,0x00,0x00,
  0x00,0x00,0x00,0x00,0x00,0x00,0x00,0x00,0x00,0x00,0x00,0x00,0x00,0x00,0x00,0x00,0x00,0x00,0x00,0x00,0x00,0x00,0x00,0x00,
  0x00,0x00,0x00,0x00,0x00,0x00,0x00,0x00,0x00,0x00,0x00,0x00,0x00,0x00,0x00,0x00,0x00,0x00,0x00,0x00,0x00,0x00,0x00,0x00,
  0x00,0x00,0x00,0x00,0x00,0x00,0x00,0x00,0x00,0x00,0x00,0x00,0x00,0x00,0x00,0x00,0x00,0x00,0x00,0x00,0x00,0x00,0x00,0x00,
  0x00,0x00,0x00,0x00,0x00,0x00,0x00,0x00,0x00,0x00,0x00,0x00,0x00,0x00,0x00,0x00,0x00,0x00,0x00,0x00,0x00,0x00,0x00,0x00,
  0x00,0x00,0x00,0x00,0x00,0x00,0x00,0x00,0x00,0x00,0x00,0x00,0x00,0x00,0x00,0x00,0x00,0x00,0x00,0x00,0x00,0x00,0x00,0x00,
  0x00,0x00,0x00,0x00,0x00,0x00,0x00,0x00,0x00,0x00,0x00,0x00,0x00,0x00,0x00,0x00,0x00,0x00,0x00,0x00,0x00,0x00,0x47,0x03,
  0x47,0x03,0x47,0x03,0x47,0x03,0x68,0x03,0x47,0x03,0x68,0x03,0x47,0x03,0x68,0x03,0x67,0x03,0x68,0x03,0x67,0x03,0x88,0x03,
  0x67,0x03,0x88,0x03,0x88,0x03,0x88,0x03,0x88,0x03,0xa8,0x03,0x88,0x03,0xa8,0x03,0x88,0x03,0xa8,0x03,0xa8,0x03,0xa8,0x03,
  0xa8,0x03,0xc8,0x03,0xa8,0x03,0xc9,0x03,0xc8,0x03,0xc9,0x03,0xc8,0x03,0xc9,0x03,0xc8,0x03,0xe9,0x03,0xc8,0x03,0xe9,0x03,
  0xe8,0x03,0xe9,0x03,0xe9,0x03,0x09,0x04,0x09,0x04,0x0a,0x04,0x00,0x00,0x00,0x00,0x00,0x00,0x00,0x00,0x00,0x00,0x00,0x00,
  0x00,0x00,0x00,0x00,0x00,0x00,0x00,0x00,0x00,0x00,0x00,0x00,0x00,0x00,0x00,0x00,0x00,0x00,0x00,0x00,0x00,0x00,0x00,0x00,
  0x00,0x00,0x00,0x00,0x00,0x00,0x00,0x00,0x00,0x00,0x00,0x00,0x00,0x00,0x00,0x00,0x00,0x00,0x00,0x00,0x00,0x00,0x00,0x00,
  0x00,0x00,0x00,0x00,0x00,0x00,0x00,0x00,0x00,0x00,0x00,0x00,0x00,0x00,0x00,0x00,0x00,0x00,0x00,0x00,0x00,0x00,0x00,0x00,
  0x00,0x00,0x00,0x00,0x00,0x00,0x00,0x00,0x00,0x00,0x00,0x00,0x00,0x00,0x00,0x00,0x00,0x00,0x00,0x00,0x00,0x00,0x00,0x00,
  0x00,0x00,0x00,0x00,0x00,0x00,0x00,0x00,0x00,0x00,0x00,0x00,0x00,0x00,0x00,0x00,0x00,0x00,0x00,0x00,0x00,0x00,0x00,0x00,
  0x00,0x00,0x00,0x00,0x00,0x00,0x00,0x00,0x00,0x00,0x00,0x00,0x00,0x00,0x00,0x00,0x00,0x00,0x00,0x00,0x00,0x00,0x00,0x00,
  0x00,0x00,0x00,0x00,0x00,0x00,0x00,0x00,0x47,0x03,0x48,0x03,0x47,0x03,0x68,0x03,0x47,0x03,0x68,0x03,0x47,0x03,0x68,0x03,
  0x68,0x03,0x68,0x03,0x67,0x03,0x88,0x03,0x68,0x03,0x88,0x03,0x88,0x03,0x88,0x03,0x88,0x03,0xa8,0x03,0x88,0x03,0xa8,0x03,
  0x88,0x03,0xa8,0x03,0xa8,0x03,0xa9,0x03,0xa8,0x03,0xc9,0x03,0xa8,0x03,0xc9,0x03,0xc8,0x03,0xc9,0x03,0xc8,0x03,0xc9,0x03,
  0xc8,0x03,0xe9,0x03,0xc8,0x03,0xe9,0x03,0xe9,0x03,0xe9,0x03,0xe9,0x03,0x09,0x04,0xe9,0x03,0x0a,0x04,0x00,0x00,0x00,0x00,
  0x00,0x00,0x00,0x00,0x00,0x00,0x00,0x00,0x00,0x00,0x00,0x00,0x00,0x00,0x00,0x00,0x00,0x00,0x00,0x00,0x00,0x00,0x00,0x00,
  0x00,0x00,0x00,0x00,0x00,0x00,0x00,0x00,0x00,0x00,0x00,0x00,0x00,0x00,0x00,0x00,0x00,0x00,0x00,0x00,0x00,0x00,0x00,0x00,
  0x00,0x00,0x00,0x00,0x00,0x00,0x00,0x00,0x00,0x00,0x00,0x00,0x00,0x00,0x00,0x00,0x00,0x00,0x00,0x00,0x00,0x00,0x00,0x00,
  0x00,0x00,0x00,0x00,0x00,0x00,0x00,0x00,0x00,0x00,0x00,0x00,0x00,0x00,0x00,0x00,0x00,0x00,0x00,0x00,0x00,0x00,0x00,0x00,
  0x00,0x00,0x00,0x00,0x00,0x00,0x00,0x00,0x00,0x00,0x00,0x00,0x00,0x00,0x00,0x00,0x00,0x00,0x00,0x00,0x00,0x00,0x00,0x00,
  0x00,0x00,0x00,0x00,0x00,0x00,0x00,0x00,0x00,0x00,0x00,0x00,0x00,0x00,0x00,0x00,0x00,0x00,0x00,0x00,0x00,0x00,0x00,0x00,
  0x00,0x00,0x00,0x00,0x00,0x00,0x00,0x00,0x00,0x00,0x00,0x00,0x00,0x00,0x00,0x00,0x00,0x00,0x47,0x03,0x27,0x03,0x47,0x03,
  0x47,0x03,0x47,0x03,0x47,0x03,0x68,0x03,0x47,0x03,0x68,0x03,0x67,0x03,0x68,0x03,0x67,0x03,0x68,0x03,0x67,0x03,0x88,0x03,
  0x67,0x03,0x88,0x03,0x88,0x03,0x88,0x03,0x88,0x03,0xa8,0x03,0x88,0x03,0xa8,0x03,0x88,0x03,0xa8,0x03,0xa8,0x03,0xa8,0x03,
  0xa8,0x03,0xc8,0x03,0xa8,0x03,0xc9,0x03,0xc8,0x03,0xc9,0x03,0xc8,0x03,0xe9,0x03,0xc8,0x03,0xe9,0x03,0xc8,0x03,0xe9,0x03,
  0xe8,0x03,0xe9,0x03,0x00,0x00,0x00,0x00,0x00,0x00,0x00,0x00,0x00,0x00,0x00,0x00,0x00,0x00,0x00,0x00,0x00,0x00,0x00,0x00,
  0x00,0x00,0x00,0x00,0x00,0x00,0x00,0x00,0x00,0x00,0x00,0x00,0x00,0x00,0x00,0x00,0x00,0x00,0x00,0x00,0x00,0x00,0x00,0x00,
  0x00,0x00,0x00,0x00,0x00,0x00,0x00,0x00,0x00,0x00,0x00,0x00,0x00,0x00,0x00,0x00,0x00,0x00,0x00,0x00,0x00,0x00,0x00,0x00,
  0x00,0x00,0x00,0x00,0x00,0x00,0x00,0x00,0x00,0x00,0x00,0x00,0x00,0x00,0x00,0x00,0x00,0x00,0x00,0x00,0x00,0x00,0x00,0x00,
  0x00,0x00,0x00,0x00,0x00,0x00,0x00,0x00,0x00,0x00,0x00,0x00,0x00,0x00,0x00,0x00,0x00,0x00,0x00,0x00,0x00,0x00,0x00,0x00,
  0x00,0x00,0x00,0x00,0x00,0x00,0x00,0x00,0x00,0x00,0x00,0x00,0x00,0x00,0x00,0x00,0x00,0x00,0x00,0x00,0x00,0x00,0x00,0x00,
  0x00,0x00,0x00,0x00,0x00,0x00,0x00,0x00,0x00,0x00,0x00,0x00,0x00,0x00,0x00,0x00,0x00,0x00,0x00,0x00,0x00,0x00,0x00,0x00,
  0x00,0x00,0x00,0x00,0x27,0x03,0x48,0x03,0x47,0x03,0x48,0x03,0x47,0x03,0x68,0x03,0x47,0x03,0x68,0x03,0x47,0x03,0x68,0x03,
  0x68,0x03,0x68,0x03,0x67,0x03,0x88,0x03,0x68,0x03,0x88,0x03,0x88,0x03,0x88,0x03,0x88,0x03,0xa8,0x03,0x88,0x03,0xa8,0x03,
  0x88,0x03,0xa8,0x03,0xa8,0x03,0xa9,0x03,0xa8,0x03,0xc9,0x03,0xa8,0x03,0xc9,0x03,0xc8,0x03,0xc9,0x03,0xc8,0x03,0xe9,0x03,
  0xc9,0x03,0xe9,0x03,0xc8,0x03,0xe9,0x03,0xe9,0x03,0x09,0x04,0x00,0x00,0x00,0x00,0x00,0x00,0x00,0x00,0x00,0x00,0x00,0x00,
  0x00,0x00,0x00,0x00,0x00,0x00,0x00,0x00,0x00,0x00,0x00,0x00,0x00,0x00,0x00,0x00,0x00,0x00,0x00,0x00,0x00,0x00,0x00,0x00,
  0x00,0x00,0x00,0x00,0x00,0x00,0x00,0x00,0x00,0x00,0x00,0x00,0x00,0x00,0x00,0x00,0x00,0x00,0x00,0x00,0x00,0x00,0x00,0x00,
  0x00,0x00,0x00,0x00,0x00,0x00,0x00,0x00,0x00,0x00,0x00,0x00,0x00,0x00,0x00,0x00,0x00,0x00,0x00,0x00,0x00,0x00,0x00,0x00,
  0x00,0x00,0x00,0x00,0x00,0x00,0x00,0x00,0x00,0x00,0x00,0x00,0x00,0x00,0x00,0x00,0x00,0x00,0x00,0x00,0x00,0x00,0x00,0x00,
  0x00,0x00,0x00,0x00,0x00,0x00,0x00,0x00,0x00,0x00,0x00,0x00,0x00,0x00,0x00,0x00,0x00,0x00,0x00,0x00,0x00,0x00,0x00,0x00,
  0x00,0x00,0x00,0x00,0x00,0x00,0x00,0x00,0x00,0x00,0x00,0x00,0x00,0x00,0x00,0x00,0x00,0x00,0x00,0x00,0x00,0x00,0x00,0x00,
  0x00,0x00,0x00,0x00,0x00,0x00,0x00,0x00,0x00,0x00,0x00,0x00,0x00,0x00,0x47,0x03,0x27,0x03,0x47,0x03,0x27,0x03,0x48,0x03,
  0x47,0x03,0x47,0x03,0x47,0x03,0x68,0x03,0x47,0x03,0x68,0x03,0x67,0x03,0x68,0x03,0x67,0x03,0x68,0x03,0x67,0x03,0x88,0x03,
  0x67,0x03,0x88,0x03,0x88,0x03,0x88,0x03,0x88,0x03,0xa8,0x03,0x88,0x03,0xa8,0x03,0xa8,0x03,0xa8,0x03,0xa8,0x03,0xa8,0x03,
  0xa8,0x03,0xc8,0x03,0xa8,0x03,0xc9,0x03,0xc8,0x03,0xc9,0x03,0xc8,0x03,0xe9,0x03,0xc8,0x03,0xe9,0x03,0x0a,0x04,0x00,0x00,
  0x00,0x00,0x00,0x00,0x00,0x00,0x00,0x00,0x00,0x00,0x00,0x00,0x00,0x00,0x00,0x00,0x00,0x00,0x00,0x00,0x00,0x00,0x00,0x00,
  0x00,0x00,0x00,0x00,0x00,0x00,0x00,0x00,0x00,0x00,0x00,0x00,0x00,0x00,0x00,0x00,0x00,0x00,0x00,0x00,0x00,0x00,0x00,0x00,
  0x00,0x00,0x00,0x00,0x00,0x00,0x00,0x00,0x00,0x00,0x00,0x00,0x00,0x00,0x00,0x00,0x00,0x00,0x00,0x00,0x00,0x00,0x00,0x00,
  0x00,0x00,0x00,0x00,0x00,0x00,0x00,0x00,0x00,0x00,0x00,0x00,0x00,0x00,0x00,0x00,0x00,0x00,0x00,0x00,0x00,0x00,0x00,0x00,
  0x00,0x00,0x00,0x00,0x00,0x00,0x00,0x00,0x00,0x00,0x00,0x00,0x00,0x00,0x00,0x00,0x00,0x00,0x00,0x00,0x00,0x00,0x00,0x00,
  0x00,0x00,0x00,0x00,0x00,0x00,0x00,0x00,0x00,0x00,0x00,0x00,0x00,0x00,0x00,0x00,0x00,0x00,0x00,0x00,0x00,0x00,0x00,0x00,
  0x00,0x00,0x00,0x00,0x00,0x00,0x00,0x00,0x00,0x00,0x00,0x00,0x00,0x00,0x00,0x00,0x00,0x00,0x00,0x00,0x00,0x00,0x00,0x00,
  0x27,0x03,0x47,0x03,0x27,0x03,0x48,0x03,0x47,0x03,0x48,0x03,0x47,0x03,0x68,0x03,0x47,0x03,0x68,0x03,0x67,0x03,0x68,0x03,
  0x68,0x03,0x68,0x03,0x68,0x03,0x88,0x03,0x68,0x03,0x88,0x03,0x88,0x03,0x88,0x03,0x88,0x03,0xa8,0x03,0x88,0x03,0xa8,0x03,
  0xa8,0x03,0xa8,0x03,0xa8,0x03,0xa9,0x03,0xa8,0x03,0xc9,0x03,0xa8,0x03,0xc9,0x03,0xc8,0x03,0xc9,0x03,0xc8,0x03,0xe9,0x03,
  0xc9,0x03,0xe9,0x03,0x08,0x04,0x00,0x00,0x00,0x00,0x00,0x00,0x00,0x00,0x00,0x00,0x00,0x00,0x00,0x00,0x00,0x00,0x00,0x00,
  0x00,0x00,0x00,0x00,0x00,0x00,0x00,0x00,0x00,0x00,0x00,0x00,0x00,0x00,0x00,0x00,0x00,0x00,0x00,0x00,0x00,0x00,0x00,0x00,
  0x00,0x00,0x00,0x00,0x00,0x00,0x00,0x00,0x00,0x00,0x00,0x00,0x00,0x00,0x00,0x00,0x00,0x00,0x00,0x00,0x00,0x00,0x00,0x00,
  0x00,0x00,0x00,0x00,0x00,0x00,0x00,0x00,0x00,0x00,0x00,0x00,0x00,0x00,0x00,0x00,0x00,0x00,0x00,0x00,0x00,0x00,0x00,0x00,
  0x00,0x00,0x00,0x00,0x00,0x00,0x00,0x00,0x00,0x00,0x00,0x00,0x00,0x00,0x00,0x00,0x00,0x00,0x00,0x00,0x00,0x00,0x00,0x00,
  0x00,0x00,0x00,0x00,0x00,0x00,0x00,0x00,0x00,0x00,0x00,0x00,0x00,0x00,0x00,0x00,0x00,0x00,0x00,0x00,0x00,0x00,0x00,0x00,
  0x00,0x00,0x00,0x00,0x00,0x00,0x00,0x00,0x00,0x00,0x00,0x00,0x00,0x00,0x00,0x00,0x00,0x00,0x00,0x00,0x00,0x00,0x00,0x00,
  0x00,0x00,0x00,0x00,0x00,0x00,0x00,0x00,0x00,0x00,0x48,0x03,0x27,0x03,0x47,0x03,0x27,0x03,0x47,0x03,0x27,0x03,0x48,0x03,
  0x47,0x03,0x47,0x03,0x47,0x03,0x68,0x03,0x47,0x03,0x68,0x03,0x67,0x03,0x68,0x03,0x67,0x03,0x88,0x03,0x67,0x03,0x88,0x03,
  0x67,0x03,0x88,0x03,0x88,0x03,0x88,0x03,0x88,0x03,0xa8,0x03,0x88,0x03,0xa8,0x03,0xa8,0x03,0xa8,0x03,0xa8,0x03,0xc9,0x03,
  0xa8,0x03,0xc8,0x03,0xa8,0x03,0xc9,0x03,0xc8,0x03,0xc9,0x03,0xc9,0x03,0x00,0x00,0x00,0x00,0x00,0x00,0x00,0x00,0x00,0x00,
  0x00,0x00,0x00,0x00,0x00,0x00,0x00,0x00,0x00,0x00,0x00,0x00,0x00,0x00,0x00,0x00,0x00,0x00,0x00,0x00,0x00,0x00,0x00,0x00,
  0x00,0x00,0x00,0x00,0x00,0x00,0x00,0x00,0x00,0x00,0x00,0x00,0x00,0x00,0x00,0x00,0x00,0x00,0x00,0x00,0x00,0x00,0x00,0x00,
  0x00,0x00,0x00,0x00,0x00,0x00,0x00,0x00,0x00,0x00,0x00,0x00,0x00,0x00,0x00,0x00,0x00,0x00,0x00,0x00,0x00,0x00,0x00,0x00,
  0x00,0x00,0x00,0x00,0x00,0x00,0x00,0x00,0x00,0x00,0x00,0x00,0x00,0x00,0x00,0x00,0x00,0x00,0x00,0x00,0x00,0x00,0x00,0x00,
  0x00,0x00,0x00,0x00,0x00,0x00,0x00,0x00,0x00,0x00,0x00,0x00,0x00,0x00,0x00,0x00,0x00,0x00,0x00,0x00,0x00,0x00,0x00,0x00,
  0x00,0x00,0x00,0x00,0x00,0x00,0x00,0x00,0x00,0x00,0x00,0x00,0x00,0x00,0x00,0x00,0x00,0x00,0x00,0x00,0x00,0x00,0x00,0x00,
  0x00,0x00,0x00,0x00,0x00,0x00,0x00,0x00,0x00,0x00,0x00,0x00,0x00,0x00,0x00,0x00,0x00,0x00,0x00,0x00,0x27,0x03,0x48,0x03,
  0x27,0x03,0x47,0x03,0x27,0x03,0x48,0x03,0x47,0x03,0x48,0x03,0x47,0x03,0x68,0x03,0x47,0x03,0x68,0x03,0x67,0x03,0x68,0x03,
  0x68,0x03,0x88,0x03,0x68,0x03,0x88,0x03,0x68,0x03,0x88,0x03,0x88,0x03,0x88,0x03,0x88,0x03,0xa8,0x03,0x88,0x03,0xa9,0x03,
  0xa8,0x03,0xa8,0x03,0xa8,0x03,0xc9,0x03,0xa8,0x03,0xc9,0x03,0xa8,0x03,0xc9,0x03,0xc8,0x03,0xc9,0x03,0xc8,0x03,0x00,0x00,
  0x00,0x00,0x00,0x00,0x00,0x00,0x00,0x00,0x00,0x00,0x00,0x00,0x00,0x00,0x00,0x00,0x00,0x00,0x00,0x00,0x00,0x00,0x00,0x00,
  0x00,0x00,0x00,0x00,0x00,0x00,0x00,0x00,0x00,0x00,0x00,0x00,0x00,0x00,0x00,0x00,0x00,0x00,0x00,0x00,0x00,0x00,0x00,0x00,
  0x00,0x00,0x00,0x00,0x00,0x00,0x00,0x00,0x00,0x00,0x00,0x00,0x00,0x00,0x00,0x00,0x00,0x00,0x00,0x00,0x00,0x00,0x00,0x00,
  0x00,0x00,0x00,0x00,0x00,0x00,0x00,0x00,0x00,0x00,0x00,0x00,0x00,0x00,0x00,0x00,0x00,0x00,0x00,0x00,0x00,0x00,0x00,0x00,
  0x00,0x00,0x00,0x00,0x00,0x00,0x00,0x00,0x00,0x00,0x00,0x00,0x00,0x00,0x00,0x00,0x00,0x00,0x00,0x00,0x00,0x00,0x00,0x00,
  0x00,0x00,0x00,0x00,0x00,0x00,0x00,0x00,0x00,0x00,0x00,0x00,0x00,0x00,0x00,0x00,0x00,0x00,0x00,0x00,0x00,0x00,0x00,0x00,
  0x00,0x00,0x00,0x00,0x00,0x00,0x00,0x00,0x00,0x00,0x00,0x00,0x00,0x00,0x00,0x00,0x00,0x00,0x00,0x00,0x00,0x00,0x00,0x00,
  0x00,0x00,0x00,0x00,0x00,0x00,0x27,0x03,0x27,0x03,0x27,0x03,0x27,0x03,0x47,0x03,0x27,0x03,0x47,0x03,0x47,0x03,0x48,0x03,
  0x47,0x03,0x47,0x03,0x47,0x03,0x68,0x03,0x47,0x03,0x68,0x03,0x67,0x03,0x68,0x03,0x67,0x03,0x88,0x03,0x67,0x03,0x88,0x03,
  0x87,0x03,0x88,0x03,0x88,0x03,0x88,0x03,0x88,0x03,0xa8,0x03,0x88,0x03,0xa8,0x03,0xa8,0x03,0xa8,0x03,0xa8,0x03,0xc9,0x03,
  0xa8,0x03,0xc8,0x03,0xc8,0x03,0x0a,0x04,0x00,0x00,0x00,0x00,0x00,0x00,0x00,0x00,0x00,0x00,0x00,0x00,0x00,0x00,0x00,0x00,
  0x00,0x00,0x00,0x00,0x00,0x00,0x00,0x00,0x00,0x00,0x00,0x00,0x00,0x00,0x00,0x00,0x00,0x00,0x00,0x00,0x00,0x00,0x00,0x00,
  0x00,0x00,0x00,0x00,0x00,0x00,0x00,0x00,0x00,0x00,0x00,0x00,0x00,0x00,0x00,0x00,0x00,0x00,0x00,0x00,0x00,0x00,0x00,0x00,
  0x00,0x00,0x00,0x00,0x00,0x00,0x00,0x00,0x00,0x00,0x00,0x00,0x00,0x00,0x00,0x00,0x00,0x00,0x00,0x00,0x00,0x00,0x00,0x00,
  0x00,0x00,0x00,0x00,0x00,0x00,0x00,0x00,0x00,0x00,0x00,0x00,0x00,0x00,0x00,0x00,0x00,0x00,0x00,0x00,0x00,0x00,0x00,0x00,
  0x00,0x00,0x00,0x00,0x00,0x00,0x00,0x00,0x00,0x00,0x00,0x00,0x00,0x00,0x00,0x00,0x00,0x00,0x00,0x00,0x00,0x00,0x00,0x00,
  0x00,0x00,0x00,0x00,0x00,0x00,0x00,0x00,0x00,0x00,0x00,0x00,0x00,0x00,0x00,0x00,0x00,0x00,0x00,0x00,0x00,0x00,0x00,0x00,
  0x00,0x00,0x00,0x00,0x00,0x00,0x00,0x00,0x00,0x00,0x00,0x00,0x00,0x00,0x00,0x00,0x27,0x03,0x27,0x03,0x27,0x03,0x48,0x03,
  0x27,0x03,0x48,0x03,0x47,0x03,0x48,0x03,0x47,0x03,0x48,0x03,0x47,0x03,0x68,0x03,0x47,0x03,0x68,0x03,0x67,0x03,0x68,0x03,
  0x68,0x03,0x88,0x03,0x68,0x03,0x88,0x03,0x68,0x03,0x88,0x03,0x88,0x03,0x88,0x03,0x88,0x03,0xa8,0x03,0x88,0x03,0xa9,0x03,
  0xa8,0x03,0xa8,0x03,0xa8,0x03,0xc9,0x03,0xa8,0x03,0xc9,0x03,0xa8,0x03,0xe9,0x03,0x00,0x00,0x00,0x00,0x00,0x00,0x00,0x00,
  0x00,0x00,0x00,0x00,0x00,0x00,0x00,0x00,0x00,0x00,0x00,0x00,0x00,0x00,0x00,0x00,0x00,0x00,0x00,0x00,0x00,0x00,0x00,0x00,
  0x00,0x00,0x00,0x00,0x00,0x00,0x00,0x00,0x00,0x00,0x00,0x00,0x00,0x00,0x00,0x00,0x00,0x00,0x00,0x00,0x00,0x00,0x00,0x00,
  0x00,0x00,0x00,0x00,0x00,0x00,0x00,0x00,0x00,0x00,0x00,0x00,0x00,0x00,0x00,0x00,0x00,0x00,0x00,0x00,0x00,0x00,0x00,0x00,
  0x00,0x00,0x00,0x00,0x00,0x00,0x00,0x00,0x00,0x00,0x00,0x00,0x00,0x00,0x00,0x00,0x00,0x00,0x00,0x00,0x00,0x00,0x00,0x00,
  0x00,0x00,0x00,0x00,0x00,0x00,0x00,0x00,0x00,0x00,0x00,0x00,0x00,0x00,0x00,0x00,0x00,0x00,0x00,0x00,0x00,0x00,0x00,0x00,
  0x00,0x00,0x00,0x00,0x00,0x00,0x00,0x00,0x00,0x00,0x00,0x00,0x00,0x00,0x00,0x00,0x00,0x00,0x00,0x00,0x00,0x00,0x00,0x00,
  0x00,0x00,0x00,0x00,0x00,0x00,0x00,0x00,0x00,0x00,0x00,0x00,0x00,0x00,0x00,0x00,0x00,0x00,0x00,0x00,0x00,0x00,0x00,0x00,
  0x00,0x00,0x00,0x00,0x07,0x03,0x27,0x03,0x27,0x03,0x27,0x03,0x27,0x03,0x47,0x03,0x27,0x03,0x47,0x03,0x47,0x03,0x48,0x03,
  0x47,0x03,0x68,0x03,0x47,0x03,0x68,0x03,0x47,0x03,0x68,0x03,0x67,0x03,0x68,0x03,0x67,0x03,0x88,0x03,0x67,0x03,0x88,0x03,
  0x87,0x03,0x88,0x03,0x88,0x03,0x88,0x03,0x88,0x03,0xa8,0x03,0x88,0x03,0xa8,0x03,0xa8,0x03,0xa8,0x03,0xa8,0x03,0xc9,0x03,
  0x00,0x00,0x00,0x00,0x00,0x00,0x00,0x00,0x00,0x00,0x00,0x00,0x00,0x00,0x00,0x00,0x00,0x00,0x00,0x00,0x00,0x00,0x00,0x00,
  0x00,0x00,0x00,0x00,0x00,0x00,0x00,0x00,0x00,0x00,0x00,0x00,0x00,0x00,0x00,0x00,0x00,0x00,0x00,0x00,0x00,0x00,0x00,0x00,
  0x00,0x00,0x00,0x00,0x00,0x00,0x00,0x00,0x00,0x00,0x00,0x00,0x00,0x00,0x00,0x00,0x00,0x00,0x00,0x00,0x00,0x00,0x00,0x00,
  0x00,0x00,0x00,0x00,0x00,0x00,0x00,0x00,0x00,0x00,0x00,0x00,0x00,0x00,0x00,0x00,0x00,0x00,0x00,0x00,0x00,0x00,0x00,0x00,
  0x00,0x00,0x00,0x00,0x00,0x00,0x00,0x00,0x00,0x00,0x00,0x00,0x00,0x00,0x00,0x00,0x00,0x00,0x00,0x00,0x00,0x00,0x00,0x00,
  0x00,0x00,0x00,0x00,0x00,0x00,0x00,0x00,0x00,0x00,0x00,0x00,0x00,0x00,0x00,0x00,0x00,0x00,0x00,0x00,0x00,0x00,0x00,0x00,
  0x00,0x00,0x00,0x00,0x00,0x00,0x00,0x00,0x00,0x00,0x00,0x00,0x00,0x00,0x00,0x00,0x00,0x00,0x00,0x00,0x00,0x00,0x00,0x00,
  0x00,0x00,0x00,0x00,0x00,0x00,0x00,0x00,0x00,0x00,0x00,0x00,0x00,0x00,0x27,0x03,0x27,0x03,0x27,0x03,0x27,0x03,0x48,0x03,
  0x27,0x03,0x48,0x03,0x47,0x03,0x48,0x03,0x47,0x03,0x48,0x03,0x47,0x03,0x68,0x03,0x47,0x03,0x68,0x03,0x67,0x03,0x68,0x03,
  0x68,0x03,0x88,0x03,0x68,0x03,0x88,0x03,0x88,0x03,0x88,0x03,0x88,0x03,0x88,0x03,0x88,0x03,0xa8,0x03,0x88,0x03,0xa9,0x03,
  0xa8,0x03,0xa8,0x03,0xa8,0x03,0xc9,0x03,0x00,0x00,0x00,0x00,0x00,0x00,0x00,0x00,0x00,0x00,0x00,0x00,0x00,0x00,0x00,0x00,
  0x00,0x00,0x00,0x00,0x00,0x00,0x00,0x00,0x00,0x00,0x00,0x00,0x00,0x00,0x00,0x00,0x00,0x00,0x00,0x00,0x00,0x00,0x00,0x00,
  0x00,0x00,0x00,0x00,0x00,0x00,0x00,0x00,0x00,0x00,0x00,0x00,0x00,0x00,0x00,0x00,0x00,0x00,0x00,0x00,0x00,0x00,0x00,0x00,
  0x00,0x00,0x00,0x00,0x00,0x00,0x00,0x00,0x00,0x00,0x00,0x00,0x00,0x00,0x00,0x00,0x00,0x00,0x00,0x00,0x00,0x00,0x00,0x00,
  0x00,0x00,0x00,0x00,0x00,0x00,0x00,0x00,0x00,0x00,0x00,0x00,0x00,0x00,0x00,0x00,0x00,0x00,0x00,0x00,0x00,0x00,0x00,0x00,
  0x00,0x00,0x00,0x00,0x00,0x00,0x00,0x00,0x00,0x00,0x00,0x00,0x00,0x00,0x00,0x00,0x00,0x00,0x00,0x00,0x00,0x00,0x00,0x00,
  0x00,0x00,0x00,0x00,0x00,0x00,0x00,0x00,0x00,0x00,0x00,0x00,0x00,0x00,0x00,0x00,0x00,0x00,0x00,0x00,0x00,0x00,0x00,0x00,
  0x00,0x00,0x00,0x00,0x00,0x00,0x00,0x00,0x00,0x00,0x00,0x00,0x00,0x00,0x00,0x00,0x00,0x00,0x00,0x00,0x00,0x00,0x00,0x00,
  0x06,0x03,0x27,0x03,0x07,0x03,0x27,0x03,0x27,0x03,0x27,0x03,0x27,0x03,0x47,0x03,0x27,0x03,0x47,0x03,0x47,0x03,0x48,0x03,
  0x47,0x03,0x68,0x03,0x47,0x03,0x68,0x03,0x47,0x03,0x68,0x03,0x67,0x03,0x68,0x03,0x67,0x03,0x88,0x03,0x68,0x03,0x88,0x03,
  0x87,0x03,0x88,0x03,0x88,0x03,0xa8,0x03,0x88,0x03,0xa8,0x03,0x88,0x03,0xa8,0x03,0x0a,0x04,0x00,0x00,0x00,0x00,0x00,0x00,
  0x00,0x00,0x00,0x00,0x00,0x00,0x00,0x00,0x00,0x00,0x00,0x00,0x00,0x00,0x00,0x00,0x00,0x00,0x00,0x00,0x00,0x00,0x00,0x00,
  0x00,0x00,0x00,0x00,0x00,0x00,0x00,0x00,0x00,0x00,0x00,0x00,0x00,0x00,0x00,0x00,0x00,0x00,0x00,0x00,0x00,0x00,0x00,0x00,
  0x00,0x00,0x00,0x00,0x00,0x00,0x00,0x00,0x00,0x00,0x00,0x00,0x00,0x00,0x00,0x00,0x00,0x00,0x00,0x00,0x00,0x00,0x00,0x00,
  0x00,0x00,0x00,0x00,0x00,0x00,0x00,0x00,0x00,0x00,0x00,0x00,0x00,0x00,0x00,0x00,0x00,0x00,0x00,0x00,0x00,0x00,0x00,0x00,
  0x00,0x00,0x00,0x00,0x00,0x00,0x00,0x00,0x00,0x00,0x00,0x00,0x00,0x00,0x00,0x00,0x00,0x00,0x00,0x00,0x00,0x00,0x00,0x00,
  0x00,0x00,0x00,0x00,0x00,0x00,0x00,0x00,0x00,0x00,0x00,0x00,0x00,0x00,0x00,0x00,0x00,0x00,0x00,0x00,0x00,0x00,0x00,0x00,
  0x00,0x00,0x00,0x00,0x00,0x00,0x00,0x00,0x00,0x00,0x00,0x00,0x00,0x00,0x00,0x00,0x00,0x00,0x00,0x00,0x00,0x00,0x00,0x00,
  0x00,0x00,0x00,0x00,0x00,0x00,0x00,0x00,0x00,0x00,0x27,0x03,0x07,0x03,0x27,0x03,0x27,0x03,0x27,0x03,0x27,0x03,0x48,0x03,
  0x27,0x03,0x48,0x03,0x47,0x03,0x48,0x03,0x47,0x03,0x68,0x03,0x47,0x03,0x68,0x03,0x47,0x03,0x68,0x03,0x67,0x03,0x68,0x03,
  0x68,0x03,0x88,0x03,0x68,0x03,0x88,0x03,0x88,0x03,0x88,0x03,0x88,0x03,0xa8,0x03,0x88,0x03,0xa8,0x03,0x88,0x03,0xa9,0x03,
  0xa8,0x03,0x00,0x00,0x00,0x00,0x00,0x00,0x00,0x00,0x00,0x00,0x00,0x00,0x00,0x00,0x00,0x00,0x00,0x00,0x00,0x00,0x00,0x00,
  0x00,0x00,0x00,0x00,0x00,0x00,0x00,0x00,0x00,0x00,0x00,0x00,0x00,0x00,0x00,0x00,0x00,0x00,0x00,0x00,0x00,0x00,0x00,0x00,
  0x00,0x00,0x00,0x00,0x00,0x00,0x00,0x00,0x00,0x00,0x00,0x00,0x00,0x00,0x00,0x00,0x00,0x00,0x00,0x00,0x00,0x00,0x00,0x00,
  0x00,0x00,0x00,0x00,0x00,0x00,0x00,0x00,0x00,0x00,0x00,0x00,0x00,0x00,0x00,0x00,0x00,0x00,0x00,0x00,0x00,0x00,0x00,0x00,
  0x00,0x00,0x00,0x00,0x00,0x00,0x00,0x00,0x00,0x00,0x00,0x00,0x00,0x00,0x00,0x00,0x00,0x00,0x00,0x00,0x00,0x00,0x00,0x00,
  0x00,0x00,0x00,0x00,0x00,0x00,0x00,0x00,0x00,0x00,0x00,0x00,0x00,0x00,0x00,0x00,0x00,0x00,0x00,0x00,0x00,0x00,0x00,0x00,
  0x00,0x00,0x00,0x00,0x00,0x00,0x00,0x00,0x00,0x00,0x00,0x00,0x00,0x00,0x00,0x00,0x00,0x00,0x00,0x00,0x00,0x00,0x00,0x00,
  0x00,0x00,0x00,0x00,0x00,0x00,0x00,0x00,0x00,0x00,0x00,0x00,0x00,0x00,0x00,0x00,0x00,0x00,0x00,0x00,0x88,0x03,0x27,0x03,
  0x07,0x03,0x27,0x03,0x27,0x03,0x27,0x03,0x27,0x03,0x27,0x03,0x27,0x03,0x47,0x03,0x27,0x03,0x47,0x03,0x47,0x03,0x48,0x03,
  0x47,0x03,0x68,0x03,0x47,0x03,0x68,0x03,0x67,0x03,0x68,0x03,0x67,0x03,0x68,0x03,0x67,0x03,0x88,0x03,0x68,0x03,0x88,0x03,
  0x87,0x03,0x88,0x03,0x88,0x03,0xa8,0x03,0x88,0x03,0x00,0x00,0x00,0x00,0x00,0x00,0x00,0x00,0x00,0x00,0x00,0x00,0x00,0x00,
  0x00,0x00,0x00,0x00,0x00,0x00,0x00,0x00,0x00,0x00,0x00,0x00,0x00,0x00,0x00,0x00,0x00,0x00,0x00,0x00,0x00,0x00,0x00,0x00,
  0x00,0x00,0x00,0x00,0x00,0x00,0x00,0x00,0x00,0x00,0x00,0x00,0x00,0x00,0x00,0x00,0x00,0x00,0x00,0x00,0x00,0x00,0x00,0x00,
  0x00,0x00,0x00,0x00,0x00,0x00,0x00,0x00,0x00,0x00,0x00,0x00,0x00,0x00,0x00,0x00,0x00,0x00,0x00,0x00,0x00,0x00,0x00,0x00,
  0x00,0x00,0x00,0x00,0x00,0x00,0x00,0x00,0x00,0x00,0x00,0x00,0x00,0x00,0x00,0x00,0x00,0x00,0x00,0x00,0x00,0x00,0x00,0x00,
  0x00,0x00,0x00,0x00,0x00,0x00,0x00,0x00,0x00,0x00,0x00,0x00,0x00,0x00,0x00,0x00,0x00,0x00,0x00,0x00,0x00,0x00,0x00,0x00,
  0x00,0x00,0x00,0x00,0x00,0x00,0x00,0x00,0x00,0x00,0x00,0x00,0x00,0x00,0x00,0x00,0x00,0x00,0x00,0x00,0x00,0x00,0x00,0x00,
  0x00,0x00,0x00,0x00,0x00,0x00,0x00,0x00,0x00,0x00,0x00,0x00,0x00,0x00,0x00,0x00,0x00,0x00,0x00,0x00,0x00,0x00,0x00,0x00,
  0x00,0x00,0x00,0x00,0x00,0x00,0x00,0x00,0x27,0x03,0x27,0x03,0x27,0x03,0x27,0x03,0x27,0x03,0x27,0x03,0x27,0x03,0x48,0x03,
  0x27,0x03,0x48,0x03,0x47,0x03,0x48,0x03,0x47,0x03,0x68,0x03,0x47,0x03,0x68,0x03,0x67,0x03,0x68,0x03,0x67,0x03,0x68,0x03,
  0x68,0x03,0x88,0x03,0x68,0x03,0x88,0x03,0x88,0x03,0x88,0x03,0x88,0x03,0xa8,0x03,0x88,0x03,0x00,0x00,0x00,0x00,0x00,0x00,
  0x00,0x00,0x00,0x00,0x00,0x00,0x00,0x00,0x00,0x00,0x00,0x00,0x00,0x00,0x00,0x00,0x00,0x00,0x00,0x00,0x00,0x00,0x00,0x00,
  0x00,0x00,0x00,0x00,0x00,0x00,0x00,0x00,0x00,0x00,0x00,0x00,0x00,0x00,0x00,0x00,0x00,0x00,0x00,0x00,0x00,0x00,0x00,0x00,
  0x00,0x00,0x00,0x00,0x00,0x00,0x00,0x00,0x00,0x00,0x00,0x00,0x00,0x00,0x00,0x00,0x00,0x00,0x00,0x00,0x00,0x00,0x00,0x00,
  0x00,0x00,0x00,0x00,0x00,0x00,0x00,0x00,0x00,0x00,0x00,0x00,0x00,0x00,0x00,0x00,0x00,0x00,0x00,0x00,0x00,0x00,0x00,0x00,
  0x00,0x00,0x00,0x00,0x00,0x00,0x00,0x00,0x00,0x00,0x00,0x00,0x00,0x00,0x00,0x00,0x00,0x00,0x00,0x00,0x00,0x00,0x00,0x00,
  0x00,0x00,0x00,0x00,0x00,0x00,0x00,0x00,0x00,0x00,0x00,0x00,0x00,0x00,0x00,0x00,0x00,0x00,0x00,0x00,0x00,0x00,0x00,0x00,
  0x00,0x00,0x00,0x00,0x00,0x00,0x00,0x00,0x00,0x00,0x00,0x00,0x00,0x00,0x00,0x00,0x00,0x00,0x00,0x00,0x00,0x00,0x00,0x00,
  0x00,0x00,0x00,0x00,0x00,0x00,0x00,0x00,0x00,0x00,0x00,0x00,0x00,0x00,0x00,0x00,0x00,0x00,0x88,0x03,0x07,0x03,0x27,0x03,
  0x07,0x03,0x27,0x03,0x27,0x03,0x27,0x03,0x27,0x03,0x47,0x03,0x27,0x03,0x47,0x03,0x27,0x03,0x47,0x03,0x47,0x03,0x48,0x03,
  0x47,0x03,0x68,0x03,0x47,0x03,0x68,0x03,0x67,0x03,0x68,0x03,0x67,0x03,0x88,0x03,0x67,0x03,0x88,0x03,0x68,0x03,0x88,0x03,
  0x88,0x03,0x08,0x04,0x00,0x00,0x00,0x00,0x00,0x00,0x00,0x00,0x00,0x00,0x00,0x00,0x00,0x00,0x00,0x00,0x00,0x00,0x00,0x00,
  0x00,0x00,0x00,0x00,0x00,0x00,0x00,0x00,0x00,0x00,0x00,0x00,0x00,0x00,0x00,0x00,0x00,0x00,0x00,0x00,0x00,0x00,0x00,0x00,
  0x00,0x00,0x00,0x00,0x00,0x00,0x00,0x00,0x00,0x00,0x00,0x00,0x00,0x00,0x00,0x00,0x00,0x00,0x00,0x00,0x00,0x00,0x00,0x00,
  0x00,0x00,0x00,0x00,0x00,0x00,0x00,0x00,0x00,0x00,0x00,0x00,0x00,0x00,0x00,0x00,0x00,0x00,0x00,0x00,0x00,0x00,0x00,0x00,
  0x00,0x00,0x00,0x00,0x00,0x00,0x00,0x00,0x00,0x00,0x00,0x00,0x00,0x00,0x00,0x00,0x00,0x00,0x00,0x00,0x00,0x00,0x00,0x00,
  0x00,0x00,0x00,0x00,0x00,0x00,0x00,0x00,0x00,0x00,0x00,0x00,0x00,0x00,0x00,0x00,0x00,0x00,0x00,0x00,0x00,0x00,0x00,0x00,
  0x00,0x00,0x00,0x00,0x00,0x00,0x00,0x00,0x00,0x00,0x00,0x00,0x00,0x00,0x00,0x00,0x00,0x00,0x00,0x00,0x00,0x00,0x00,0x00,
  0x00,0x00,0x00,0x00,0x00,0x00,0x00,0x00,0x00,0x00,0x00,0x00,0x00,0x00,0x00,0x00,0x00,0x00,0x00,0x00,0x00,0x00,0x00,0x00,
  0x00,0x00,0x00,0x00,0x00,0x00,0x28,0x03,0x07,0x03,0x27,0x03,0x27,0x03,0x27,0x03,0x27,0x03,0x47,0x03,0x27,0x03,0x48,0x03,
  0x27,0x03,0x48,0x03,0x47,0x03,0x48,0x03,0x47,0x03,0x68,0x03,0x47,0x03,0x68,0x03,0x67,0x03,0x68,0x03,0x67,0x03,0x68,0x03,
  0x68,0x03,0x88,0x03,0x68,0x03,0x88,0x03,0x88,0x03,0x88,0x03,0x00,0x00,0x00,0x00,0x00,0x00,0x00,0x00,0x00,0x00,0x00,0x00,
  0x00,0x00,0x00,0x00,0x00,0x00,0x00,0x00,0x00,0x00,0x00,0x00,0x00,0x00,0x00,0x00,0x00,0x00,0x00,0x00,0x00,0x00,0x00,0x00,
  0x00,0x00,0x00,0x00,0x00,0x00,0x00,0x00,0x00,0x00,0x00,0x00,0x00,0x00,0x00,0x00,0x00,0x00,0x00,0x00,0x00,0x00,0x00,0x00,
  0x00,0x00,0x00,0x00,0x00,0x00,0x00,0x00,0x00,0x00,0x00,0x00,0x00,0x00,0x00,0x00,0x00,0x00,0x00,0x00,0x00,0x00,0x00,0x00,
  0x00,0x00,0x00,0x00,0x00,0x00,0x00,0x00,0x00,0x00,0x00,0x00,0x00,0x00,0x00,0x00,0x00,0x00,0x00,0x00,0x00,0x00,0x00,0x00,
  0x00,0x00,0x00,0x00,0x00,0x00,0x00,0x00,0x00,0x00,0x00,0x00,0x00,0x00,0x00,0x00,0x00,0x00,0x00,0x00,0x00,0x00,0x00,0x00,
  0x00,0x00,0x00,0x00,0x00,0x00,0x00,0x00,0x00,0x00,0x00,0x00,0x00,0x00,0x00,0x00,0x00,0x00,0x00,0x00,0x00,0x00,0x00,0x00,
  0x00,0x00,0x00,0x00,0x00,0x00,0x00,0x00,0x00,0x00,0x00,0x00,0x00,0x00,0x00,0x00,0x00,0x00,0x00,0x00,0x00,0x00,0x00,0x00,
  0x00,0x00,0x00,0x00,0x00,0x00,0x00,0x00,0x00,0x00,0x00,0x00,0x00,0x00,0x00,0x00,0x00,0x00,0x07,0x03,0x07,0x03,0x27,0x03,
  0x07,0x03,0x27,0x03,0x27,0x03,0x27,0x03,0x27,0x03,0x47,0x03,0x27,0x03,0x47,0x03,0x47,0x03,0x47,0x03,0x47,0x03,0x48,0x03,
  0x47,0x03,0x68,0x03,0x47,0x03,0x68,0x03,0x67,0x03,0x68,0x03,0x67,0x03,0x88,0x03,0x67,0x03,0x88,0x03,0x00,0x00,0x00,0x00,
  0x00,0x00,0x00,0x00,0x00,0x00,0x00,0x00,0x00,0x00,0x00,0x00,0x00,0x00,0x00,0x00,0x00,0x00,0x00,0x00,0x00,0x00,0x00,0x00,
  0x00,0x00,0x00,0x00,0x00,0x00,0x00,0x00,0x00,0x00,0x00,0x00,0x00,0x00,0x00,0x00,0x00,0x00,0x00,0x00,0x00,0x00,0x00,0x00,
  0x00,0x00,0x00,0x00,0x00,0x00,0x00,0x00,0x00,0x00,0x00,0x00,0x00,0x00,0x00,0x00,0x00,0x00,0x00,0x00,0x00,0x00,0x00,0x00,
  0x00,0x00,0x00,0x00,0x00,0x00,0x00,0x00,0x00,0x00,0x00,0x00,0x00,0x00,0x00,0x00,0x00,0x00,0x00,0x00,0x00,0x00,0x00,0x00,
  0x00,0x00,0x00,0x00,0x00,0x00,0x00,0x00,0x00,0x00,0x00,0x00,0x00,0x00,0x00,0x00,0x00,0x00,0x00,0x00,0x00,0x00,0x00,0x00,
  0x00,0x00,0x00,0x00,0x00,0x00,0x00,0x00,0x00,0x00,0x00,0x00,0x00,0x00,0x00,0x00,0x00,0x00,0x00,0x00,0x00,0x00,0x00,0x00,
  0x00,0x00,0x00,0x00,0x00,0x00,0x00,0x00,0x00,0x00,0x00,0x00,0x00,0x00,0x00,0x00,0x00,0x00,0x00,0x00,0x00,0x00,0x00,0x00,
  0x00,0x00,0x00,0x00,0x00,0x00,0x00,0x00,0x00,0x00,0x00,0x00,0x00,0x00,0x00,0x00,0x00,0x00,0x00,0x00,0x00,0x00,0x00,0x00,
  0x00,0x00,0x00,0x00,0x88,0x03,0x27,0x03,0x07,0x03,0x27,0x03,0x27,0x03,0x27,0x03,0x27,0x03,0x47,0x03,0x27,0x03,0x48,0x03,
  0x27,0x03,0x48,0x03,0x47,0x03,0x48,0x03,0x47,0x03,0x68,0x03,0x47,0x03,0x68,0x03,0x67,0x03,0x68,0x03,0x67,0x03,0x88,0x03,
  0x68,0x03,0x88,0x03,0x00,0x00,0x00,0x00,0x00,0x00,0x00,0x00,0x00,0x00,0x00,0x00,0x00,0x00,0x00,0x00,0x00,0x00,0x00,0x00,
  0x00,0x00,0x00,0x00,0x00,0x00,0x00,0x00,0x00,0x00,0x00,0x00,0x00,0x00,0x00,0x00,0x00,0x00,0x00,0x00,0x00,0x00,0x00,0x00,
  0x00,0x00,0x00,0x00,0x00,0x00,0x00,0x00,0x00,0x00,0x00,0x00,0x00,0x00,0x00,0x00,0x00,0x00,0x00,0x00,0x00,0x00,0x00,0x00,
  0x00,0x00,0x00,0x00,0x00,0x00,0x00,0x00,0x00,0x00,0x00,0x00,0x00,0x00,0x00,0x00,0x00,0x00,0x00,0x00,0x00,0x00,0x00,0x00,
  0x00,0x00,0x00,0x00,0x00,0x00,0x00,0x00,0x00,0x00,0x00,0x00,0x00,0x00,0x00,0x00,0x00,0x00,0x00,0x00,0x00,0x00,0x00,0x00,
  0x00,0x00,0x00,0x00,0x00,0x00,0x00,0x00,0x00,0x00,0x00,0x00,0x00,0x00,0x00,0x00,0x00,0x00,0x00,0x00,0x00,0x00,0x00,0x00,
  0x00,0x00,0x00,0x00,0x00,0x00,0x00,0x00,0x00,0x00,0x00,0x00,0x00,0x00,0x00,0x00,0x00,0x00,0x00,0x00,0x00,0x00,0x00,0x00,
  0x00,0x00,0x00,0x00,0x00,0x00,0x00,0x00,0x00,0x00,0x00,0x00,0x00,0x00,0x00,0x00,0x00,0x00,0x00,0x00,0x00,0x00,0x00,0x00,
  0x00,0x00,0x00,0x00,0x00,0x00,0x00,0x00,0x00,0x00,0x00,0x00,0x00,0x00,0x00,0x00,0x88,0x03,0x07,0x03,0x07,0x03,0x27,0x03,
  0x07,0x03,0x27,0x03,0x27,0x03,0x27,0x03,0x27,0x03,0x47,0x03,0x27,0x03,0x47,0x03,0x47,0x03,0x47,0x03,0x47,0x03,0x48,0x03,
  0x47,0x03,0x68,0x03,0x47,0x03,0x68,0x03,0x67,0x03,0x68,0x03,0x00,0x00,0x00,0x00,0x00,0x00,0x00,0x00,0x00,0x00,0x00,0x00,
  0x00,0x00,0x00,0x00,0x00,0x00,0x00,0x00,0x00,0x00,0x00,0x00,0x00,0x00,0x00,0x00,0x00,0x00,0x00,0x00,0x00,0x00,0x00,0x00,
  0x00,0x00,0x00,0x00,0x00,0x00,0x00,0x00,0x00,0x00,0x00,0x00,0x00,0x00,0x00,0x00,0x00,0x00,0x00,0x00,0x00,0x00,0x00,0x00,
  0x00,0x00,0x00,0x00,0x00,0x00,0x00,0x00,0x00,0x00,0x00,0x00,0x00,0x00,0x00,0x00,0x00,0x00,0x00,0x00,0x00,0x00,0x00,0x00,
  0x00,0x00,0x00,0x00,0x00,0x00,0x00,0x00,0x00,0x00,0x00,0x00,0x00,0x00,0x00,0x00,0x00,0x00,0x00,0x00,0x00,0x00,0x00,0x00,
  0x00,0x00,0x00,0x00,0x00,0x00,0x00,0x00,0x00,0x00,0x00,0x00,0x00,0x00,0x00,0x00,0x00,0x00,0x00,0x00,0x00,0x00,0x00,0x00,
  0x00,0x00,0x00,0x00,0x00,0x00,0x00,0x00,0x00,0x00,0x00,0x00,0x00,0x00,0x00,0x00,0x00,0x00,0x00,0x00,0x00,0x00,0x00,0x00,
  0x00,0x00,0x00,0x00,0x00,0x00,0x00,0x00,0x00,0x00,0x00,0x00,0x00,0x00,0x00,0x00,0x00,0x00,0x00,0x00,0x00,0x00,0x00,0x00,
  0x00,0x00,0x00,0x00,0x00,0x00,0x00,0x00,0x00,0x00,0x00,0x00,0x00,0x00,0x00,0x00,0x00,0x00,0x00,0x00,0x00,0x00,0x00,0x00,
  0x00,0x00,0x00,0x00,0x00,0x00,0x27,0x03,0x07,0x03,0x27,0x03,0x27,0x03,0x27,0x03,0x27,0x03,0x47,0x03,0x27,0x03,0x48,0x03,
  0x47,0x03,0x48,0x03,0x47,0x03,0x48,0x03,0x47,0x03,0x68,0x03,0x47,0x03,0x68,0x03,0x68,0x03,0x88,0x03,0x00,0x00,0x00,0x00,
  0x00,0x00,0x00,0x00,0x00,0x00,0x00,0x00,0x00,0x00,0x00,0x00,0x00,0x00,0x00,0x00,0x00,0x00,0x00,0x00,0x00,0x00,0x00,0x00,
  0x00,0x00,0x00,0x00,0x00,0x00,0x00,0x00,0x00,0x00,0x00,0x00,0x00,0x00,0x00,0x00,0x00,0x00,0x00,0x00,0x00,0x00,0x00,0x00,
  0x00,0x00,0x00,0x00,0x00,0x00,0x00,0x00,0x00,0x00,0x00,0x00,0x00,0x00,0x00,0x00,0x00,0x00,0x00,0x00,0x00,0x00,0x00,0x00,
  0x00,0x00,0x00,0x00,0x00,0x00,0x00,0x00,0x00,0x00,0x00,0x00,0x00,0x00,0x00,0x00,0x00,0x00,0x00,0x00,0x00,0x00,0x00,0x00,
  0x00,0x00,0x00,0x00,0x00,0x00,0x00,0x00,0x00,0x00,0x00,0x00,0x00,0x00,0x00,0x00,0x00,0x00,0x00,0x00,0x00,0x00,0x00,0x00,
  0x00,0x00,0x00,0x00,0x00,0x00,0x00,0x00,0x00,0x00,0x00,0x00,0x00,0x00,0x00,0x00,0x00,0x00,0x00,0x00,0x00,0x00,0x00,0x00,
  0x00,0x00,0x00,0x00,0x00,0x00,0x00,0x00,0x00,0x00,0x00,0x00,0x00,0x00,0x00,0x00,0x00,0x00,0x00,0x00,0x00,0x00,0x00,0x00,
  0x00,0x00,0x00,0x00,0x00,0x00,0x00,0x00,0x00,0x00,0x00,0x00,0x00,0x00,0x00,0x00,0x00,0x00,0x00,0x00,0x00,0x00,0x00,0x00,
  0x00,0x00,0x00,0x00,0x00,0x00,0x00,0x00,0x00,0x00,0x00,0x00,0x00,0x00,0x00,0x00,0x00,0x00,0x47,0x03,0x07,0x03,0x27,0x03,
  0x07,0x03,0x27,0x03,0x27,0x03,0x27,0x03,0x27,0x03,0x47,0x03,0x27,0x03,0x47,0x03,0x47,0x03,0x47,0x03,0x47,0x03,0x68,0x03,
  0x47,0x03,0x00,0x00,0x00,0x00,0x00,0x00,0x00,0x00,0x00,0x00,0x00,0x00,0x00,0x00,0x00,0x00,0x00,0x00,0x00,0x00,0x00,0x00,
  0x00,0x00,0x00,0x00,0x00,0x00,0x00,0x00,0x00,0x00,0x00,0x00,0x00,0x00,0x00,0x00,0x00,0x00,0x00,0x00,0x00,0x00,0x00,0x00,
  0x00,0x00,0x00,0x00,0x00,0x00,0x00,0x00,0x00,0x00,0x00,0x00,0x00,0x00,0x00,0x00,0x00,0x00,0x00,0x00,0x00,0x00,0x00,0x00,
  0x00,0x00,0x00,0x00,0x00,0x00,0x00,0x00,0x00,0x00,0x00,0x00,0x00,0x00,0x00,0x00,0x00,0x00,0x00,0x00,0x00,0x00,0x00,0x00,
  0x00,0x00,0x00,0x00,0x00,0x00,0x00,0x00,0x00,0x00,0x00,0x00,0x00,0x00,0x00,0x00,0x00,0x00,0x00,0x00,0x00,0x00,0x00,0x00,
  0x00,0x00,0x00,0x00,0x00,0x00,0x00,0x00,0x00,0x00,0x00,0x00,0x00,0x00,0x00,0x00,0x00,0x00,0x00,0x00,0x00,0x00,0x00,0x00,
  0x00,0x00,0x00,0x00,0x00,0x00,0x00,0x00,0x00,0x00,0x00,0x00,0x00,0x00,0x00,0x00,0x00,0x00,0x00,0x00,0x00,0x00,0x00,0x00,
  0x00,0x00,0x00,0x00,0x00,0x00,0x00,0x00,0x00,0x00,0x00,0x00,0x00,0x00,0x00,0x00,0x00,0x00,0x00,0x00,0x00,0x00,0x00,0x00,
  0x00,0x00,0x00,0x00,0x00,0x00,0x00,0x00,0x00,0x00,0x00,0x00,0x00,0x00,0x00,0x00,0x00,0x00,0x00,0x00,0x00,0x00,0x00,0x00,
  0x00,0x00,0x00,0x00,0x00,0x00,0x00,0x00,0x88,0x03,0x27,0x03,0x27,0x03,0x27,0x03,0x27,0x03,0x47,0x03,0x27,0x03,0x48,0x03,
  0x47,0x03,0x48,0x03,0x47,0x03,0x68,0x03,0x88,0x03,0x00,0x00,0x00,0x00,0x00,0x00,0x00,0x00,0x00,0x00,0x00,0x00,0x00,0x00,
  0x00,0x00,0x00,0x00,0x00,0x00,0x00,0x00,0x00,0x00,0x00,0x00,0x00,0x00,0x00,0x00,0x00,0x00,0x00,0x00,0x00,0x00,0x00,0x00,
  0x00,0x00,0x00,0x00,0x00,0x00,0x00,0x00,0x00,0x00,0x00,0x00,0x00,0x00,0x00,0x00,0x00,0x00,0x00,0x00,0x00,0x00,0x00,0x00,
  0x00,0x00,0x00,0x00,0x00,0x00,0x00,0x00,0x00,0x00,0x00,0x00,0x00,0x00,0x00,0x00,0x00,0x00,0x00,0x00,0x00,0x00,0x00,0x00,
  0x00,0x00,0x00,0x00,0x00,0x00,0x00,0x00,0x00,0x00,0x00,0x00,0x00,0x00,0x00,0x00,0x00,0x00,0x00,0x00,0x00,0x00,0x00,0x00,
  0x00,0x00,0x00,0x00,0x00,0x00,0x00,0x00,0x00,0x00,0x00,0x00,0x00,0x00,0x00,0x00,0x00,0x00,0x00,0x00,0x00,0x00,0x00,0x00,
  0x00,0x00,0x00,0x00,0x00,0x00,0x00,0x00,0x00,0x00,0x00,0x00,0x00,0x00,0x00,0x00,0x00,0x00,0x00,0x00,0x00,0x00,0x00,0x00,
  0x00,0x00,0x00,0x00,0x00,0x00,0x00,0x00,0x00,0x00,0x00,0x00,0x00,0x00,0x00,0x00,0x00,0x00,0x00,0x00,0x00,0x00,0x00,0x00,
  0x00,0x00,0x00,0x00,0x00,0x00,0x00,0x00,0x00,0x00,0x00,0x00,0x00,0x00,0x00,0x00,0x00,0x00,0x00,0x00,0x00,0x00,0x00,0x10,
  0x6f,0x9f,0xdf,0xff,0xff,0xff,0xff,0xdf,0x9f,0x6f,0x20,0x00,0x00,0x00,0x00,0x00,0x00,0x00,0x00,0x00,0x00,0x00,0x00,0x00,
  0x00,0x00,0x00,0x00,0x00,0x00,0x00,0x00,0x00,0x00,0x00,0x00,0x00,0x00,0x00,0x00,0x00,0x00,0x00,0x00,0x00,0x00,0x00,0x00,
  0x00,0x00,0x00,0x00,0x00,0x00,0x00,0x00,0x00,0x00,0x00,0x00,0x00,0x00,0x00,0x00,0x00,0x00,0x00,0x00,0x00,0x00,0x00,0x00,
  0x00,0x00,0x00,0x00,0x00,0x00,0x00,0x00,0x00,0x00,0x00,0x00,0x00,0x00,0x00,0x00,0x00,0x00,0x00,0x00,0x00,0x00,0x00,0x00,
  0x00,0x00,0x00,0x00,0x00,0x00,0x00,0x00,0x00,0x00,0x00,0x00,0x00,0x00,0x00,0x00,0x00,0x00,0x00,0x00,0x00,0x00,0x00,0x00,
  0x00,0x00,0x40,0x9f,0xff,0xff,0xff,0xff,0xff,0xff,0xff,0xff,0xff,0xff,0xff,0xff,0xbf,0x5f,0x00,0x00,0x00,0x00,0x00,0x00,
  0x00,0x00,0x00,0x00,0x00,0x00,0x00,0x00,0x00,0x00,0x00,0x00,0x00,0x00,0x00,0x00,0x00,0x00,0x00,0x00,0x00,0x00,0x00,0x00,
  0x00,0x00,0x00,0x00,0x00,0x00,0x00,0x00,0x00,0x00,0x00,0x00,0x00,0x00,0x00,0x00,0x00,0x00,0x00,0x00,0x00,0x00,0x00,0x00,
  0x00,0x00,0x00,0x00,0x00,0x00,0x00,0x00,0x00,0x00,0x00,0x00,0x00,0x00,0x00,0x00,0x00,0x00,0x00,0x00,0x00,0x00,0x00,0x00,
  0x00,0x00,0x00,0x00,0x00,0x00,0x00,0x00,0x00,0x00,0x00,0x00,0x00,0x00,0x00,0x00,0x00,0x00,0x00,0x00,0x00,0x00,0x00,0x00,
  0x00,0x00,0x00,0x00,0x00,0x10,0x8f,0xff,0xff,0xff,0xff,0xff,0xff,0xff,0xff,0xff,0xff,0xff,0xff,0xff,0xff,0xff,0xff,0xef,
  0x7f,0x00,0x00,0x00,0x00,0x00,0x00,0x00,0x00,0x00,0x00,0x00,0x00,0x00,0x00,0x00,0x00,0x00,0x00,0x00,0x00,0x00,0x00,0x00,
  0x00,0x00,0x00,0x00,0x00,0x00,0x00,0x00,0x00,0x00,0x00,0x00,0x00,0x00,0x00,0x00,0x00,0x00,0x00,0x00,0x00,0x00,0x00,0x00,
  0x00,0x00,0x00,0x00,0x00,0x00,0x00,0x00,0x00,0x00,0x00,0x00,0x00,0x00,0x00,0x00,0x00,0x00,0x00,0x00,0x00,0x00,0x00,0x00,
  0x00,0x00,0x00,0x00,0x00,0x00,0x00,0x00,0x00,0x00,0x00,0x00,0x00,0x00,0x00,0x00,0x00,0x00,0x00,0x00,0x00,0x00,0x00,0x00,
  0x00,0x00,0x00,0x00,0x00,0x00,0x00,0x00,0x00,0x30,0xdf,0xff,0xff,0xff,0xff,0xff,0xff,0xff,0xff,0xff,0xff,0xff,0xff,0xff,
  0xff,0xff,0xff,0xff,0xff,0xff,0xdf,0x50,0x00,0x00,0x00,0x00,0x00,0x00,0x00,0x00,0x00,0x00,0x00,0x00,0x00,0x00,0x00,0x00,
  0x00,0x00,0x00,0x00,0x00,0x00,0x00,0x00,0x00,0x00,0x00,0x00,0x00,0x00,0x00,0x00,0x00,0x00,0x00,0x00,0x00,0x00,0x00,0x00,
  0x00,0x00,0x00,0x00,0x00,0x00,0x00,0x00,0x00,0x00,0x00,0x00,0x00,0x00,0x00,0x00,0x00,0x00,0x00,0x00,0x00,0x00,0x00,0x00,
  0x00,0x00,0x00,0x00,0x00,0x00,0x00,0x00,0x00,0x00,0x00,0x00,0x00,0x00,0x00,0x00,0x00,0x00,0x00,0x00,0x00,0x00,0x00,0x00,
  0x00,0x00,0x00,0x00,0x00,0x00,0x00,0x00,0x00,0x00,0x00,0x00,0x00,0x50,0xef,0xff,0xff,0xff,0xff,0xff,0xff,0xff,0xff,0xff,
  0xff,0xff,0xff,0xff,0xff,0xff,0xff,0xff,0xff,0xff,0xff,0xff,0xff,0xaf,0x10,0x00,0x00,0x00,0x00,0x00,0x00,0x00,0x00,0x00,
  0x00,0x00,0x00,0x00,0x00,0x00,0x00,0x00,0x00,0x00,0x00,0x00,0x00,0x00,0x00,0x00,0x00,0x00,0x00,0x00,0x00,0x00,0x00,0x00,
  0x00,0x00,0x00,0x00,0x00,0x00,0x00,0x00,0x00,0x00,0x00,0x00,0x00,0x00,0x00,0x00,0x00,0x00,0x00,0x00,0x00,0x00,0x00,0x00,
  0x00,0x00,0x00,0x00,0x00,0x00,0x00,0x00,0x00,0x00,0x00,0x00,0x00,0x00,0x00,0x00,0x00,0x00,0x00,0x00,0x00,0x00,0x00,0x00,
  0x00,0x00,0x00,0x00,0x00,0x00,0x00,0x00,0x00,0x00,0x00,0x00,0x00,0x00,0x00,0x00,0x00,0x60,0xff,0xff,0xff,0xff,0xff,0xff,
  0xff,0xff,0xff,0xff,0xff,0xff,0xff,0xff,0xff,0xff,0xff,0xff,0xff,0xff,0xff,0xff,0xff,0xff,0xff,0xdf,0x30,0x00,0x00,0x00,
  0x00,0x00,0x00,0x00,0x00,0x00,0x00,0x00,0x00,0x00,0x00,0x00,0x00,0x00,0x00,0x00,0x00,0x00,0x00,0x00,0x00,0x00,0x00,0x00,
  0x00,0x00,0x00,0x00,0x00,0x00,0x00,0x00,0x00,0x00,0x00,0x00,0x00,0x00,0x00,0x00,0x00,0x00,0x00,0x00,0x00,0x00,0x00,0x00,
  0x00,0x00,0x00,0x00,0x00,0x00,0x00,0x00,0x00,0x00,0x00,0x00,0x00,0x00,0x00,0x00,0x00,0x00,0x00,0x00,0x00,0x00,0x00,0x00,
  0x00,0x00,0x00,0x00,0x00,0x00,0x00,0x00,0x00,0x00,0x00,0x00,0x00,0x00,0x00,0x00,0x00,0x00,0x00,0x00,0x00,0x30,0xff,0xff,
  0xff,0xff,0xff,0xff,0xff,0xff,0xff,0xff,0xff,0xff,0xff,0xff,0xff,0xff,0xff,0xff,0xff,0xff,0xff,0xff,0xff,0xff,0xff,0xff,
  0xff,0xff,0x60,0x00,0x00,0x00,0x00,0x00,0x00,0x00,0x00,0x00,0x00,0x00,0x00,0x00,0x00,0x00,0x00,0x00,0x00,0x00,0x00,0x00,
  0x00,0x00,0x00,0x00,0x00,0x00,0x00,0x00,0x00,0x00,0x00,0x00,0x00,0x00,0x00,0x00,0x00,0x00,0x00,0x00,0x00,0x00,0x00,0x00,
  0x00,0x00,0x00,0x00,0x00,0x00,0x00,0x00,0x00,0x00,0x00,0x00,0x00,0x00,0x00,0x00,0x00,0x00,0x00,0x00,0x00,0x00,0x00,0x00,
  0x00,0x00,0x00,0x00,0x00,0x00,0x00,0x00,0x00,0x00,0x00,0x00,0x00,0x00,0x00,0x00,0x00,0x00,0x00,0x00,0x00,0x00,0x00,0x00,
  0x00,0x10,0xdf,0xff,0xff,0xff,0xff,0xff,0xff,0xff,0xff,0xff,0xff,0xff,0xff,0xff,0xff,0xff,0xff,0xff,0xff,0xff,0xff,0xff,
  0xff,0xff,0xff,0xff,0xff,0xff,0xff,0xff,0x9f,0x00,0x00,0x00,0x00,0x00,0x00,0x00,0x00,0x00,0x00,0x00,0x00,0x00,0x00,0x00,
  0x00,0x00,0x00,0x00,0x00,0x00,0x00,0x00,0x00,0x00,0x00,0x00,0x00,0x00,0x00,0x00,0x00,0x00,0x00,0x00,0x00,0x00,0x00,0x00,
  0x00,0x00,0x00,0x00,0x00,0x00,0x00,0x00,0x00,0x00,0x00,0x00,0x00,0x00,0x00,0x00,0x00,0x00,0x00,0x00,0x00,0x00,0x00,0x00,
  0x00,0x00,0x00,0x00,0x00,0x00,0x00,0x00,0x00,0x00,0x00,0x00,0x00,0x00,0x00,0x00,0x00,0x00,0x00,0x00,0x00,0x00,0x00,0x00,
  0x00,0x00,0x00,0x00,0x00,0x00,0x90,0xff,0xff,0xff,0xff,0xff,0xff,0xff,0xff,0xff,0xff,0xff,0xff,0xff,0xff,0xff,0xff,0xff,
  0xff,0xff,0xff,0xff,0xff,0xff,0xff,0xff,0xff,0xff,0xff,0xff,0xff,0xff,0xaf,0x10,0x00,0x00,0x00,0x00,0x00,0x00,0x00,0x00,
  0x00,0x00,0x00,0x00,0x00,0x00,0x00,0x00,0x00,0x00,0x00,0x00,0x00,0x00,0x00,0x00,0x00,0x00,0x00,0x00,0x00,0x00,0x00,0x00,
  0x00,0x00,0x00,0x00,0x00,0x00,0x00,0x00,0x00,0x00,0x00,0x00,0x00,0x00,0x00,0x00,0x00,0x00,0x00,0x00,0x00,0x00,0x00,0x00,
  0x00,0x00,0x00,0x00,0x00,0x00,0x00,0x00,0x00,0x00,0x00,0x00,0x00,0x00,0x00,0x00,0x00,0x00,0x00,0x00,0x00,0x00,0x00,0x00,
  0x00,0x00,0x00,0x00,0x00,0x00,0x00,0x00,0x00,0x00,0x40,0xff,0xff,0xff,0xff,0xff,0xff,0xff,0xff,0xff,0xff,0xff,0xff,0xff,
  0xff,0xff,0xff,0xff,0xff,0xff,0xff,0xff,0xff,0xff,0xff,0xff,0xff,0xff,0xff,0xff,0xff,0xff,0xff,0xff,0xcf,0x20,0x00,0x00,
  0x00,0x00,0x00,0x00,0x00,0x00,0x00,0x00,0x00,0x00,0x00,0x00,0x00,0x00,0x00,0x00,0x00,0x00,0x00,0x00,0x00,0x00,0x00,0x00,
  0x00,0x00,0x00,0x00,0x00,0x00,0x00,0x00,0x00,0x00,0x00,0x00,0x00,0x00,0x00,0x00,0x00,0x00,0x00,0x00,0x00,0x00,0x00,0x00,
  0x00,0x00,0x00,0x00,0x00,0x00,0x00,0x00,0x00,0x00,0x00,0x00,0x00,0x00,0x00,0x00,0x00,0x00,0x00,0x00,0x00,0x00,0x00,0x00,
  0x00,0x00,0x00,0x00,0x00,0x00,0x00,0x00,0x00,0x00,0x00,0x00,0x00,0x00,0x00,0xbf,0xff,0xff,0xff,0xff,0xff,0xff,0xff,0xff,
  0xff,0xff,0xff,0xff,0xff,0xff,0xff,0xff,0xff,0xff,0xff,0xff,0xff,0xff,0xff,0xff,0xff,0xff,0xff,0xff,0xff,0xff,0xff,0xff,
  0xff,0xff,0xef,0x30,0x00,0x00,0x00,0x00,0x00,0x00,0x00,0x00,0x00,0x00,0x00,0x00,0x00,0x00,0x00,0x00,0x00,0x00,0x00,0x00,
  0x00,0x00,0x00,0x00,0x00,0x00,0x00,0x00,0x00,0x00,0x00,0x00,0x00,0x00,0x00,0x00,0x00,0x00,0x00,0x00,0x00,0x00,0x00,0x00,
  0x00,0x00,0x00,0x00,0x00,0x00,0x00,0x00,0x00,0x00,0x00,0x00,0x00,0x00,0x00,0x00,0x00,0x00,0x00,0x00,0x00,0x00,0x00,0x00,
  0x00,0x00,0x00,0x00,0x00,0x00,0x00,0x00,0x00,0x00,0x00,0x00,0x00,0x00,0x00,0x00,0x00,0x00,0x00,0x30,0xff,0xff,0xff,0xff,
  0xff,0xff,0xff,0xff,0xff,0xff,0xff,0xff,0xff,0xff,0xff,0xff,0xff,0xff,0xff,0xff,0xff,0xff,0xff,0xff,0xff,0xff,0xff,0xff,
  0xff,0xff,0xff,0xff,0xff,0xff,0xff,0xff,0xef,0x60,0x00,0x00,0x00,0x00,0x00,0x00,0x00,0x00,0x00,0x00,0x00,0x00,0x00,0x00,
  0x00,0x00,0x00,0x00,0x00,0x00,0x00,0x00,0x00,0x00,0x00,0x00,0x00,0x00,0x00,0x00,0x00,0x00,0x00,0x00,0x00,0x00,0x00,0x00,
  0x00,0x00,0x00,0x00,0x00,0x00,0x00,0x00,0x00,0x00,0x00,0x00,0x00,0x00,0x00,0x00,0x00,0x00,0x00,0x00,0x00,0x00,0x00,0x00,
  0x00,0x00,0x00,0x00,0x00,0x00,0x00,0x00,0x00,0x00,0x00,0x00,0x00,0x00,0x00,0x00,0x00,0x00,0x00,0x00,0x00,0x00,0x00,0x00,
  0x80,0xff,0xff,0xff,0xff,0xff,0xff,0xff,0xff,0xff,0xff,0xff,0xff,0xff,0xff,0xff,0xff,0xff,0xff,0xff,0xff,0xff,0xff,0xff,
  0xff,0xff,0xff,0xff,0xff,0xff,0xff,0xff,0xff,0xff,0xff,0xff,0xff,0xff,0xff,0x7f,0x00,0x00,0x00,0x00,0x00,0x00,0x00,0x00,
  0x00,0x00,0x00,0x00,0x00,0x00,0x00,0x00,0x00,0x00,0x00,0x00,0x00,0x00,0x00,0x00,0x00,0x00,0x00,0x00,0x00,0x00,0x00,0x00,
  0x00,0x00,0x00,0x00,0x00,0x00,0x00,0x00,0x00,0x00,0x00,0x00,0x00,0x00,0x00,0x00,0x00,0x00,0x00,0x00,0x00,0x00,0x00,0x00,
  0x00,0x00,0x00,0x00,0x00,0x00,0x00,0x00,0x00,0x00,0x00,0x00,0x00,0x00,0x00,0x00,0x00,0x00,0x00,0x00,0x00,0x00,0x00,0x00,
  0x00,0x00,0x00,0x00,0x00,0xc0,0xff,0xff,0xff,0xff,0xff,0xff,0xff,0xff,0xff,0xff,0xff,0xff,0xff,0xff,0xff,0xff,0xff,0xff,
  0xff,0xff,0xff,0xff,0xff,0xff,0xff,0xff,0xff,0xff,0xff,0xff,0xff,0xff,0xff,0xff,0xff,0xff,0xff,0xff,0xff,0xaf,0x10,0x00,
  0x00,0x00,0x00,0x00,0x00,0x00,0x00,0x00,0x00,0x00,0x00,0x00,0x00,0x00,0x00,0x00,0x00,0x00,0x00,0x00,0x00,0x00,0x00,0x00,
  0x00,0x00,0x00,0x00,0x00,0x00,0x00,0x00,0x00,0x00,0x00,0x00,0x00,0x00,0x00,0x00,0x00,0x00,0x00,0x00,0x00,0x00,0x00,0x00,
  0x00,0x00,0x00,0x00,0x00,0x00,0x00,0x00,0x00,0x00,0x00,0x00,0x00,0x00,0x00,0x00,0x00,0x00,0x00,0x00,0x00,0x00,0x00,0x00,
  0x00,0x00,0x00,0x00,0x00,0x00,0x00,0x00,0x00,0x00,0xdf,0xff,0xff,0xff,0xff,0xff,0xff,0xff,0xff,0xff,0xff,0xff,0xff,0xff,
  0xff,0xff,0xff,0xff,0xff,0xff,0xff,0xff,0xff,0xff,0xff,0xff,0xff,0xff,0xff,0xff,0xff,0xff,0xff,0xff,0xff,0xff,0xff,0xff,
  0xff,0xff,0xff,0xcf,0x20,0x00,0x00,0x00,0x00,0x00,0x00,0x00,0x00,0x00,0x00,0x00,0x00,0x00,0x00,0x00,0x00,0x00,0x00,0x00,
  0x00,0x00,0x00,0x00,0x00,0x00,0x00,0x00,0x00,0x00,0x00,0x00,0x00,0x00,0x00,0x00,0x00,0x00,0x00,0x00,0x00,0x00,0x00,0x00,
  0x00,0x00,0x00,0x00,0x00,0x00,0x00,0x00,0x00,0x00,0x00,0x00,0x00,0x00,0x00,0x00,0x00,0x00,0x00,0x00,0x00,0x00,0x00,0x00,
  0x00,0x00,0x00,0x00,0x00,0x00,0x00,0x00,0x00,0x00,0x00,0x00,0x00,0x00,0x00,0xff,0xff,0xff,0xff,0xff,0xff,0xff,0xff,0xff,
  0xff,0xff,0xff,0xff,0xff,0xff,0xff,0xff,0xff,0xff,0xff,0xff,0xff,0xff,0xff,0xff,0xff,0xff,0xff,0xff,0xff,0xff,0xff,0xff,
  0xff,0xff,0xff,0xff,0xff,0xff,0xff,0xff,0xff,0xef,0x40,0x00,0x00,0x00,0x00,0x00,0x00,0x00,0x00,0x00,0x00,0x00,0x00,0x00,
  0x00,0x00,0x00,0x00,0x00,0x00,0x00,0x00,0x00,0x00,0x00,0x00,0x00,0x00,0x00,0x00,0x00,0x00,0x00,0x00,0x00,0x00,0x00,0x00,
  0x00,0x00,0x00,0x00,0x00,0x00,0x00,0x00,0x00,0x00,0x00,0x00,0x00,0x00,0x00,0x00,0x00,0x00,0x00,0x00,0x00,0x00,0x00,0x00,
  0x00,0x00,0x00,0x00,0x00,0x00,0x00,0x00,0x00,0x00,0x00,0x00,0x00,0x00,0x00,0x00,0x00,0x00,0x00,0x00,0xff,0xff,0xff,0xff,
  0xff,0xff,0xff,0xff,0xff,0xff,0xff,0xff,0xff,0xff,0xff,0xff,0xff,0xff,0xff,0xff,0xff,0xff,0xff,0xff,0xff,0xff,0xff,0xff,
  0xff,0xff,0xff,0xff,0xff,0xff,0xff,0xff,0xff,0xff,0xff,0xff,0xff,0xff,0xff,0xff,0x60,0x00,0x00,0x00,0x00,0x00,0x00,0x00,
  0x00,0x00,0x00,0x00,0x00,0x00,0x00,0x00,0x00,0x00,0x00,0x00,0x00,0x00,0x00,0x00,0x00,0x00,0x00,0x00,0x00,0x00,0x00,0x00,
  0x00,0x00,0x00,0x00,0x00,0x00,0x00,0x00,0x00,0x00,0x00,0x00,0x00,0x00,0x00,0x00,0x00,0x00,0x00,0x00,0x00,0x00,0x00,0x00,
  0x00,0x00,0x00,0x00,0x00,0x00,0x00,0x00,0x00,0x00,0x00,0x00,0x00,0x00,0x00,0x00,0x00,0x00,0x00,0x00,0x00,0x00,0x00,0x00,
  0x00,0xff,0xff,0xff,0xff,0xff,0xff,0xff,0xff,0xff,0xff,0xff,0xff,0xff,0xff,0xff,0xff,0xff,0xff,0xff,0xff,0xff,0xff,0xff,
  0xff,0xff,0xff,0xff,0xff,0xff,0xff,0xff,0xff,0xff,0xff,0xff,0xff,0xff,0xff,0xff,0xff,0xff,0xff,0xff,0xff,0xff,0x9f,0x00,
  0x00,0x00,0x00,0x00,0x00,0x00,0x00,0x00,0x00,0x00,0x00,0x00,0x00,0x00,0x00,0x00,0x00,0x00,0x00,0x00,0x00,0x00,0x00,0x00,
  0x00,0x00,0x00,0x00,0x00,0x00,0x00,0x00,0x00,0x00,0x00,0x00,0x00,0x00,0x00,0x00,0x00,0x00,0x00,0x00,0x00,0x00,0x00,0x00,
  0x00,0x00,0x00,0x00,0x00,0x00,0x00,0x00,0x00,0x00,0x00,0x00,0x00,0x00,0x00,0x00,0x00,0x00,0x00,0x00,0x00,0x00,0x00,0x00,
  0x00,0x00,0x00,0x00,0x00,0x00,0xff,0xff,0xff,0xff,0xff,0xff,0xff,0xff,0xff,0xff,0xff,0xff,0xff,0xff,0xff,0xff,0xff,0xff,
  0xff,0xff,0xff,0xff,0xff,0xff,0xff,0xff,0xff,0xff,0xff,0xff,0xff,0xff,0xff,0xff,0xff,0xff,0xff,0xff,0xff,0xff,0xff,0xff,
  0xff,0xff,0xff,0xff,0xbf,0x10,0x00,0x00,0x00,0x00,0x00,0x00,0x00,0x00,0x00,0x00,0x00,0x00,0x00,0x00,0x00,0x00,0x00,0x00,
  0x00,0x00,0x00,0x00,0x00,0x00,0x00,0x00,0x00,0x00,0x00,0x00,0x00,0x00,0x00,0x00,0x00,0x00,0x00,0x00,0x00,0x00,0x00,0x00,
  0x00,0x00,0x00,0x00,0x00,0x00,0x00,0x00,0x00,0x00,0x00,0x00,0x00,0x00,0x00,0x00,0x00,0x00,0x00,0x00,0x00,0x00,0x00,0x00,
  0x00,0x00,0x00,0x00,0x00,0x00,0x00,0x00,0x00,0x00,0x00,0xff,0xff,0xff,0xff,0xff,0xff,0xff,0xff,0xff,0xff,0xff,0xff,0xff,
  0xff,0xff,0xff,0xff,0xff,0xff,0xff,0xff,0xff,0xff,0xff,0xff,0xff,0xff,0xff,0xff,0xff,0xff,0xff,0xff,0xff,0xff,0xff,0xff,
  0xff,0xff,0xff,0xff,0xff,0xff,0xff,0xff,0xff,0xff,0xcf,0x30,0x00,0x00,0x00,0x00,0x00,0x00,0x00,0x00,0x00,0x00,0x00,0x00,
  0x00,0x00,0x00,0x00,0x00,0x00,0x00,0x00,0x00,0x00,0x00,0x00,0x00,0x00,0x00,0x00,0x00,0x00,0x00,0x00,0x00,0x00,0x00,0x00,
  0x00,0x00,0x00,0x00,0x00,0x00,0x00,0x00,0x00,0x00,0x00,0x00,0x00,0x00,0x00,0x00,0x00,0x00,0x00,0x00,0x00,0x00,0x00,0x00,
  0x00,0x00,0x00,0x00,0x00,0x00,0x00,0x00,0x00,0x00,0x00,0x00,0x00,0x00,0x00,0x00,0xff,0xff,0xff,0xff,0xff,0xff,0xff,0xff,
  0xff,0xff,0xff,0xff,0xff,0xff,0xff,0xff,0xff,0xff,0xff,0xff,0xff,0xff,0xff,0xff,0xff,0xff,0xff,0xff,0xff,0xff,0xff,0xff,
  0xff,0xff,0xff,0xff,0xff,0xff,0xff,0xff,0xff,0xff,0xff,0xff,0xff,0xff,0xff,0xff,0xef,0x50,0x00,0x00,0x00,0x00,0x00,0x00,
  0x00,0x00,0x00,0x00,0x00,0x00,0x00,0x00,0x00,0x00,0x00,0x00,0x00,0x00,0x00,0x00,0x00,0x00,0x00,0x00,0x00,0x00,0x00,0x00,
  0x00,0x00,0x00,0x00,0x00,0x00,0x00,0x00,0x00,0x00,0x00,0x00,0x00,0x00,0x00,0x00,0x00,0x00,0x00,0x00,0x00,0x00,0x00,0x00,
  0x00,0x00,0x00,0x00,0x00,0x00,0x00,0x00,0x00,0x00,0x00,0x00,0x00,0x00,0x00,0x00,0x00,0x00,0x00,0x00,0x00,0xff,0xff,0xff,
  0xff,0xff,0xff,0xff,0xff,0xff,0xff,0xff,0xff,0xff,0xff,0xff,0xff,0xff,0xff,0xff,0xff,0xff,0xff,0xff,0xff,0xff,0xff,0xff,
  0xff,0xff,0xff,0xff,0xff,0xff,0xff,0xff,0xff,0xff,0xff,0xff,0xff,0xff,0xff,0xff,0xff,0xff,0xff,0xff,0xff,0xff,0xff,0x6f,
  0x00,0x00,0x00,0x00,0x00,0x00,0x00,0x00,0x00,0x00,0x00,0x00,0x00,0x00,0x00,0x00,0x00,0x00,0x00,0x00,0x00,0x00,0x00,0x00,
  0x00,0x00,0x00,0x00,0x00,0x00,0x00,0x00,0x00,0x00,0x00,0x00,0x00,0x00,0x00,0x00,0x00,0x00,0x00,0x00,0x00,0x00,0x00,0x00,
  0x00,0x00,0x00,0x00,0x00,0x00,0x00,0x00,0x00,0x00,0x00,0x00,0x00,0x00,0x00,0x00,0x00,0x00,0x00,0x00,0x00,0x00,0x00,0x00,
  0x00,0x00,0xd0,0xff,0xff,0xff,0xff,0xff,0xff,0xff,0xff,0xff,0xff,0xff,0xff,0xff,0xff,0xff,0xff,0xff,0xff,0xff,0xff,0xff,
  0xff,0xff,0xff,0xff,0xff,0xff,0xff,0xff,0xff,0xff,0xff,0xff,0xff,0xff,0xff,0xff,0xff,0xff,0xff,0xff,0xff,0xff,0xff,0xff,
  0xff,0xff,0xff,0xff,0xff,0x9f,0x00,0x00,0x00,0x00,0x00,0x00,0x00,0x00,0x00,0x00,0x00,0x00,0x00,0x00,0x00,0x00,0x00,0x00,
  0x00,0x00,0x00,0x00,0x00,0x00,0x00,0x00,0x00,0x00,0x00,0x00,0x00,0x00,0x00,0x00,0x00,0x00,0x00,0x00,0x00,0x00,0x00,0x00,
  0x00,0x00,0x00,0x00,0x00,0x00,0x00,0x00,0x00,0x00,0x00,0x00,0x00,0x00,0x00,0x00,0x00,0x00,0x00,0x00,0x00,0x00,0x00,0x00,
  0x00,0x00,0x00,0x00,0x00,0x00,0x00,0xc0,0xff,0xff,0xff,0xff,0xff,0xff,0xff,0xff,0xff,0xff,0xff,0xff,0xff,0xff,0xff,0xff,
  0xff,0xff,0xff,0xff,0xff,0xff,0xff,0xff,0xff,0xff,0xff,0xff,0xff,0xff,0xff,0xff,0xff,0xff,0xff,0xff,0xff,0xff,0xff,0xff,
  0xff,0xff,0xff,0xff,0xff,0xff,0xff,0xff,0xff,0xff,0xff,0xcf,0x10,0x00,0x00,0x00,0x00,0x00,0x00,0x00,0x00,0x00,0x00,0x00,
  0x00,0x00,0x00,0x00,0x00,0x00,0x00,0x00,0x00,0x00,0x00,0x00,0x00,0x00,0x00,0x00,0x00,0x00,0x00,0x00,0x00,0x00,0x00,0x00,
  0x00,0x00,0x00,0x00,0x00,0x00,0x00,0x00,0x00,0x00,0x00,0x00,0x00,0x00,0x00,0x00,0x00,0x00,0x00,0x00,0x00,0x00,0x00,0x00,
  0x00,0x00,0x00,0x00,0x00,0x00,0x00,0x00,0x00,0x00,0x00,0x00,0xc0,0xff,0xff,0xff,0xff,0xff,0xff,0xff,0xff,0xff,0xff,0xff,
  0xff,0xff,0xff,0xff,0xff,0xff,0xff,0xff,0xff,0xff,0xff,0xff,0xff,0xff,0xff,0xff,0xff,0xff,0xff,0xff,0xff,0xff,0xff,0xff,
  0xff,0xff,0xff,0xff,0xff,0xff,0xff,0xff,0xff,0xff,0xff,0xff,0xff,0xff,0xff,0xff,0xff,0xdf,0x30,0x00,0x00,0x00,0x00,0x00,
  0x00,0x00,0x00,0x00,0x00,0x00,0x00,0x00,0x00,0x00,0x00,0x00,0x00,0x00,0x00,0x00,0x00,0x00,0x00,0x00,0x00,0x00,0x00,0x00,
  0x00,0x00,0x00,0x00,0x00,0x00,0x00,0x00,0x00,0x00,0x00,0x00,0x00,0x00,0x00,0x00,0x00,0x00,0x00,0x00,0x00,0x00,0x00,0x00,
  0x00,0x00,0x00,0x00,0x00,0x00,0x00,0x00,0x00,0x00,0x00,0x00,0x00,0x00,0x00,0x00,0x00,0xc0,0xff,0xff,0xff,0xff,0xff,0xff,
  0xff,0xff,0xff,0xff,0xff,0xff,0xff,0xff,0xff,0xff,0xff,0xff,0xff,0xff,0xff,0xff,0xff,0xff,0xff,0xff,0xff,0xff,0xff,0xff,
  0xff,0xff,0xff,0xff,0xff,0xff,0xff,0xff,0xff,0xff,0xff,0xff,0xff,0xff,0xff,0xff,0xff,0xff,0xff,0xff,0xff,0xff,0xff,0xef,
  0x50,0x00,0x00,0x00,0x00,0x00,0x00,0x00,0x00,0x00,0x00,0x00,0x00,0x00,0x00,0x00,0x00,0x00,0x00,0x00,0x00,0x00,0x00,0x00,
  0x00,0x00,0x00,0x00,0x00,0x00,0x00,0x00,0x00,0x00,0x00,0x00,0x00,0x00,0x00,0x00,0x00,0x00,0x00,0x00,0x00,0x00,0x00,0x00,
  0x00,0x00,0x00,0x00,0x00,0x00,0x00,0x00,0x00,0x00,0x00,0x00,0x00,0x00,0x00,0x00,0x00,0x00,0x00,0x00,0x00,0x00,0xc0,0xff,
  0xff,0xff,0xff,0xff,0xff,0xff,0xff,0xff,0xff,0xff,0xff,0xff,0xff,0xff,0xff,0xff,0xff,0xff,0xff,0xff,0xff,0xff,0xff,0xff,
  0xff,0xff,0xff,0xff,0xff,0xff,0xff,0xff,0xff,0xff,0xff,0xff,0xff,0xff,0xff,0xff,0xff,0xff,0xff,0xff,0xff,0xff,0xff,0xff,
  0xff,0xff,0xff,0xff,0xff,0xff,0x60,0x00,0x00,0x00,0x00,0x00,0x00,0x00,0x00,0x00,0x00,0x00,0x00,0x00,0x00,0x00,0x00,0x00,
  0x00,0x00,0x00,0x00,0x00,0x00,0x00,0x00,0x00,0x00,0x00,0x00,0x00,0x00,0x00,0x00,0x00,0x00,0x00,0x00,0x00,0x00,0x00,0x00,
  0x00,0x00,0x00,0x00,0x00,0x00,0x00,0x00,0x00,0x00,0x00,0x00,0x00,0x00,0x00,0x00,0x00,0x00,0x00,0x00,0x00,0x00,0x00,0x00,
  0x00,0x00,0x00,0x80,0xff,0xff,0xff,0xff,0xff,0xff,0xff,0xff,0xff,0xff,0xff,0xff,0xff,0xff,0xff,0xff,0xff,0xff,0xff,0xff,
  0xff,0xff,0xff,0xff,0xff,0xff,0xff,0xff,0xff,0xff,0xff,0xff,0xff,0xff,0xff,0xff,0xff,0xff,0xff,0xff,0xff,0xff,0xff,0xff,
  0xff,0xff,0xff,0xff,0xff,0xff,0xff,0xff,0xff,0xff,0xff,0xff,0x9f,0x00,0x00,0x00,0x00,0x00,0x00,0x00,0x00,0x00,0x00,0x00,
  0x00,0x00,0x00,0x00,0x00,0x00,0x00,0x00,0x00,0x00,0x00,0x00,0x00,0x00,0x00,0x00,0x00,0x00,0x00,0x00,0x00,0x00,0x00,0x00,
  0x00,0x00,0x00,0x00,0x00,0x00,0x00,0x00,0x00,0x00,0x00,0x00,0x00,0x00,0x00,0x00,0x00,0x00,0x00,0x00,0x00,0x00,0x00,0x00,
  0x00,0x00,0x00,0x00,0x00,0x00,0x00,0x00,0x80,0xff,0xff,0xff,0xff,0xff,0xff,0xff,0xff,0xff,0xff,0xff,0xff,0xff,0xff,0xff,
  0xff,0xff,0xff,0xff,0xff,0xff,0xff,0xff,0xff,0xff,0xff,0xff,0xff,0xff,0xff,0xff,0xff,0xff,0xff,0xff,0xff,0xff,0xff,0xff,
  0xff,0xff,0xff,0xff,0xff,0xff,0xff,0xff,0xff,0xff,0xff,0xff,0xff,0xff,0xff,0xff,0xff,0xff,0xbf,0x10,0x00,0x00,0x00,0x00,
  0x00,0x00,0x00,0x00,0x00,0x00,0x00,0x00,0x00,0x00,0x00,0x00,0x00,0x00,0x00,0x00,0x00,0x00,0x00,0x00,0x00,0x00,0x00,0x00,
  0x00,0x00,0x00,0x00,0x00,0x00,0x00,0x00,0x00,0x00,0x00,0x00,0x00,0x00,0x00,0x00,0x00,0x00,0x00,0x00,0x00,0x00,0x00,0x00,
  0x00,0x00,0x00,0x00,0x00,0x00,0x00,0x00,0x00,0x00,0x00,0x00,0x00,0x80,0xff,0xff,0xff,0xff,0xff,0xff,0xff,0xff,0xff,0xff,
  0xff,0xff,0xff,0xff,0xff,0xff,0xff,0xff,0xff,0xff,0xff,0xff,0xff,0xff,0xff,0xff,0xff,0xff,0xff,0xff,0xff,0xff,0xff,0xff,
  0xff,0xff,0xff,0xff,0xff,0xff,0xff,0xff,0xff,0xff,0xff,0xff,0xff,0xff,0xff,0xff,0xff,0xff,0xff,0xff,0xff,0xff,0xff,0xff,
  0xcf,0x30,0x00,0x00,0x00,0x00,0x00,0x00,0x00,0x00,0x00,0x00,0x00,0x00,0x00,0x00,0x00,0x00,0x00,0x00,0x00,0x00,0x00,0x00,
  0x00,0x00,0x00,0x00,0x00,0x00,0x00,0x00,0x00,0x00,0x00,0x00,0x00,0x00,0x00,0x00,0x00,0x00,0x00,0x00,0x00,0x00,0x00,0x00,
  0x00,0x00,0x00,0x00,0x00,0x00,0x00,0x00,0x00,0x00,0x00,0x00,0x00,0x00,0x00,0x00,0x00,0x00,0x80,0xff,0xff,0xff,0xff,0xff,
  0xff,0xff,0xff,0xff,0xff,0xff,0xff,0xff,0xff,0xff,0xff,0xff,0xff,0xff,0xff,0xff,0xff,0xff,0xff,0xff,0xff,0xff,0xff,0xff,
  0xff,0xff,0xff,0xff,0xff,0xff,0xff,0xff,0xff,0xff,0xff,0xff,0xff,0xff,0xff,0xff,0xff,0xff,0xff,0xff,0xff,0xff,0xff,0xff,
  0xff,0xff,0xff,0xff,0xff,0xff,0xef,0x50,0x00,0x00,0x00,0x00,0x00,0x00,0x00,0x00,0x00,0x00,0x00,0x00,0x00,0x00,0x00,0x00,
  0x00,0x00,0x00,0x00,0x00,0x00,0x00,0x00,0x00,0x00,0x00,0x00,0x00,0x00,0x00,0x00,0x00,0x00,0x00,0x00,0x00,0x00,0x00,0x00,
  0x00,0x00,0x00,0x00,0x00,0x00,0x00,0x00,0x00,0x00,0x00,0x00,0x00,0x00,0x00,0x00,0x00,0x00,0x00,0x00,0x00,0x00,0x00,0x80,
  0xff,0xff,0xff,0xff,0xff,0xff,0xff,0xff,0xff,0xff,0xff,0xff,0xff,0xff,0xff,0xff,0xff,0xff,0xff,0xff,0xff,0xff,0xff,0xff,
  0xff,0xff,0xff,0xff,0xff,0xff,0xff,0xff,0xff,0xff,0xff,0xff,0xff,0xff,0xff,0xff,0xff,0xff,0xff,0xff,0xff,0xff,0xff,0xff,
  0xff,0xff,0xff,0xff,0xff,0xff,0xff,0xff,0xff,0xff,0xff,0xff,0xff,0x7f,0x00,0x00,0x00,0x00,0x00,0x00,0x00,0x00,0x00,0x00,
  0x00,0x00,0x00,0x00,0x00,0x00,0x00,0x00,0x00,0x00,0x00,0x00,0x00,0x00,0x00,0x00,0x00,0x00,0x00,0x00,0x00,0x00,0x00,0x00,
  0x00,0x00,0x00,0x00,0x00,0x00,0x00,0x00,0x00,0x00,0x00,0x00,0x00,0x00,0x00,0x00,0x00,0x00,0x00,0x00,0x00,0x00,0x00,0x00,
  0x00,0x00,0x00,0x00,0x40,0xff,0xff,0xff,0xff,0xff,0xff,0xff,0xff,0xff,0xff,0xff,0xff,0xff,0xff,0xff,0xff,0xff,0xff,0xff,
  0xff,0xff,0xff,0xff,0xff,0xff,0xff,0xff,0xff,0xff,0xff,0xff,0xff,0xff,0xff,0xff,0xff,0xff,0xff,0xff,0xff,0xff,0xff,0xff,
  0xff,0xff,0xff,0xff,0xff,0xff,0xff,0xff,0xff,0xff,0xff,0xff,0xff,0xff,0xff,0xff,0xff,0xff,0xff,0x9f,0x10,0x00,0x00,0x00,
  0x00,0x00,0x00,0x00,0x00,0x00,0x00,0x00,0x00,0x00,0x00,0x00,0x00,0x00,0x00,0x00,0x00,0x00,0x00,0x00,0x00,0x00,0x00,0x00,
  0x00,0x00,0x00,0x00,0x00,0x00,0x00,0x00,0x00,0x00,0x00,0x00,0x00,0x00,0x00,0x00,0x00,0x00,0x00,0x00,0x00,0x00,0x00,0x00,
  0x00,0x00,0x00,0x00,0x00,0x00,0x00,0x00,0x00,0x40,0xff,0xff,0xff,0xff,0xff,0xff,0xff,0xff,0xff,0xff,0xff,0xff,0xff,0xff,
  0xff,0xff,0xff,0xff,0xff,0xff,0xff,0xff,0xff,0xff,0xff,0xff,0xff,0xff,0xff,0xff,0xff,0xff,0xff,0xff,0xff,0xff,0xff,0xff,
  0xff,0xff,0xff,0xff,0xff,0xff,0xff,0xff,0xff,0xff,0xff,0xff,0xff,0xff,0xff,0xff,0xff,0xff,0xff,0xff,0xff,0xff,0xff,0xff,
  0xff,0xcf,0x10,0x00,0x00,0x00,0x00,0x00,0x00,0x00,0x00,0x00,0x00,0x00,0x00,0x00,0x00,0x00,0x00,0x00,0x00,0x00,0x00,0x00,
  0x00,0x00,0x00,0x00,0x00,0x00,0x00,0x00,0x00,0x00,0x00,0x00,0x00,0x00,0x00,0x00,0x00,0x00,0x00,0x00,0x00,0x00,0x00,0x00,
  0x00,0x00,0x00,0x00,0x00,0x00,0x00,0x00,0x00,0x00,0x00,0x00,0x00,0x00,0x40,0xff,0xff,0xff,0xff,0xff,0xff,0xff,0xff,0xff,
  0xff,0xff,0xff,0xff,0xff,0xff,0xff,0xff,0xff,0xff,0xff,0xff,0xff,0xff,0xff,0xff,0xff,0xff,0xff,0xff,0xff,0xff,0xff,0xff,
  0xff,0xff,0xff,0xff,0xff,0xff,0xff,0xff,0xff,0xff,0xff,0xff,0xff,0xff,0xff,0xff,0xff,0xff,0xff,0xff,0xff,0xff,0xff,0xff,
  0xff,0xff,0xff,0xff,0xff,0xff,0xff,0xef,0x30,0x00,0x00,0x00,0x00,0x00,0x00,0x00,0x00,0x00,0x00,0x00,0x00,0x00,0x00,0x00,
  0x00,0x00,0x00,0x00,0x00,0x00,0x00,0x00,0x00,0x00,0x00,0x00,0x00,0x00,0x00,0x00,0x00,0x00,0x00,0x00,0x00,0x00,0x00,0x00,
  0x00,0x00,0x00,0x00,0x00,0x00,0x00,0x00,0x00,0x00,0x00,0x00,0x00,0x00,0x00,0x00,0x00,0x00,0x00,0x40,0xff,0xff,0xff,0xff,
  0xff,0xff,0xff,0xff,0xff,0xff,0xff,0xff,0xff,0xff,0xff,0xff,0xff,0xff,0xff,0xff,0xff,0xff,0xff,0xff,0xff,0xff,0xff,0xff,
  0xff,0xff,0xff,0xff,0xff,0xff,0xff,0xff,0xff,0xff,0xff,0xff,0xff,0xff,0xff,0xff,0xff,0xff,0xff,0xff,0xff,0xff,0xff,0xff,
  0xff,0xff,0xff,0xff,0xff,0xff,0xff,0xff,0xff,0xff,0xff,0xff,0xff,0xef,0x50,0x00,0x00,0x00,0x00,0x00,0x00,0x00,0x00,0x00,
  0x00,0x00,0x00,0x00,0x00,0x00,0x00,0x00,0x00,0x00,0x00,0x00,0x00,0x00,0x00,0x00,0x00,0x00,0x00,0x00,0x00,0x00,0x00,0x00,
  0x00,0x00,0x00,0x00,0x00,0x00,0x00,0x00,0x00,0x00,0x00,0x00,0x00,0x00,0x00,0x00,0x00,0x00,0x00,0x00,0x00,0x00,0x00,0x00,
  0x40,0xff,0xff,0xff,0xff,0xff,0xff,0xff,0xff,0xff,0xff,0xff,0xff,0xff,0xff,0xff,0xff,0xff,0xff,0xff,0xff,0xff,0xff,0xff,
  0xff,0xff,0xff,0xff,0xff,0xff,0xff,0xff,0xff,0xff,0xff,0xff,0xff,0xff,0xff,0xff,0xff,0xff,0xff,0xff,0xff,0xff,0xff,0xff,
  0xff,0xff,0xff,0xff,0xff,0xff,0xff,0xff,0xff,0xff,0xff,0xff,0xff,0xff,0xff,0xff,0xff,0xff,0xff,0xff,0x6f,0x00,0x00,0x00,
  0x00,0x00,0x00,0x00,0x00,0x00,0x00,0x00,0x00,0x00,0x00,0x00,0x00,0x00,0x00,0x00,0x00,0x00,0x00,0x00,0x00,0x00,0x00,0x00,
  0x00,0x00,0x00,0x00,0x00,0x00,0x00,0x00,0x00,0x00,0x00,0x00,0x00,0x00,0x00,0x00,0x00,0x00,0x00,0x00,0x00,0x00,0x00,0x00,
  0x00,0x00,0x00,0x00,0x00,0x00,0xff,0xff,0xff,0xff,0xff,0xff,0xff,0xff,0xff,0xff,0xff,0xff,0xff,0xff,0xff,0xff,0xff,0xff,
  0xff,0xff,0xff,0xff,0xff,0xff,0xff,0xff,0xff,0xff,0xff,0xff,0xff,0xff,0xff,0xff,0xff,0xff,0xff,0xff,0xff,0xff,0xff,0xff,
  0xff,0xff,0xff,0xff,0xff,0xff,0xff,0xff,0xff,0xff,0xff,0xff,0xff,0xff,0xff,0xff,0xff,0xff,0xff,0xff,0xff,0xff,0xff,0xff,
  0xff,0xff,0x9f,0x10,0x00,0x00,0x00,0x00,0x00,0x00,0x00,0x00,0x00,0x00,0x00,0x00,0x00,0x00,0x00,0x00,0x00,0x00,0x00,0x00,
  0x00,0x00,0x00,0x00,0x00,0x00,0x00,0x00,0x00,0x00,0x00,0x00,0x00,0x00,0x00,0x00,0x00,0x00,0x00,0x00,0x00,0x00,0x00,0x00,
  0x00,0x00,0x00,0x00,0x00,0x00,0x00,0x00,0x00,0x00,0x00,0xff,0xff,0xff,0xff,0xff,0xff,0xff,0xff,0xff,0xff,0xff,0xff,0xff,
  0xff,0xff,0xff,0xff,0xff,0xff,0xff,0xff,0xff,0xff,0xff,0xff,0xff,0xff,0xff,0xff,0xff,0xff,0xff,0xff,0xff,0xff,0xff,0xff,
  0xff,0xff,0xff,0xff,0xff,0xff,0xff,0xff,0xff,0xff,0xff,0xff,0xff,0xff,0xff,0xff,0xff,0xff,0xff,0xff,0xff,0xff,0xff,0xff,
  0xff,0xff,0xff,0xff,0xff,0xff,0xff,0xff,0xcf,0x10,0x00,0x00,0x00,0x00,0x00,0x00,0x00,0x00,0x00,0x00,0x00,0x00,0x00,0x00,
  0x00,0x00,0x00,0x00,0x00,0x00,0x00,0x00,0x00,0x00,0x00,0x00,0x00,0x00,0x00,0x00,0x00,0x00,0x00,0x00,0x00,0x00,0x00,0x00,
  0x00,0x00,0x00,0x00,0x00,0x00,0x00,0x00,0x00,0x00,0x00,0x00,0x00,0x00,0x00,0x00,0xff,0xff,0xff,0xff,0xff,0xff,0xff,0xff,
  0xff,0xff,0xff,0xff,0xff,0xff,0xff,0xff,0xff,0xff,0xff,0xff,0xff,0xff,0xff,0xff,0xff,0xff,0xff,0xff,0xff,0xff,0xff,0xff,
  0xff,0xff,0xff,0xff,0xff,0xff,0xff,0xff,0xff,0xff,0xff,0xff,0xff,0xff,0xff,0xff,0xff,0xff,0xff,0xff,0xff,0xff,0xff,0xff,
  0xff,0xff,0xff,0xff,0xff,0xff,0xff,0xff,0xff,0xff,0xff,0xff,0xff,0xff,0xef,0x30,0x00,0x00,0x00,0x00,0x00,0x00,0x00,0x00,
  0x00,0x00,0x00,0x00,0x00,0x00,0x00,0x00,0x00,0x00,0x00,0x00,0x00,0x00,0x00,0x00,0x00,0x00,0x00,0x00,0x00,0x00,0x00,0x00,
  0x00,0x00,0x00,0x00,0x00,0x00,0x00,0x00,0x00,0x00,0x00,0x00,0x00,0x00,0x00,0x00,0x00,0x00,0x00,0x00,0x00,0xff,0xff,0xff,
  0xff,0xff,0xff,0xff,0xff,0xff,0xff,0xff,0xff,0xff,0xff,0xff,0xff,0xff,0xff,0xff,0xff,0xff,0xff,0xff,0xff,0xff,0xff,0xff,
  0xff,0xff,0xff,0xff,0xff,0xff,0xff,0xff,0xff,0xff,0xff,0xff,0xff,0xff,0xff,0xff,0xff,0xff,0xff,0xff,0xff,0xff,0xff,0xff,
  0xff,0xff,0xff,0xff,0xff,0xff,0xff,0xff,0xff,0xff,0xff,0xff,0xff,0xff,0xff,0xff,0xff,0xff,0xff,0xff,0xff,0x60,0x00,0x00,
  0x00,0x00,0x00,0x00,0x00,0x00,0x00,0x00,0x00,0x00,0x00,0x00,0x00,0x00,0x00,0x00,0x00,0x00,0x00,0x00,0x00,0x00,0x00,0x00,
  0x00,0x00,0x00,0x00,0x00,0x00,0x00,0x00,0x00,0x00,0x00,0x00,0x00,0x00,0x00,0x00,0x00,0x00,0x00,0x00,0x00,0x00,0x00,0x00,
  0x00,0x00,0xf0,0xff,0xff,0xff,0xff,0xff,0xff,0xff,0xff,0xff,0xff,0xff,0xff,0xff,0xff,0xff,0xff,0xff,0xff,0xff,0xff,0xff,
  0xff,0xff,0xff,0xff,0xff,0xff,0xff,0xff,0xff,0xff,0xff,0xff,0xff,0xff,0xff,0xff,0xff,0xff,0xff,0xff,0xff,0xff,0xff,0xff,
  0xff,0xff,0xff,0xff,0xff,0xff,0xff,0xff,0xff,0xff,0xff,0xff,0xff,0xff,0xff,0xff,0xff,0xff,0xff,0xff,0xff,0xff,0xff,0xff,
  0xff,0xff,0xff,0x8f,0x00,0x00,0x00,0x00,0x00,0x00,0x00,0x00,0x00,0x00,0x00,0x00,0x00,0x00,0x00,0x00,0x00,0x00,0x00,0x00,
  0x00,0x00,0x00,0x00,0x00,0x00,0x00,0x00,0x00,0x00,0x00,0x00,0x00,0x00,0x00,0x00,0x00,0x00,0x00,0x00,0x00,0x00,0x00,0x00,
  0x00,0x00,0x00,0x00,0x00,0x00,0x00,0xc0,0xff,0xff,0xff,0xff,0xff,0xff,0xff,0xff,0xff,0xff,0xff,0xff,0xff,0xff,0xff,0xff,
  0xff,0xff,0xff,0xff,0xff,0xff,0xff,0xff,0xff,0xff,0xff,0xff,0xff,0xff,0xff,0xff,0xff,0xff,0xff,0xff,0xff,0xff,0xff,0xff,
  0xff,0xff,0xff,0xff,0xff,0xff,0xff,0xff,0xff,0xff,0xff,0xff,0xff,0xff,0xff,0xff,0xff,0xff,0xff,0xff,0xff,0xff,0xff,0xff,
  0xff,0xff,0xff,0xff,0xff,0xff,0xff,0xff,0xff,0x9f,0x10,0x00,0x00,0x00,0x00,0x00,0x00,0x00,0x00,0x00,0x00,0x00,0x00,0x00,
  0x00,0x00,0x00,0x00,0x00,0x00,0x00,0x00,0x00,0x00,0x00,0x00,0x00,0x00,0x00,0x00,0x00,0x00,0x00,0x00,0x00,0x00,0x00,0x00,
  0x00,0x00,0x00,0x00,0x00,0x00,0x00,0x00,0x00,0x00,0x00,0x00,0xc0,0xff,0xff,0xff,0xff,0xff,0xff,0xff,0xff,0xff,0xff,0xff,
  0xff,0xff,0xff,0xff,0xff,0xff,0xff,0xff,0xff,0xff,0xff,0xff,0xff,0xff,0xff,0xff,0xff,0xff,0xff,0xff,0xff,0xff,0xff,0xff,
  0xff,0xff,0xff,0xff,0xff,0xff,0xff,0xff,0xff,0xff,0xff,0xff,0xff,0xff,0xff,0xff,0xff,0xff,0xff,0xff,0xff,0xff,0xff,0xff,
  0xff,0xff,0xff,0xff,0xff,0xff,0xff,0xff,0xff,0xff,0xff,0xff,0xff,0xff,0xff,0xcf,0x10,0x00,0x00,0x00,0x00,0x00,0x00,0x00,
  0x00,0x00,0x00,0x00,0x00,0x00,0x00,0x00,0x00,0x00,0x00,0x00,0x00,0x00,0x00,0x00,0x00,0x00,0x00,0x00,0x00,0x00,0x00,0x00,
  0x00,0x00,0x00,0x00,0x00,0x00,0x00,0x00,0x00,0x00,0x00,0x00,0x00,0x00,0x00,0x00,0x00,0xc0,0xff,0xff,0xff,0xff,0xff,0xff,
  0xff,0xff,0xff,0xff,0xff,0xff,0xff,0xff,0xff,0xff,0xff,0xff,0xff,0xff,0xff,0xff,0xff,0xff,0xff,0xff,0xff,0xff,0xff,0xff,
  0xff,0xff,0xff,0xff,0xff,0xff,0xff,0xff,0xff,0xff,0xff,0xff,0xff,0xff,0xff,0xff,0xff,0xff,0xff,0xff,0xff,0xff,0xff,0xff,
  0xff,0xff,0xff,0xff,0xff,0xff,0xff,0xff,0xff,0xff,0xff,0xff,0xff,0xff,0xff,0xff,0xff,0xff,0xff,0xff,0xff,0xef,0x30,0x00,
  0x00,0x00,0x00,0x00,0x00,0x00,0x00,0x00,0x00,0x00,0x00,0x00,0x00,0x00,0x00,0x00,0x00,0x00,0x00,0x00,0x00,0x00,0x00,0x00,
  0x00,0x00,0x00,0x00,0x00,0x00,0x00,0x00,0x00,0x00,0x00,0x00,0x00,0x00,0x00,0x00,0x00,0x00,0x00,0x00,0x00,0x00,0xc0,0xff,
  0xff,0xff,0xff,0xff,0xff,0xff,0xff,0xff,0xff,0xff,0xff,0xff,0xff,0xff,0xff,0xff,0xff,0xff,0xff,0xff,0xff,0xff,0xff,0xff,
  0xff,0xff,0xff,0xff,0xff,0xff,0xff,0xff,0xff,0xff,0xff,0xff,0xff,0xff,0xff,0xff,0xff,0xff,0xff,0xff,0xff,0xff,0xff,0xff,
  0xff,0xff,0xff,0xff,0xff,0xff,0xff,0xff,0xff,0xff,0xff,0xff,0xff,0xff,0xff,0xff,0xff,0xff,0xff,0xff,0xff,0xff,0xff,0xff,
  0xff,0xff,0xff,0xff,0x60,0x00,0x00,0x00,0x00,0x00,0x00,0x00,0x00,0x00,0x00,0x00,0x00,0x00,0x00,0x00,0x00,0x00,0x00,0x00,
  0x00,0x00,0x00,0x00,0x00,0x00,0x00,0x00,0x00,0x00,0x00,0x00,0x00,0x00,0x00,0x00,0x00,0x00,0x00,0x00,0x00,0x00,0x00,0x00,
  0x00,0x00,0x00,0xb0,0xff,0xff,0xff,0xff,0xff,0xff,0xff,0xff,0xff,0xff,0xff,0xff,0xff,0xff,0xff,0xff,0xff,0xff,0xff,0xff,
  0xff,0xff,0xff,0xff,0xff,0xff,0xff,0xff,0xff,0xff,0xff,0xff,0xff,0xff,0xff,0xff,0xff,0xff,0xff,0xff,0xff,0xff,0xff,0xff,
  0xff,0xff,0xff,0xff,0xff,0xff,0xff,0xff,0xff,0xff,0xff,0xff,0xff,0xff,0xff,0xff,0xff,0xff,0xff,0xff,0xff,0xff,0xff,0xff,
  0xff,0xff,0xff,0xff,0xff,0xff,0xff,0xff,0xff,0xff,0x8f,0x00,0x00,0x00,0x00,0x00,0x00,0x00,0x00,0x00,0x00,0x00,0x00,0x00,
  0x00,0x00,0x00,0x00,0x00,0x00,0x00,0x00,0x00,0x00,0x00,0x00,0x00,0x00,0x00,0x00,0x00,0x00,0x00,0x00,0x00,0x00,0x00,0x00,
  0x00,0x00,0x00,0x00,0x00,0x00,0x00,0x00,0x80,0xff,0xff,0xff,0xff,0xff,0xff,0xff,0xff,0xff,0xff,0xff,0xff,0xff,0xff,0xff,
  0xff,0xff,0xff,0xff,0xff,0xff,0xff,0xff,0xff,0xff,0xff,0xff,0xff,0xff,0xff,0xff,0xff,0xff,0xff,0xff,0xff,0xff,0xff,0xff,
  0xff,0xff,0xff,0xff,0xff,0xff,0xff,0xff,0xff,0xff,0xff,0xff,0xff,0xff,0xff,0xff,0xff,0xff,0xff,0xff,0xff,0xff,0xff,0xff,
  0xff,0xff,0xff,0xff,0xff,0xff,0xff,0xff,0xff,0xff,0xff,0xff,0xff,0xff,0xff,0xff,0xbf,0x10,0x00,0x00,0x00,0x00,0x00,0x00,
  0x00,0x00,0x00,0x00,0x00,0x00,0x00,0x00,0x00,0x00,0x00,0x00,0x00,0x00,0x00,0x00,0x00,0x00,0x00,0x00,0x00,0x00,0x00,0x00,
  0x00,0x00,0x00,0x00,0x00,0x00,0x00,0x00,0x00,0x00,0x00,0x00,0x00,0x80,0xff,0xff,0xff,0xff,0xff,0xff,0xff,0xff,0xff,0xff,
  0xff,0xff,0xff,0xff,0xff,0xff,0xff,0xff,0xff,0xff,0xff,0xff,0xff,0xff,0xff,0xff,0xff,0xff,0xff,0xff,0xff,0xff,0xff,0xff,
  0xff,0xff,0xff,0xff,0xff,0xff,0xff,0xff,0xff,0xff,0xff,0xff,0xff,0xff,0xff,0xff,0xff,0xff,0xff,0xff,0xff,0xff,0xff,0xff,
  0xff,0xff,0xff,0xff,0xff,0xff,0xff,0xff,0xff,0xff,0xff,0xff,0xff,0xff,0xff,0xff,0xff,0xff,0xff,0xff,0xff,0xff,0xcf,0x30,
  0x00,0x00,0x00,0x00,0x00,0x00,0x00,0x00,0x00,0x00,0x00,0x00,0x00,0x00,0x00,0x00,0x00,0x00,0x00,0x00,0x00,0x00,0x00,0x00,
  0x00,0x00,0x00,0x00,0x00,0x00,0x00,0x00,0x00,0x00,0x00,0x00,0x00,0x00,0x00,0x00,0x00,0x00,0x80,0xff,0xff,0xff,0xff,0xff,
  0xff,0xff,0xff,0xff,0xff,0xff,0xff,0xff,0xff,0xff,0xff,0xff,0xff,0xff,0xff,0xff,0xff,0xff,0xff,0xff,0xff,0xff,0xff,0xff,
  0xff,0xff,0xff,0xff,0xff,0xff,0xff,0xff,0xff,0xff,0xff,0xff,0xff,0xff,0xff,0xff,0xff,0xff,0xff,0xff,0xff,0xff,0xff,0xff,
  0xff,0xff,0xff,0xff,0xff,0xff,0xff,0xff,0xff,0xff,0xff,0xff,0xff,0xff,0xff,0xff,0xff,0xff,0xff,0xff,0xff,0xff,0xff,0xff,
  0xff,0xff,0xff,0xff,0xef,0x30,0x00,0x00,0x00,0x00,0x00,0x00,0x00,0x00,0x00,0x00,0x00,0x00,0x00,0x00,0x00,0x00,0x00,0x00,
  0x00,0x00,0x00,0x00,0x00,0x00,0x00,0x00,0x00,0x00,0x00,0x00,0x00,0x00,0x00,0x00,0x00,0x00,0x00,0x00,0x00,0x00,0x00,0x80,
  0xff,0xff,0xff,0xff,0xff,0xff,0xff,0xff,0xff,0xff,0xff,0xff,0xff,0xff,0xff,0xff,0xff,0xff,0xff,0xff,0xff,0xff,0xff,0xff,
  0xff,0xff,0xff,0xff,0xff,0xff,0xff,0xff,0xff,0xff,0xff,0xff,0xff,0xff,0xff,0xff,0xff,0xff,0xff,0xff,0xff,0xff,0xff,0xff,
  0xff,0xff,0xff,0xff,0xff,0xff,0xff,0xff,0xff,0xff,0xff,0xff,0xff,0xff,0xff,0xff,0xff,0xff,0xff,0xff,0xff,0xff,0xff,0xff,
  0xff,0xff,0xff,0xff,0xff,0xff,0xff,0xff,0xff,0xff,0xff,0x60,0x00,0x00,0x00,0x00,0x00,0x00,0x00,0x00,0x00,0x00,0x00,0x00,
  0x00,0x00,0x00,0x00,0x00,0x00,0x00,0x00,0x00,0x00,0x00,0x00,0x00,0x00,0x00,0x00,0x00,0x00,0x00,0x00,0x00,0x00,0x00,0x00,
  0x00,0x00,0x00,0x00,0x60,0xff,0xff,0xff,0xff,0xff,0xff,0xff,0xff,0xff,0xff,0xff,0xff,0xff,0xff,0xff,0xff,0xff,0xff,0xff,
  0xff,0xff,0xff,0xff,0xff,0xff,0xff,0xff,0xff,0xff,0xff,0xff,0xff,0xff,0xff,0xff,0xff,0xff,0xff,0xff,0xff,0xff,0xff,0xff,
  0xff,0xff,0xff,0xff,0xff,0xff,0xff,0xff,0xff,0xff,0xff,0xff,0xff,0xff,0xff,0xff,0xff,0xff,0xff,0xff,0xff,0xff,0xff,0xff,
  0xff,0xff,0xff,0xff,0xff,0xff,0xff,0xff,0xff,0xff,0xff,0xff,0xff,0xff,0xff,0xff,0xff,0x8f,0x00,0x00,0x00,0x00,0x00,0x00,
  0x00,0x00,0x00,0x00,0x00,0x00,0x00,0x00,0x00,0x00,0x00,0x00,0x00,0x00,0x00,0x00,0x00,0x00,0x00,0x00,0x00,0x00,0x00,0x00,
  0x00,0x00,0x00,0x00,0x00,0x00,0x00,0x00,0x00,0x40,0xff,0xff,0xff,0xff,0xff,0xff,0xff,0xff,0xff,0xff,0xff,0xff,0xff,0xff,
  0xff,0xff,0xff,0xff,0xff,0xff,0xff,0xff,0xff,0xff,0xff,0xff,0xff,0xff,0xff,0xff,0xff,0xff,0xff,0xff,0xff,0xff,0xff,0xff,
  0xff,0xff,0xff,0xff,0xff,0xff,0xff,0xff,0xff,0xff,0xff,0xff,0xff,0xff,0xff,0xff,0xff,0xff,0xff,0xff,0xff,0xff,0xff,0xff,
  0xff,0xff,0xff,0xff,0xff,0xff,0xff,0xff,0xff,0xff,0xff,0xff,0xff,0xff,0xff,0xff,0xff,0xff,0xff,0xff,0xff,0xff,0xff,0xbf,
  0x10,0x00,0x00,0x00,0x00,0x00,0x00,0x00,0x00,0x00,0x00,0x00,0x00,0x00,0x00,0x00,0x00,0x00,0x00,0x00,0x00,0x00,0x00,0x00,
  0x00,0x00,0x00,0x00,0x00,0x00,0x00,0x00,0x00,0x00,0x00,0x00,0x00,0x00,0x40,0xff,0xff,0xff,0xff,0xff,0xff,0xff,0xff,0xff,
  0xff,0xff,0xff,0xff,0xff,0xff,0xff,0xff,0xff,0xff,0xff,0xff,0xff,0xff,0xff,0xff,0xff,0xff,0xff,0xff,0xff,0xff,0xff,0xff,
  0xff,0xff,0xff,0xff,0xff,0xff,0xff,0xff,0xff,0xff,0xff,0xff,0xff,0xff,0xff,0xff,0xff,0xff,0xff,0xff,0xff,0xff,0xff,0xff,
  0xff,0xff,0xff,0xff,0xff,0xff,0xff,0xff,0xff,0xff,0xff,0xff,0xff,0xff,0xff,0xff,0xff,0xff,0xff,0xff,0xff,0xff,0xff,0xff,
  0xff,0xff,0xff,0xff,0xff,0xcf,0x30,0x00,0x00,0x00,0x00,0x00,0x00,0x00,0x00,0x00,0x00,0x00,0x00,0x00,0x00,0x00,0x00,0x00,
  0x00,0x00,0x00,0x00,0x00,0x00,0x00,0x00,0x00,0x00,0x00,0x00,0x00,0x00,0x00,0x00,0x00,0x00,0x00,0x40,0xff,0xff,0xff,0xff,
  0xff,0xff,0xff,0xff,0xff,0xff,0xff,0xff,0xff,0xff,0xff,0xff,0xff,0xff,0xff,0xff,0xff,0xff,0xff,0xff,0xff,0xff,0xff,0xff,
  0xff,0xff,0xff,0xff,0xff,0xff,0xff,0xff,0xff,0xff,0xff,0xff,0xff,0xff,0xff,0xff,0xff,0xff,0xff,0xff,0xff,0xff,0xff,0xff,
  0xff,0xff,0xff,0xff,0xff,0xff,0xff,0xff,0xff,0xff,0xff,0xff,0xff,0xff,0xff,0xff,0xff,0xff,0xff,0xff,0xff,0xff,0xff,0xff,
  0xff,0xff,0xff,0xff,0xff,0xff,0xff,0xff,0xff,0xff,0xff,0xef,0x50,0x00,0x00,0x00,0x00,0x00,0x00,0x00,0x00,0x00,0x00,0x00,
  0x00,0x00,0x00,0x00,0x00,0x00,0x00,0x00,0x00,0x00,0x00,0x00,0x00,0x00,0x00,0x00,0x00,0x00,0x00,0x00,0x00,0x00,0x00,0x00,
  0x40,0xff,0xff,0xff,0xff,0xff,0xff,0xff,0xff,0xff,0xff,0xff,0xff,0xff,0xff,0xff,0xff,0xff,0xff,0xff,0xff,0xff,0xff,0xff,
  0xff,0xff,0xff,0xff,0xff,0xff,0xff,0xff,0xff,0xff,0xff,0xff,0xff,0xff,0xff,0xff,0xff,0xff,0xff,0xff,0xff,0xff,0xff,0xff,
  0xff,0xff,0xff,0xff,0xff,0xff,0xff,0xff,0xff,0xff,0xff,0xff,0xff,0xff,0xff,0xff,0xff,0xff,0xff,0xff,0xff,0xff,0xff,0xff,
  0xff,0xff,0xff,0xff,0xff,0xff,0xff,0xff,0xff,0xff,0xff,0xff,0xff,0xff,0xff,0xff,0xff,0xff,0x6f,0x00,0x00,0x00,0x00,0x00,
  0x00,0x00,0x00,0x00,0x00,0x00,0x00,0x00,0x00,0x00,0x00,0x00,0x00,0x00,0x00,0x00,0x00,0x00,0x00,0x00,0x00,0x00,0x00,0x00,
  0x00,0x00,0x00,0x00,0x00,0x20,0xff,0xff,0xff,0xff,0xff,0xff,0xff,0xff,0xff,0xff,0xff,0xff,0xff,0xff,0xff,0xff,0xff,0xff,
  0xff,0xff,0xff,0xff,0xff,0xff,0xff,0xff,0xff,0xff,0xff,0xff,0xff,0xff,0xff,0xff,0xff,0xff,0xff,0xff,0xff,0xff,0xff,0xff,
  0xff,0xff,0xff,0xff,0xff,0xff,0xff,0xff,0xff,0xff,0xff,0xff,0xff,0xff,0xff,0xff,0xff,0xff,0xff,0xff,0xff,0xff,0xff,0xff,
  0xff,0xff,0xff,0xff,0xff,0xff,0xff,0xff,0xff,0xff,0xff,0xff,0xff,0xff,0xff,0xff,0xff,0xff,0xff,0xff,0xff,0xff,0xff,0xff,
  0x9f,0x10,0x00,0x00,0x00,0x00,0x00,0x00,0x00,0x00,0x00,0x00,0x00,0x00,0x00,0x00,0x00,0x00,0x00,0x00,0x00,0x00,0x00,0x00,
  0x00,0x00,0x00,0x00,0x00,0x00,0x00,0x00,0x00,0x00,0x00,0xff,0xff,0xff,0xff,0xff,0xff,0xff,0xff,0xff,0xff,0xff,0xff,0xff,
  0xff,0xff,0xff,0xff,0xff,0xff,0xff,0xff,0xff,0xff,0xff,0xff,0xff,0xff,0xff,0xff,0xff,0xff,0xff,0xff,0xff,0xff,0xff,0xff,
  0xff,0xff,0xff,0xff,0xff,0xff,0xff,0xff,0xff,0xff,0xff,0xff,0xff,0xff,0xff,0xff,0xff,0xff,0xff,0xff,0xff,0xff,0xff,0xff,
  0xff,0xff,0xff,0xff,0xff,0xff,0xff,0xff,0xff,0xff,0xff,0xff,0xff,0xff,0xff,0xff,0xff,0xff,0xff,0xff,0xff,0xff,0xff,0xff,
  0xff,0xff,0xff,0xff,0xff,0xff,0xcf,0x10,0x00,0x00,0x00,0x00,0x00,0x00,0x00,0x00,0x00,0x00,0x00,0x00,0x00,0x00,0x00,0x00,
  0x00,0x00,0x00,0x00,0x00,0x00,0x00,0x00,0x00,0x00,0x00,0x00,0x00,0x00,0x00,0x00,0xff,0xff,0xff,0xff,0xff,0xff,0xff,0xff,
  0xff,0xff,0xff,0xff,0xff,0xff,0xff,0xff,0xff,0xff,0xff,0xff,0xff,0xff,0xff,0xff,0xff,0xff,0xff,0xff,0xff,0xff,0xff,0xff,
  0xff,0xff,0xff,0xff,0xff,0xff,0xff,0xff,0xff,0xff,0xff,0xff,0xff,0xff,0xff,0xff,0xff,0xff,0xff,0xff,0xff,0xff,0xff,0xff,
  0xff,0xff,0xff,0xff,0xff,0xff,0xff,0xff,0xff,0xff,0xff,0xff,0xff,0xff,0xff,0xff,0xff,0xff,0xff,0xff,0xff,0xff,0xff,0xff,
  0xff,0xff,0xff,0xff,0xff,0xff,0xff,0xff,0xff,0xff,0xff,0xff,0xef,0x30,0x00,0x00,0x00,0x00,0x00,0x00,0x00,0x00,0x00,0x00,
  0x00,0x00,0x00,0x00,0x00,0x00,0x00,0x00,0x00,0x00,0x00,0x00,0x00,0x00,0x00,0x00,0x00,0x00,0x00,0x00,0x00,0xff,0xff,0xff,
  0xff,0xff,0xff,0xff,0xff,0xff,0xff,0xff,0xff,0xff,0xff,0xff,0xff,0xff,0xff,0xff,0xff,0xff,0xff,0xff,0xff,0xff,0xff,0xff,
  0xff,0xff,0xff,0xff,0xff,0xff,0xff,0xff,0xff,0xff,0xff,0xff,0xff,0xff,0xff,0xff,0xff,0xff,0xff,0xff,0xff,0xff,0xff,0xff,
  0xff,0xff,0xff,0xff,0xff,0xff,0xff,0xff,0xff,0xff,0xff,0xff,0xff,0xff,0xff,0xff,0xff,0xff,0xff,0xff,0xff,0xff,0xff,0xff,
  0xff,0xff,0xff,0xff,0xff,0xff,0xff,0xff,0xff,0xff,0xff,0xff,0xff,0xff,0xff,0xff,0xff,0xff,0xef,0x60,0x00,0x00,0x00,0x00,
  0x00,0x00,0x00,0x00,0x00,0x00,0x00,0x00,0x00,0x00,0x00,0x00,0x00,0x00,0x00,0x00,0x00,0x00,0x00,0x00,0x00,0x00,0x00,0x00,
  0x00,0x00,0xff,0xff,0xff,0xff,0xff,0xff,0xff,0xff,0xff,0xff,0xff,0xff,0xff,0xff,0xff,0xff,0xff,0xff,0xff,0xff,0xff,0xff,
  0xff,0xff,0xff,0xff,0xff,0xff,0xff,0xff,0xff,0xff,0xff,0xff,0xff,0xff,0xff,0xff,0xff,0xff,0xff,0xff,0xff,0xff,0xff,0xff,
  0xff,0xff,0xff,0xff,0xff,0xff,0xff,0xff,0xff,0xff,0xff,0xff,0xff,0xff,0xff,0xff,0xff,0xff,0xff,0xff,0xff,0xff,0xff,0xff,
  0xff,0xff,0xff,0xff,0xff,0xff,0xff,0xff,0xff,0xff,0xff,0xff,0xff,0xff,0xff,0xff,0xff,0xff,0xff,0xff,0xff,0xff,0xff,0xff,
  0xff,0x7f,0x00,0x00,0x00,0x00,0x00,0x00,0x00,0x00,0x00,0x00,0x00,0x00,0x00,0x00,0x00,0x00,0x00,0x00,0x00,0x00,0x00,0x00,
  0x00,0x00,0x00,0x00,0x00,0x00,0x00,0xe0,0xff,0xff,0xff,0xff,0xff,0xff,0xff,0xff,0xff,0xff,0xff,0xff,0xff,0xff,0xff,0xff,
  0xff,0xff,0xff,0xff,0xff,0xff,0xff,0xff,0xff,0xff,0xff,0xff,0xff,0xff,0xff,0xff,0xff,0xff,0xff,0xff,0xff,0xff,0xff,0xff,
  0xff,0xff,0xff,0xff,0xff,0xff,0xff,0xff,0xff,0xff,0xff,0xff,0xff,0xff,0xff,0xff,0xff,0xff,0xff,0xff,0xff,0xff,0xff,0xff,
  0xff,0xff,0xff,0xff,0xff,0xff,0xff,0xff,0xff,0xff,0xff,0xff,0xff,0xff,0xff,0xff,0xff,0xff,0xff,0xff,0xff,0xff,0xff,0xff,
  0xff,0xff,0xff,0xff,0xff,0xff,0xff,0x9f,0x00,0x00,0x00,0x00,0x00,0x00,0x00,0x00,0x00,0x00,0x00,0x00,0x00,0x00,0x00,0x00,
  0x00,0x00,0x00,0x00,0x00,0x00,0x00,0x00,0x00,0x00,0x00,0x00,0xc0,0xff,0xff,0xff,0xff,0xff,0xff,0xff,0xff,0xff,0xff,0xff,
  0xff,0xff,0xff,0xff,0xff,0xff,0xff,0xff,0xff,0xff,0xff,0xff,0xff,0xff,0xff,0xff,0xff,0xff,0xff,0xff,0xff,0xff,0xff,0xff,
  0xff,0xff,0xff,0xff,0xff,0xff,0xff,0xff,0xff,0xff,0xff,0xff,0xff,0xff,0xff,0xff,0xff,0xff,0xff,0xff,0xff,0xff,0xff,0xff,
  0xff,0xff,0xff,0xff,0xff,0xff,0xff,0xff,0xff,0xff,0xff,0xff,0xff,0xff,0xff,0xff,0xff,0xff,0xff,0xff,0xff,0xff,0xff,0xff,
  0xff,0xff,0xff,0xff,0xff,0xff,0xff,0xff,0xff,0xff,0xff,0xff,0xff,0xcf,0x10,0x00,0x00,0x00,0x00,0x00,0x00,0x00,0x00,0x00,
  0x00,0x00,0x00,0x00,0x00,0x00,0x00,0x00,0x00,0x00,0x00,0x00,0x00,0x00,0x00,0x00,0x00,0xc0,0xff,0xff,0xff,0xff,0xff,0xff,
  0xff,0xff,0xff,0xff,0xff,0xff,0xff,0xff,0xff,0xff,0xff,0xff,0xff,0xff,0xff,0xff,0xff,0xff,0xff,0xff,0xff,0xff,0xff,0xff,
  0xff,0xff,0xff,0xff,0xff,0xff,0xff,0xff,0xff,0xff,0xff,0xff,0xff,0xff,0xff,0xff,0xff,0xff,0xff,0xff,0xff,0xff,0xff,0xff,
  0xff,0xff,0xff,0xff,0xff,0xff,0xff,0xff,0xff,0xff,0xff,0xff,0xff,0xff,0xff,0xff,0xff,0xff,0xff,0xff,0xff,0xff,0xff,0xff,
  0xff,0xff,0xff,0xff,0xff,0xff,0xff,0xff,0xff,0xff,0xff,0xff,0xff,0xff,0xff,0xff,0xff,0xff,0xff,0xdf,0x30,0x00,0x00,0x00,
  0x00,0x00,0x00,0x00,0x00,0x00,0x00,0x00,0x00,0x00,0x00,0x00,0x00,0x00,0x00,0x00,0x00,0x00,0x00,0x00,0x00,0x00,0xc0,0xff,
  0xff,0xff,0xff,0xff,0xff,0xff,0xff,0xff,0xff,0xff,0xff,0xff,0xff,0xff,0xff,0xff,0xff,0xff,0xff,0xff,0xff,0xff,0xff,0xff,
  0xff,0xff,0xff,0xff,0xff,0xff,0xff,0xff,0xff,0xff,0xff,0xff,0xff,0xff,0xff,0xff,0xff,0xff,0xff,0xff,0xff,0xff,0xff,0xff,
  0xff,0xff,0xff,0xff,0xff,0xff,0xff,0xff,0xff,0xff,0xff,0xff,0xff,0xff,0xff,0xff,0xff,0xff,0xff,0xff,0xff,0xff,0xff,0xff,
  0xff,0xff,0xff,0xff,0xff,0xff,0xff,0xff,0xff,0xff,0xff,0xff,0xff,0xff,0xff,0xff,0xff,0xff,0xff,0xff,0xff,0xff,0xff,0xff,
  0xff,0xef,0x50,0x00,0x00,0x00,0x00,0x00,0x00,0x00,0x00,0x00,0x00,0x00,0x00,0x00,0x00,0x00,0x00,0x00,0x00,0x00,0x00,0x00,
  0x00,0x00,0x00,0xc0,0xff,0xff,0xff,0xff,0xff,0xff,0xff,0xff,0xff,0xff,0xff,0xff,0xff,0xff,0xff,0xff,0xff,0xff,0xff,0xff,
  0xff,0xff,0xff,0xff,0xff,0xff,0xff,0xff,0xff,0xff,0xff,0xff,0xff,0xff,0xff,0xff,0xff,0xff,0xff,0xff,0xff,0xff,0xff,0xff,
  0xff,0xff,0xff,0xff,0xff,0xff,0xff,0xff,0xff,0xff,0xff,0xff,0xff,0xff,0xff,0xff,0xff,0xff,0xff,0xff,0xff,0xff,0xff,0xff,
  0xff,0xff,0xff,0xff,0xff,0xff,0xff,0xff,0xff,0xff,0xff,0xff,0xff,0xff,0xff,0xff,0xff,0xff,0xff,0xff,0xff,0xff,0xff,0xff,
  0xff,0xff,0xff,0xff,0xff,0xff,0xff,0xff,0x7f,0x00,0x00,0x00,0x00,0x00,0x00,0x00,0x00,0x00,0x00,0x00,0x00,0x00,0x00,0x00,
  0x00,0x00,0x00,0x00,0x00,0x00,0x00,0x00,0xa0,0xff,0xff,0xff,0xff,0xff,0xff,0xff,0xff,0xff,0xff,0xff,0xff,0xff,0xff,0xff,
  0xff,0xff,0xff,0xff,0xff,0xff,0xff,0xff,0xff,0xff,0xff,0xff,0xff,0xff,0xff,0xff,0xff,0xff,0xff,0xff,0xff,0xff,0xff,0xff,
  0xff,0xff,0xff,0xff,0xff,0xff,0xff,0xff,0xff,0xff,0xff,0xff,0xff,0xff,0xff,0xff,0xff,0xff,0xff,0xff,0xff,0xff,0xff,0xff,
  0xff,0xff,0xff,0xff,0xff,0xff,0xff,0xff,0xff,0xff,0xff,0xff,0xff,0xff,0xff,0xff,0xff,0xff,0xff,0xff,0xff,0xff,0xff,0xff,
  0xff,0xff,0xff,0xff,0xff,0xff,0xff,0xff,0xff,0xff,0xff,0xff,0xff,0xff,0xaf,0x10,0x00,0x00,0x00,0x00,0x00,0x00,0x00,0x00,
  0x00,0x00,0x00,0x00,0x00,0x00,0x00,0x00,0x00,0x00,0x00,0x00,0x00,0x80,0xff,0xff,0xff,0xff,0xff,0xff,0xff,0xff,0xff,0xff,
  0xff,0xff,0xff,0xff,0xff,0xff,0xff,0xff,0xff,0xff,0xff,0xff,0xff,0xff,0xff,0xff,0xff,0xff,0xff,0xff,0xff,0xff,0xff,0xff,
  0xff,0xff,0xff,0xff,0xff,0xff,0xff,0xff,0xff,0xff,0xff,0xff,0xff,0xff,0xff,0xff,0xff,0xff,0xff,0xff,0xff,0xff,0xff,0xff,
  0xff,0xff,0xff,0xff,0xff,0xff,0xff,0xff,0xff,0xff,0xff,0xff,0xff,0xff,0xff,0xff,0xff,0xff,0xff,0xff,0xff,0xff,0xff,0xff,
  0xff,0xff,0xff,0xff,0xff,0xff,0xff,0xff,0xff,0xff,0xff,0xff,0xff,0xff,0xff,0xff,0xff,0xff,0xff,0xff,0xcf,0x20,0x00,0x00,
  0x00,0x00,0x00,0x00,0x00,0x00,0x00,0x00,0x00,0x00,0x00,0x00,0x00,0x00,0x00,0x00,0x00,0x00,0x80,0xff,0xff,0xff,0xff,0xff,
  0xff,0xff,0xff,0xff,0xff,0xff,0xff,0xff,0xff,0xff,0xff,0xff,0xff,0xff,0xff,0xff,0xff,0xff,0xff,0xff,0xff,0xff,0xff,0xff,
  0xff,0xff,0xff,0xff,0xff,0xff,0xff,0xff,0xff,0xff,0xff,0xff,0xff,0xff,0xff,0xff,0xff,0xff,0xff,0xff,0xff,0xff,0xff,0xff,
  0xff,0xff,0xff,0xff,0xff,0xff,0xff,0xff,0xff,0xff,0xff,0xff,0xff,0xff,0xff,0xff,0xff,0xff,0xff,0xff,0xff,0xff,0xff,0xff,
  0xff,0xff,0xff,0xff,0xff,0xff,0xff,0xff,0xff,0xff,0xff,0xff,0xff,0xff,0xff,0xff,0xff,0xff,0xff,0xff,0xff,0xff,0xff,0xff,
  0xff,0xff,0xef,0x30,0x00,0x00,0x00,0x00,0x00,0x00,0x00,0x00,0x00,0x00,0x00,0x00,0x00,0x00,0x00,0x00,0x00,0x00,0x00,0x80,
  0xff,0xff,0xff,0xff,0xff,0xff,0xff,0xff,0xff,0xff,0xff,0xff,0xff,0xff,0xff,0xff,0xff,0xff,0xff,0xff,0xff,0xff,0xff,0xff,
  0xff,0xff,0xff,0xff,0xff,0xff,0xff,0xff,0xff,0xff,0xff,0xff,0xff,0xff,0xff,0xff,0xff,0xff,0xff,0xff,0xff,0xff,0xff,0xff,
  0xff,0xff,0xff,0xff,0xff,0xff,0xff,0xff,0xff,0xff,0xff,0xff,0xff,0xff,0xff,0xff,0xff,0xff,0xff,0xff,0xff,0xff,0xff,0xff,
  0xff,0xff,0xff,0xff,0xff,0xff,0xff,0xff,0xff,0xff,0xff,0xff,0xff,0xff,0xff,0xff,0xff,0xff,0xff,0xff,0xff,0xff,0xff,0xff,
  0xff,0xff,0xff,0xff,0xff,0xff,0xff,0xff,0xff,0x60,0x00,0x00,0x00,0x00,0x00,0x00,0x00,0x00,0x00,0x00,0x00,0x00,0x00,0x00,
  0x00,0x00,0x00,0x00,0x80,0xff,0xff,0xff,0xff,0xff,0xff,0xff,0xff,0xff,0xff,0xff,0xff,0xff,0xff,0xff,0xff,0xff,0xff,0xff,
  0xff,0xff,0xff,0xff,0xff,0xff,0xff,0xff,0xff,0xff,0xff,0xff,0xff,0xff,0xff,0xff,0xff,0xff,0xff,0xff,0xff,0xff,0xff,0xff,
  0xff,0xff,0xff,0xff,0xff,0xff,0xff,0xff,0xff,0xff,0xff,0xff,0xff,0xff,0xff,0xff,0xff,0xff,0xff,0xff,0xff,0xff,0xff,0xff,
  0xff,0xff,0xff,0xff,0xff,0xff,0xff,0xff,0xff,0xff,0xff,0xff,0xff,0xff,0xff,0xff,0xff,0xff,0xff,0xff,0xff,0xff,0xff,0xff,
  0xff,0xff,0xff,0xff,0xff,0xff,0xff,0xff,0xff,0xff,0xff,0xff,0xff,0xff,0xff,0x7f,0x00,0x00,0x00,0x00,0x00,0x00,0x00,0x00,
  0x00,0x00,0x00,0x00,0x00,0x00,0x00,0x00,0x00,0x50,0xff,0xff,0xff,0xff,0xff,0xff,0xff,0xff,0xff,0xff,0xff,0xff,0xff,0xff,
  0xff,0xff,0xff,0xff,0xff,0xff,0xff,0xff,0xff,0xff,0xff,0xff,0xff,0xff,0xff,0xff,0xff,0xff,0xff,0xff,0xff,0xff,0xff,0xff,
  0xff,0xff,0xff,0xff,0xff,0xff,0xff,0xff,0xff,0xff,0xff,0xff,0xff,0xff,0xff,0xff,0xff,0xff,0xff,0xff,0xff,0xff,0xff,0xff,
  0xff,0xff,0xff,0xff,0xff,0xff,0xff,0xff,0xff,0xff,0xff,0xff,0xff,0xff,0xff,0xff,0xff,0xff,0xff,0xff,0xff,0xff,0xff,0xff,
  0xff,0xff,0xff,0xff,0xff,0xff,0xff,0xff,0xff,0xff,0xff,0xff,0xff,0xff,0xff,0xff,0xff,0xff,0xff,0xff,0xff,0x9f,0x10,0x00,
  0x00,0x00,0x00,0x00,0x00,0x00,0x00,0x00,0x00,0x00,0x00,0x00,0x00,0x00,0x40,0xff,0xff,0xff,0xff,0xff,0xff,0xff,0xff,0xff,
  0xff,0xff,0xff,0xff,0xff,0xff,0xff,0xff,0xff,0xff,0xff,0xff,0xff,0xff,0xff,0xff,0xff,0xff,0xff,0xff,0xff,0xff,0xff,0xff,
  0xff,0xff,0xff,0xff,0xff,0xff,0xff,0xff,0xff,0xff,0xff,0xff,0xff,0xff,0xff,0xff,0xff,0xff,0xff,0xff,0xff,0xff,0xff,0xff,
  0xff,0xff,0xff,0xff,0xff,0xff,0xff,0xff,0xff,0xff,0xff,0xff,0xff,0xff,0xff,0xff,0xff,0xff,0xff,0xff,0xff,0xff,0xff,0xff,
  0xff,0xff,0xff,0xff,0xff,0xff,0xff,0xff,0xff,0xff,0xff,0xff,0xff,0xff,0xff,0xff,0xff,0xff,0xff,0xff,0xff,0xff,0xff,0xff,
  0xff,0xff,0xff,0xcf,0x20,0x00,0x00,0x00,0x00,0x00,0x00,0x00,0x00,0x00,0x00,0x00,0x00,0x00,0x00,0x40,0xff,0xff,0xff,0xff,
  0xff,0xff,0xff,0xff,0xff,0xff,0xff,0xff,0xff,0xff,0xff,0xff,0xff,0xff,0xff,0xff,0xff,0xff,0xff,0xff,0xff,0xff,0xff,0xff,
  0xff,0xff,0xff,0xff,0xff,0xff,0xff,0xff,0xff,0xff,0xff,0xff,0xff,0xff,0xff,0xff,0xff,0xff,0xff,0xff,0xff,0xff,0xff,0xff,
  0xff,0xff,0xff,0xff,0xff,0xff,0xff,0xff,0xff,0xff,0xff,0xff,0xff,0xff,0xff,0xff,0xff,0xff,0xff,0xff,0xff,0xff,0xff,0xff,
  0xff,0xff,0xff,0xff,0xff,0xff,0xff,0xff,0xff,0xff,0xff,0xff,0xff,0xff,0xff,0xff,0xff,0xff,0xff,0xff,0xff,0xff,0xff,0xff,
  0xff,0xff,0xff,0xff,0xff,0xff,0xff,0xff,0xff,0xef,0x30,0x00,0x00,0x00,0x00,0x00,0x00,0x00,0x00,0x00,0x00,0x00,0x00,0x00,
  0x40,0xff,0xff,0xff,0xff,0xff,0xff,0xff,0xff,0xff,0xff,0xff,0xff,0xff,0xff,0xff,0xff,0xff,0xff,0xff,0xff,0xff,0xff,0xff,
  0xff,0xff,0xff,0xff,0xff,0xff,0xff,0xff,0xff,0xff,0xff,0xff,0xff,0xff,0xff,0xff,0xff,0xff,0xff,0xff,0xff,0xff,0xff,0xff,
  0xff,0xff,0xff,0xff,0xff,0xff,0xff,0xff,0xff,0xff,0xff,0xff,0xff,0xff,0xff,0xff,0xff,0xff,0xff,0xff,0xff,0xff,0xff,0xff,
  0xff,0xff,0xff,0xff,0xff,0xff,0xff,0xff,0xff,0xff,0xff,0xff,0xff,0xff,0xff,0xff,0xff,0xff,0xff,0xff,0xff,0xff,0xff,0xff,
  0xff,0xff,0xff,0xff,0xff,0xff,0xff,0xff,0xff,0xff,0xff,0xff,0xff,0xff,0xff,0xff,0x60,0x00,0x00,0x00,0x00,0x00,0x00,0x00,
  0x00,0x00,0x00,0x00,0x00,0x40,0xff,0xff,0xff,0xff,0xff,0xff,0xff,0xff,0xff,0xff,0xff,0xff,0xff,0xff,0xff,0xff,0xff,0xff,
  0xff,0xff,0xff,0xff,0xff,0xff,0xff,0xff,0xff,0xff,0xff,0xff,0xff,0xff,0xff,0xff,0xff,0xff,0xff,0xff,0xff,0xff,0xff,0xff,
  0xff,0xff,0xff,0xff,0xff,0xff,0xff,0xff,0xff,0xff,0xff,0xff,0xff,0xff,0xff,0xff,0xff,0xff,0xff,0xff,0xff,0xff,0xff,0xff,
  0xff,0xff,0xff,0xff,0xff,0xff,0xff,0xff,0xff,0xff,0xff,0xff,0xff,0xff,0xff,0xff,0xff,0xff,0xff,0xff,0xff,0xff,0xff,0xff,
  0xff,0xff,0xff,0xff,0xff,0xff,0xff,0xff,0xff,0xff,0xff,0xff,0xff,0xff,0xff,0xff,0xff,0xff,0xff,0xff,0xff,0xff,0x9f,0x00,
  0x00,0x00,0x00,0x00,0x00,0x00,0x00,0x00,0x00,0x00,0x10,0xff,0xff,0xff,0xff,0xff,0xff,0xff,0xff,0xff,0xff,0xff,0xff,0xff,
  0xff,0xff,0xff,0xff,0xff,0xff,0xff,0xff,0xff,0xff,0xff,0xff,0xff,0xff,0xff,0xff,0xff,0xff,0xff,0xff,0xff,0xff,0xff,0xff,
  0xff,0xff,0xff,0xff,0xff,0xff,0xff,0xff,0xff,0xff,0xff,0xff,0xff,0xff,0xff,0xff,0xff,0xff,0xff,0xff,0xff,0xff,0xff,0xff,
  0xff,0xff,0xff,0xff,0xff,0xff,0xff,0xff,0xff,0xff,0xff,0xff,0xff,0xff,0xff,0xff,0xff,0xff,0xff,0xff,0xff,0xff,0xff,0xff,
  0xff,0xff,0xff,0xff,0xff,0xff,0xff,0xff,0xff,0xff,0xff,0xff,0xff,0xff,0xff,0xff,0xff,0xff,0xff,0xff,0xff,0xff,0xff,0xff,
  0xff,0xff,0xff,0xff,0xcf,0x10,0x00,0x00,0x00,0x00,0x00,0x00,0x00,0x00,0x00,0x00,0xff,0xff,0xff,0xff,0xff,0xff,0xff,0xff,
  0xff,0xff,0xff,0xff,0xff,0xff,0xff,0xff,0xff,0xff,0xff,0xff,0xff,0xff,0xff,0xff,0xff,0xff,0xff,0xff,0xff,0xff,0xff,0xff,
  0xff,0xff,0xff,0xff,0xff,0xff,0xff,0xff,0xff,0xff,0xff,0xff,0xff,0xff,0xff,0xff,0xff,0xff,0xff,0xff,0xff,0xff,0xff,0xff,
  0xff,0xff,0xff,0xff,0xff,0xff,0xff,0xff,0xff,0xff,0xff,0xff,0xff,0xff,0xff,0xff,0xff,0xff,0xff,0xff,0xff,0xff,0xff,0xff,
  0xff,0xff,0xff,0xff,0xff,0xff,0xff,0xff,0xff,0xff,0xff,0xff,0xff,0xff,0xff,0xff,0xff,0xff,0xff,0xff,0xff,0xff,0xff,0xff,
  0xff,0xff,0xff,0xff,0xff,0xff,0xff,0xff,0xff,0xff,0xef,0x30,0x00,0x00,0x00,0x00,0x00,0x00,0x00,0x00,0x00,0xff,0xff,0xff,
  0xff,0xff,0xff,0xff,0xff,0xff,0xff,0xff,0xff,0xff,0xff,0xff,0xff,0xff,0xff,0xff,0xff,0xff,0xff,0xff,0xff,0xff,0xff,0xff,
  0xff,0xff,0xff,0xff,0xff,0xff,0xff,0xff,0xff,0xff,0xff,0xff,0xff,0xff,0xff,0xff,0xff,0xff,0xff,0xff,0xff,0xff,0xff,0xff,
  0xff,0xff,0xff,0xff,0xff,0xff,0xff,0xff,0xff,0xff,0xff,0xff,0xff,0xff,0xff,0xff,0xff,0xff,0xff,0xff,0xff,0xff,0xff,0xff,
  0xff,0xff,0xff,0xff,0xff,0xff,0xff,0xff,0xff,0xff,0xff,0xff,0xff,0xff,0xff,0xff,0xff,0xff,0xff,0xff,0xff,0xff,0xff,0xff,
  0xff,0xff,0xff,0xff,0xff,0xff,0xff,0xff,0xff,0xff,0xff,0xff,0xff,0xff,0xff,0xff,0xef,0x60,0x00,0x00,0x00,0x00,0x00,0x00,
  0x00,0x00,0xff,0xff,0xff,0xff,0xff,0xff,0xff,0xff,0xff,0xff,0xff,0xff,0xff,0xff,0xff,0xff,0xff,0xff,0xff,0xff,0xff,0xff,
  0xff,0xff,0xff,0xff,0xff,0xff,0xff,0xff,0xff,0xff,0xff,0xff,0xff,0xff,0xff,0xff,0xff,0xff,0xff,0xff,0xff,0xff,0xff,0xff,
  0xff,0xff,0xff,0xff,0xff,0xff,0xff,0xff,0xff,0xff,0xff,0xff,0xff,0xff,0xff,0xff,0xff,0xff,0xff,0xff,0xff,0xff,0xff,0xff,
  0xff,0xff,0xff,0xff,0xff,0xff,0xff,0xff,0xff,0xff,0xff,0xff,0xff,0xff,0xff,0xff,0xff,0xff,0xff,0xff,0xff,0xff,0xff,0xff,
  0xff,0xff,0xff,0xff,0xff,0xff,0xff,0xff,0xff,0xff,0xff,0xff,0xff,0xff,0xff,0xff,0xff,0xff,0xff,0xff,0xff,0xff,0xff,0x6f,
  0x00,0x00,0x00,0x00,0x00,0x00,0x00,0xff,0xff,0xff,0xff,0xff,0xff,0xff,0xff,0xff,0xff,0xff,0xff,0xff,0xff,0xff,0xff,0xff,
  0xff,0xff,0xff,0xff,0xff,0xff,0xff,0xff,0xff,0xff,0xff,0xff,0xff,0xff,0xff,0xff,0xff,0xff,0xff,0xff,0xff,0xff,0xff,0xff,
  0xff,0xff,0xff,0xff,0xff,0xff,0xff,0xff,0xff,0xff,0xff,0xff,0xff,0xff,0xff,0xff,0xff,0xff,0xff,0xff,0xff,0xff,0xff,0xff,
  0xff,0xff,0xff,0xff,0xff,0xff,0xff,0xff,0xff,0xff,0xff,0xff,0xff,0xff,0xff,0xff,0xff,0xff,0xff,0xff,0xff,0xff,0xff,0xff,
  0xff,0xff,0xff,0xff,0xff,0xff,0xff,0xff,0xff,0xff,0xff,0xff,0xff,0xff,0xff,0xff,0xff,0xff,0xff,0xff,0xff,0xff,0xff,0xff,
  0xff,0xff,0xff,0xff,0xff,0x9f,0x00,0x00,0x00,0x00,0x00,0x00,0xd0,0xff,0xff,0xff,0xff,0xff,0xff,0xff,0xff,0xff,0xff,0xff,
  0xff,0xff,0xff,0xff,0xff,0xff,0xff,0xff,0xff,0xff,0xff,0xff,0xff,0xff,0xff,0xff,0xff,0xff,0xff,0xff,0xff,0xff,0xff,0xff,
  0xff,0xff,0xff,0xff,0xff,0xff,0xff,0xff,0xff,0xff,0xff,0xff,0xff,0xff,0xff,0xff,0xff,0xff,0xff,0xff,0xff,0xff,0xff,0xff,
  0xff,0xff,0xff,0xff,0xff,0xff,0xff,0xff,0xff,0xff,0xff,0xff,0xff,0xff,0xff,0xff,0xff,0xff,0xff,0xff,0xff,0xff,0xff,0xff,
  0xff,0xff,0xff,0xff,0xff,0xff,0xff,0xff,0xff,0xff,0xff,0xff,0xff,0xff,0xff,0xff,0xff,0xff,0xff,0xff,0xff,0xff,0xff,0xff,
  0xff,0xff,0xff,0xff,0xff,0xff,0xff,0xff,0xff,0xff,0xff,0x90,0x00,0x00,0x00,0x00,0x00,0xc0,0xff,0xff,0xff,0xff,0xff,0xff,
  0xff,0xff,0xff,0xff,0xff,0xff,0xff,0xff,0xff,0xff,0xff,0xff,0xff,0xff,0xff,0xff,0xff,0xff,0xff,0xff,0xff,0xff,0xff,0xff,
  0xff,0xff,0xff,0xff,0xff,0xff,0xff,0xff,0xff,0xff,0xff,0xff,0xff,0xff,0xff,0xff,0xff,0xff,0xff,0xff,0xff,0xff,0xff,0xff,
  0xff,0xff,0xff,0xff,0xff,0xff,0xff,0xff,0xff,0xff,0xff,0xff,0xff,0xff,0xff,0xff,0xff,0xff,0xff,0xff,0xff,0xff,0xff,0xff,
  0xff,0xff,0xff,0xff,0xff,0xff,0xff,0xff,0xff,0xff,0xff,0xff,0xff,0xff,0xff,0xff,0xff,0xff,0xff,0xff,0xff,0xff,0xff,0xff,
  0xff,0xff,0xff,0xff,0xff,0xff,0xff,0xff,0xff,0xff,0xff,0xff,0xff,0xff,0xff,0xff,0xff,0x50,0x00,0x00,0x00,0x00,0xc0,0xff,
  0xff,0xff,0xff,0xff,0xff,0xff,0xff,0xff,0xff,0xff,0xff,0xff,0xff,0xff,0xff,0xff,0xff,0xff,0xff,0xff,0xff,0xff,0xff,0xff,
  0xff,0xff,0xff,0xff,0xff,0xff,0xff,0xff,0xff,0xff,0xff,0xff,0xff,0xff,0xff,0xff,0xff,0xff,0xff,0xff,0xff,0xff,0xff,0xff,
  0xff,0xff,0xff,0xff,0xff,0xff,0xff,0xff,0xff,0xff,0xff,0xff,0xff,0xff,0xff,0xff,0xff,0xff,0xff,0xff,0xff,0xff,0xff,0xff,
  0xff,0xff,0xff,0xff,0xff,0xff,0xff,0xff,0xff,0xff,0xff,0xff,0xff,0xff,0xff,0xff,0xff,0xff,0xff,0xff,0xff,0xff,0xff,0xff,
  0xff,0xff,0xff,0xff,0xff,0xff,0xff,0xff,0xff,0xff,0xff,0xff,0xff,0xff,0xff,0xff,0xff,0xff,0xff,0xff,0xff,0xff,0xdf,0x00,
  0x00,0x00,0x00,0xc0,0xff,0xff,0xff,0xff,0xff,0xff,0xff,0xff,0xff,0xff,0xff,0xff,0xff,0xff,0xff,0xff,0xff,0xff,0xff,0xff,
  0xff,0xff,0xff,0xff,0xff,0xff,0xff,0xff,0xff,0xff,0xff,0xff,0xff,0xff,0xff,0xff,0xff,0xff,0xff,0xff,0xff,0xff,0xff,0xff,
  0xff,0xff,0xff,0xff,0xff,0xff,0xff,0xff,0xff,0xff,0xff,0xff,0xff,0xff,0xff,0xff,0xff,0xff,0xff,0xff,0xff,0xff,0xff,0xff,
  0xff,0xff,0xff,0xff,0xff,0xff,0xff,0xff,0xff,0xff,0xff,0xff,0xff,0xff,0xff,0xff,0xff,0xff,0xff,0xff,0xff,0xff,0xff,0xff,
  0xff,0xff,0xff,0xff,0xff,0xff,0xff,0xff,0xff,0xff,0xff,0xff,0xff,0xff,0xff,0xff,0xff,0xff,0xff,0xff,0xff,0xff,0xff,0xff,
  0xff,0xff,0xff,0xff,0x50,0x00,0x00,0x00,0xc0,0xff,0xff,0xff,0xff,0xff,0xff,0xff,0xff,0xff,0xff,0xff,0xff,0xff,0xff,0xff,
  0xff,0xff,0xff,0xff,0xff,0xff,0xff,0xff,0xff,0xff,0xff,0xff,0xff,0xff,0xff,0xff,0xff,0xff,0xff,0xff,0xff,0xff,0xff,0xff,
  0xff,0xff,0xff,0xff,0xff,0xff,0xff,0xff,0xff,0xff,0xff,0xff,0xff,0xff,0xff,0xff,0xff,0xff,0xff,0xff,0xff,0xff,0xff,0xff,
  0xff,0xff,0xff,0xff,0xff,0xff,0xff,0xff,0xff,0xff,0xff,0xff,0xff,0xff,0xff,0xff,0xff,0xff,0xff,0xff,0xff,0xff,0xff,0xff,
  0xff,0xff,0xff,0xff,0xff,0xff,0xff,0xff,0xff,0xff,0xff,0xff,0xff,0xff,0xff,0xff,0xff,0xff,0xff,0xff,0xff,0xff,0xff,0xff,
  0xff,0xff,0xff,0xff,0xff,0xff,0xff,0xff,0xff,0x80,0x00,0x00,0x00,0x90,0xff,0xff,0xff,0xff,0xff,0xff,0xff,0xff,0xff,0xff,
  0xff,0xff,0xff,0xff,0xff,0xff,0xff,0xff,0xff,0xff,0xff,0xff,0xff,0xff,0xff,0xff,0xff,0xff,0xff,0xff,0xff,0xff,0xff,0xff,
  0xff,0xff,0xff,0xff,0xff,0xff,0xff,0xff,0xff,0xff,0xff,0xff,0xff,0xff,0xff,0xff,0xff,0xff,0xff,0xff,0xff,0xff,0xff,0xff,
  0xff,0xff,0xff,0xff,0xff,0xff,0xff,0xff,0xff,0xff,0xff,0xff,0xff,0xff,0xff,0xff,0xff,0xff,0xff,0xff,0xff,0xff,0xff,0xff,
  0xff,0xff,0xff,0xff,0xff,0xff,0xff,0xff,0xff,0xff,0xff,0xff,0xff,0xff,0xff,0xff,0xff,0xff,0xff,0xff,0xff,0xff,0xff,0xff,
  0xff,0xff,0xff,0xff,0xff,0xff,0xff,0xff,0xff,0xff,0xff,0xff,0xff,0xff,0xc0,0x00,0x00,0x00,0x80,0xff,0xff,0xff,0xff,0xff,
  0xff,0xff,0xff,0xff,0xff,0xff,0xff,0xff,0xff,0xff,0xff,0xff,0xff,0xff,0xff,0xff,0xff,0xff,0xff,0xff,0xff,0xff,0xff,0xff,
  0xff,0xff,0xff,0xff,0xff,0xff,0xff,0xff,0xff,0xff,0xff,0xff,0xff,0xff,0xff,0xff,0xff,0xff,0xff,0xff,0xff,0xff,0xff,0xff,
  0xff,0xff,0xff,0xff,0xff,0xff,0xff,0xff,0xff,0xff,0xff,0xff,0xff,0xff,0xff,0xff,0xff,0xff,0xff,0xff,0xff,0xff,0xff,0xff,
  0xff,0xff,0xff,0xff,0xff,0xff,0xff,0xff,0xff,0xff,0xff,0xff,0xff,0xff,0xff,0xff,0xff,0xff,0xff,0xff,0xff,0xff,0xff,0xff,
  0xff,0xff,0xff,0xff,0xff,0xff,0xff,0xff,0xff,0xff,0xff,0xff,0xff,0xff,0xff,0xff,0xff,0xff,0xff,0xcf,0x00,0x00,0x00,0x80,
  0xff,0xff,0xff,0xff,0xff,0xff,0xff,0xff,0xff,0xff,0xff,0xff,0xff,0xff,0xff,0xff,0xff,0xff,0xff,0xff,0xff,0xff,0xff,0xff,
  0xff,0xff,0xff,0xff,0xff,0xff,0xff,0xff,0xff,0xff,0xff,0xff,0xff,0xff,0xff,0xff,0xff,0xff,0xff,0xff,0xff,0xff,0xff,0xff,
  0xff,0xff,0xff,0xff,0xff,0xff,0xff,0xff,0xff,0xff,0xff,0xff,0xff,0xff,0xff,0xff,0xff,0xff,0xff,0xff,0xff,0xff,0xff,0xff,
  0xff,0xff,0xff,0xff,0xff,0xff,0xff,0xff,0xff,0xff,0xff,0xff,0xff,0xff,0xff,0xff,0xff,0xff,0xff,0xff,0xff,0xff,0xff,0xff,
  0xff,0xff,0xff,0xff,0xff,0xff,0xff,0xff,0xff,0xff,0xff,0xff,0xff,0xff,0xff,0xff,0xff,0xff,0xff,0xff,0xff,0xff,0xff,0xff,
  0xff,0x00,0x00,0x00,0x80,0xff,0xff,0xff,0xff,0xff,0xff,0xff,0xff,0xff,0xff,0xff,0xff,0xff,0xff,0xff,0xff,0xff,0xff,0xff,
  0xff,0xff,0xff,0xff,0xff,0xff,0xff,0xff,0xff,0xff,0xff,0xff,0xff,0xff,0xff,0xff,0xff,0xff,0xff,0xff,0xff,0xff,0xff,0xff,
  0xff,0xff,0xff,0xff,0xff,0xff,0xff,0xff,0xff,0xff,0xff,0xff,0xff,0xff,0xff,0xff,0xff,0xff,0xff,0xff,0xff,0xff,0xff,0xff,
  0xff,0xff,0xff,0xff,0xff,0xff,0xff,0xff,0xff,0xff,0xff,0xff,0xff,0xff,0xff,0xff,0xff,0xff,0xff,0xff,0xff,0xff,0xff,0xff,
  0xff,0xff,0xff,0xff,0xff,0xff,0xff,0xff,0xff,0xff,0xff,0xff,0xff,0xff,0xff,0xff,0xff,0xff,0xff,0xff,0xff,0xff,0xff,0xff,
  0xff,0xff,0xff,0xff,0xff,0xff,0x00,0x00,0x00,0x80,0xff,0xff,0xff,0xff,0xff,0xff,0xff,0xff,0xff,0xff,0xff,0xff,0xff,0xff,
  0xff,0xff,0xff,0xff,0xff,0xff,0xff,0xff,0xff,0xff,0xff,0xff,0xff,0xff,0xff,0xff,0xff,0xff,0xff,0xff,0xff,0xff,0xff,0xff,
  0xff,0xff,0xff,0xff,0xff,0xff,0xff,0xff,0xff,0xff,0xff,0xff,0xff,0xff,0xff,0xff,0xff,0xff,0xff,0xff,0xff,0xff,0xff,0xff,
  0xff,0xff,0xff,0xff,0xff,0xff,0xff,0xff,0xff,0xff,0xff,0xff,0xff,0xff,0xff,0xff,0xff,0xff,0xff,0xff,0xff,0xff,0xff,0xff,
  0xff,0xff,0xff,0xff,0xff,0xff,0xff,0xff,0xff,0xff,0xff,0xff,0xff,0xff,0xff,0xff,0xff,0xff,0xff,0xff,0xff,0xff,0xff,0xff,
  0xff,0xff,0xff,0xff,0xff,0xff,0xff,0xff,0xff,0xff,0xff,0x00,0x00,0x00,0x60,0xff,0xff,0xff,0xff,0xff,0xff,0xff,0xff,0xff,
  0xff,0xff,0xff,0xff,0xff,0xff,0xff,0xff,0xff,0xff,0xff,0xff,0xff,0xff,0xff,0xff,0xff,0xff,0xff,0xff,0xff,0xff,0xff,0xff,
  0xff,0xff,0xff,0xff,0xff,0xff,0xff,0xff,0xff,0xff,0xff,0xff,0xff,0xff,0xff,0xff,0xff,0xff,0xff,0xff,0xff,0xff,0xff,0xff,
  0xff,0xff,0xff,0xff,0xff,0xff,0xff,0xff,0xff,0xff,0xff,0xff,0xff,0xff,0xff,0xff,0xff,0xff,0xff,0xff,0xff,0xff,0xff,0xff,
  0xff,0xff,0xff,0xff,0xff,0xff,0xff,0xff,0xff,0xff,0xff,0xff,0xff,0xff,0xff,0xff,0xff,0xff,0xff,0xff,0xff,0xff,0xff,0xff,
  0xff,0xff,0xff,0xff,0xff,0xff,0xff,0xff,0xff,0xff,0xff,0xff,0xff,0xff,0xff,0xff,0x00,0x00,0x00,0x40,0xff,0xff,0xff,0xff,
  0xff,0xff,0xff,0xff,0xff,0xff,0xff,0xff,0xff,0xff,0xff,0xff,0xff,0xff,0xff,0xff,0xff,0xff,0xff,0xff,0xff,0xff,0xff,0xff,
  0xff,0xff,0xff,0xff,0xff,0xff,0xff,0xff,0xff,0xff,0xff,0xff,0xff,0xff,0xff,0xff,0xff,0xff,0xff,0xff,0xff,0xff,0xff,0xff,
  0xff,0xff,0xff,0xff,0xff,0xff,0xff,0xff,0xff,0xff,0xff,0xff,0xff,0xff,0xff,0xff,0xff,0xff,0xff,0xff,0xff,0xff,0xff,0xff,
  0xff,0xff,0xff,0xff,0xff,0xff,0xff,0xff,0xff,0xff,0xff,0xff,0xff,0xff,0xff,0xff,0xff,0xff,0xff,0xff,0xff,0xff,0xff,0xff,
  0xff,0xff,0xff,0xff,0xff,0xff,0xff,0xff,0xff,0xff,0xff,0xff,0xff,0xff,0xff,0xff,0xff,0xff,0xff,0xff,0xff,0x00,0x00,0x00,
  0x40,0xff,0xff,0xff,0xff,0xff,0xff,0xff,0xff,0xff,0xff,0xff,0xff,0xff,0xff,0xff,0xff,0xff,0xff,0xff,0xff,0xff,0xff,0xff,
  0xff,0xff,0xff,0xff,0xff,0xff,0xff,0xff,0xff,0xff,0xff,0xff,0xff,0xff,0xff,0xff,0xff,0xff,0xff,0xff,0xff,0xff,0xff,0xff,
  0xff,0xff,0xff,0xff,0xff,0xff,0xff,0xff,0xff,0xff,0xff,0xff,0xff,0xff,0xff,0xff,0xff,0xff,0xff,0xff,0xff,0xff,0xff,0xff,
  0xff,0xff,0xff,0xff,0xff,0xff,0xff,0xff,0xff,0xff,0xff,0xff,0xff,0xff,0xff,0xff,0xff,0xff,0xff,0xff,0xff,0xff,0xff,0xff,
  0xff,0xff,0xff,0xff,0xff,0xff,0xff,0xff,0xff,0xff,0xff,0xff,0xff,0xff,0xff,0xff,0xff,0xff,0xff,0xff,0xff,0xff,0xff,0xff,
  0xff,0xe0,0x00,0x00,0x00,0x40,0xff,0xff,0xff,0xff,0xff,0xff,0xff,0xff,0xff,0xff,0xff,0xff,0xff,0xff,0xff,0xff,0xff,0xff,
  0xff,0xff,0xff,0xff,0xff,0xff,0xff,0xff,0xff,0xff,0xff,0xff,0xff,0xff,0xff,0xff,0xff,0xff,0xff,0xff,0xff,0xff,0xff,0xff,
  0xff,0xff,0xff,0xff,0xff,0xff,0xff,0xff,0xff,0xff,0xff,0xff,0xff,0xff,0xff,0xff,0xff,0xff,0xff,0xff,0xff,0xff,0xff,0xff,
  0xff,0xff,0xff,0xff,0xff,0xff,0xff,0xff,0xff,0xff,0xff,0xff,0xff,0xff,0xff,0xff,0xff,0xff,0xff,0xff,0xff,0xff,0xff,0xff,
  0xff,0xff,0xff,0xff,0xff,0xff,0xff,0xff,0xff,0xff,0xff,0xff,0xff,0xff,0xff,0xff,0xff,0xff,0xff,0xff,0xff,0xff,0xff,0xff,
  0xff,0xff,0xff,0xff,0xff,0xff,0xa0,0x00,0x00,0x00,0x40,0xff,0xff,0xff,0xff,0xff,0xff,0xff,0xff,0xff,0xff,0xff,0xff,0xff,
  0xff,0xff,0xff,0xff,0xff,0xff,0xff,0xff,0xff,0xff,0xff,0xff,0xff,0xff,0xff,0xff,0xff,0xff,0xff,0xff,0xff,0xff,0xff,0xff,
  0xff,0xff,0xff,0xff,0xff,0xff,0xff,0xff,0xff,0xff,0xff,0xff,0xff,0xff,0xff,0xff,0xff,0xff,0xff,0xff,0xff,0xff,0xff,0xff,
  0xff,0xff,0xff,0xff,0xff,0xff,0xff,0xff,0xff,0xff,0xff,0xff,0xff,0xff,0xff,0xff,0xff,0xff,0xff,0xff,0xff,0xff,0xff,0xff,
  0xff,0xff,0xff,0xff,0xff,0xff,0xff,0xff,0xff,0xff,0xff,0xff,0xff,0xff,0xff,0xff,0xff,0xff,0xff,0xff,0xff,0xff,0xff,0xff,
  0xff,0xff,0xff,0xff,0xff,0xff,0xff,0xff,0xff,0xff,0xff,0x50,0x00,0x00,0x00,0x20,0xff,0xff,0xff,0xff,0xff,0xff,0xff,0xff,
  0xff,0xff,0xff,0xff,0xff,0xff,0xff,0xff,0xff,0xff,0xff,0xff,0xff,0xff,0xff,0xff,0xff,0xff,0xff,0xff,0xff,0xff,0xff,0xff,
  0xff,0xff,0xff,0xff,0xff,0xff,0xff,0xff,0xff,0xff,0xff,0xff,0xff,0xff,0xff,0xff,0xff,0xff,0xff,0xff,0xff,0xff,0xff,0xff,
  0xff,0xff,0xff,0xff,0xff,0xff,0xff,0xff,0xff,0xff,0xff,0xff,0xff,0xff,0xff,0xff,0xff,0xff,0xff,0xff,0xff,0xff,0xff,0xff,
  0xff,0xff,0xff,0xff,0xff,0xff,0xff,0xff,0xff,0xff,0xff,0xff,0xff,0xff,0xff,0xff,0xff,0xff,0xff,0xff,0xff,0xff,0xff,0xff,
  0xff,0xff,0xff,0xff,0xff,0xff,0xff,0xff,0xff,0xff,0xff,0xff,0xff,0xff,0xff,0xf0,0x00,0x00,0x00,0x00,0x00,0xff,0xff,0xff,
  0xff,0xff,0xff,0xff,0xff,0xff,0xff,0xff,0xff,0xff,0xff,0xff,0xff,0xff,0xff,0xff,0xff,0xff,0xff,0xff,0xff,0xff,0xff,0xff,
  0xff,0xff,0xff,0xff,0xff,0xff,0xff,0xff,0xff,0xff,0xff,0xff,0xff,0xff,0xff,0xff,0xff,0xff,0xff,0xff,0xff,0xff,0xff,0xff,
  0xff,0xff,0xff,0xff,0xff,0xff,0xff,0xff,0xff,0xff,0xff,0xff,0xff,0xff,0xff,0xff,0xff,0xff,0xff,0xff,0xff,0xff,0xff,0xff,
  0xff,0xff,0xff,0xff,0xff,0xff,0xff,0xff,0xff,0xff,0xff,0xff,0xff,0xff,0xff,0xff,0xff,0xff,0xff,0xff,0xff,0xff,0xff,0xff,
  0xff,0xff,0xff,0xff,0xff,0xff,0xff,0xff,0xff,0xff,0xff,0xff,0xff,0xff,0xff,0xff,0xff,0xff,0xff,0xff,0x80,0x00,0x00,0x00,
  0x00,0x00,0xff,0xff,0xff,0xff,0xff,0xff,0xff,0xff,0xff,0xff,0xff,0xff,0xff,0xff,0xff,0xff,0xff,0xff,0xff,0xff,0xff,0xff,
  0xff,0xff,0xff,0xff,0xff,0xff,0xff,0xff,0xff,0xff,0xff,0xff,0xff,0xff,0xff,0xff,0xff,0xff,0xff,0xff,0xff,0xff,0xff,0xff,
  0xff,0xff,0xff,0xff,0xff,0xff,0xff,0xff,0xff,0xff,0xff,0xff,0xff,0xff,0xff,0xff,0xff,0xff,0xff,0xff,0xff,0xff,0xff,0xff,
  0xff,0xff,0xff,0xff,0xff,0xff,0xff,0xff,0xff,0xff,0xff,0xff,0xff,0xff,0xff,0xff,0xff,0xff,0xff,0xff,0xff,0xff,0xff,0xff,
  0xff,0xff,0xff,0xff,0xff,0xff,0xff,0xff,0xff,0xff,0xff,0xff,0xff,0xff,0xff,0xff,0xff,0xff,0xff,0xff,0xff,0xff,0xff,0xff,
  0xf0,0x10,0x00,0x00,0x00,0x00,0x00,0xff,0xff,0xff,0xff,0xff,0xff,0xff,0xff,0xff,0xff,0xff,0xff,0xff,0xff,0xff,0xff,0xff,
  0xff,0xff,0xff,0xff,0xff,0xff,0xff,0xff,0xff,0xff,0xff,0xff,0xff,0xff,0xff,0xff,0xff,0xff,0xff,0xff,0xff,0xff,0xff,0xff,
  0xff,0xff,0xff,0xff,0xff,0xff,0xff,0xff,0xff,0xff,0xff,0xff,0xff,0xff,0xff,0xff,0xff,0xff,0xff,0xff,0xff,0xff,0xff,0xff,
  0xff,0xff,0xff,0xff,0xff,0xff,0xff,0xff,0xff,0xff,0xff,0xff,0xff,0xff,0xff,0xff,0xff,0xff,0xff,0xff,0xff,0xff,0xff,0xff,
  0xff,0xff,0xff,0xff,0xff,0xff,0xff,0xff,0xff,0xff,0xff,0xff,0xff,0xff,0xff,0xff,0xff,0xff,0xff,0xff,0xff,0xff,0xff,0xff,
  0xff,0xff,0xff,0xff,0xff,0x50,0x00,0x00,0x00,0x00,0x00,0x00,0xff,0xff,0xff,0xff,0xff,0xff,0xff,0xff,0xff,0xff,0xff,0xff,
  0xff,0xff,0xff,0xff,0xff,0xff,0xff,0xff,0xff,0xff,0xff,0xff,0xff,0xff,0xff,0xff,0xff,0xff,0xff,0xff,0xff,0xff,0xff,0xff,
  0xff,0xff,0xff,0xff,0xff,0xff,0xff,0xff,0xff,0xff,0xff,0xff,0xff,0xff,0xff,0xff,0xff,0xff,0xff,0xff,0xff,0xff,0xff,0xff,
  0xff,0xff,0xff,0xff,0xff,0xff,0xff,0xff,0xff,0xff,0xff,0xff,0xff,0xff,0xff,0xff,0xff,0xff,0xff,0xff,0xff,0xff,0xff,0xff,
  0xff,0xff,0xff,0xff,0xff,0xff,0xff,0xff,0xff,0xff,0xff,0xff,0xff,0xff,0xff,0xff,0xff,0xff,0xff,0xff,0xff,0xff,0xff,0xff,
  0xff,0xff,0xff,0xff,0xff,0xff,0xff,0xff,0xff,0xa0,0x00,0x00,0x00,0x00,0x00,0x00,0x00,0xe0,0xff,0xff,0xff,0xff,0xff,0xff,
  0xff,0xff,0xff,0xff,0xff,0xff,0xff,0xff,0xff,0xff,0xff,0xff,0xff,0xff,0xff,0xff,0xff,0xff,0xff,0xff,0xff,0xff,0xff,0xff,
  0xff,0xff,0xff,0xff,0xff,0xff,0xff,0xff,0xff,0xff,0xff,0xff,0xff,0xff,0xff,0xff,0xff,0xff,0xff,0xff,0xff,0xff,0xff,0xff,
  0xff,0xff,0xff,0xff,0xff,0xff,0xff,0xff,0xff,0xff,0xff,0xff,0xff,0xff,0xff,0xff,0xff,0xff,0xff,0xff,0xff,0xff,0xff,0xff,
  0xff,0xff,0xff,0xff,0xff,0xff,0xff,0xff,0xff,0xff,0xff,0xff,0xff,0xff,0xff,0xff,0xff,0xff,0xff,0xff,0xff,0xff,0xff,0xff,
  0xff,0xff,0xff,0xff,0xff,0xff,0xff,0xff,0xff,0xff,0xff,0xff,0xff,0xa0,0x00,0x00,0x00,0x00,0x00,0x00,0x00,0x00,0xc0,0xff,
  0xff,0xff,0xff,0xff,0xff,0xff,0xff,0xff,0xff,0xff,0xff,0xff,0xff,0xff,0xff,0xff,0xff,0xff,0xff,0xff,0xff,0xff,0xff,0xff,
  0xff,0xff,0xff,0xff,0xff,0xff,0xff,0xff,0xff,0xff,0xff,0xff,0xff,0xff,0xff,0xff,0xff,0xff,0xff,0xff,0xff,0xff,0xff,0xff,
  0xff,0xff,0xff,0xff,0xff,0xff,0xff,0xff,0xff,0xff,0xff,0xff,0xff,0xff,0xff,0xff,0xff,0xff,0xff,0xff,0xff,0xff,0xff,0xff,
  0xff,0xff,0xff,0xff,0xff,0xff,0xff,0xff,0xff,0xff,0xff,0xff,0xff,0xff,0xff,0xff,0xff,0xff,0xff,0xff,0xff,0xff,0xff,0xff,
  0xff,0xff,0xff,0xff,0xff,0xff,0xff,0xff,0xff,0xff,0xff,0xff,0xff,0xff,0xff,0xff,0xff,0x90,0x00,0x00,0x00,0x00,0x00,0x00,
  0x00,0x00,0x00,0xc0,0xff,0xff,0xff,0xff,0xff,0xff,0xff,0xff,0xff,0xff,0xff,0xff,0xff,0xff,0xff,0xff,0xff,0xff,0xff,0xff,
  0xff,0xff,0xff,0xff,0xff,0xff,0xff,0xff,0xff,0xff,0xff,0xff,0xff,0xff,0xff,0xff,0xff,0xff,0xff,0xff,0xff,0xff,0xff,0xff,
  0xff,0xff,0xff,0xff,0xff,0xff,0xff,0xff,0xff,0xff,0xff,0xff,0xff,0xff,0xff,0xff,0xff,0xff,0xff,0xff,0xff,0xff,0xff,0xff,
  0xff,0xff,0xff,0xff,0xff,0xff,0xff,0xff,0xff,0xff,0xff,0xff,0xff,0xff,0xff,0xff,0xff,0xff,0xff,0xff,0xff,0xff,0xff,0xff,
  0xff,0xff,0xff,0xff,0xff,0xff,0xff,0xff,0xff,0xff,0xff,0xff,0xff,0xff,0xff,0xff,0xff,0xff,0xff,0xff,0xf0,0x50,0x00,0x00,
  0x00,0x00,0x00,0x00,0x00,0x00,0x00,0x00,0xc0,0xff,0xff,0xff,0xff,0xff,0xff,0xff,0xff,0xff,0xff,0xff,0xff,0xff,0xff,0xff,
  0xff,0xff,0xff,0xff,0xff,0xff,0xff,0xff,0xff,0xff,0xff,0xff,0xff,0xff,0xff,0xff,0xff,0xff,0xff,0xff,0xff,0xff,0xff,0xff,
  0xff,0xff,0xff,0xff,0xff,0xff,0xff,0xff,0xff,0xff,0xff,0xff,0xff,0xff,0xff,0xff,0xff,0xff,0xff,0xff,0xff,0xff,0xff,0xff,
  0xff,0xff,0xff,0xff,0xff,0xff,0xff,0xff,0xff,0xff,0xff,0xff,0xff,0xff,0xff,0xff,0xff,0xff,0xff,0xff,0xff,0xff,0xff,0xff,
  0xff,0xff,0xff,0xff,0xff,0xff,0xff,0xff,0xff,0xff,0xff,0xff,0xff,0xff,0xff,0xff,0xff,0xff,0xff,0xff,0xff,0xff,0xff,0xff,
  0xa0,0x20,0x00,0x00,0x00,0x00,0x00,0x00,0x00,0x00,0x00,0x00,0x00,0xc0,0xff,0xff,0xff,0xff,0xff,0xff,0xff,0xff,0xff,0xff,
  0xff,0xff,0xff,0xff,0xff,0xff,0xff,0xff,0xff,0xff,0xff,0xff,0xff,0xff,0xff,0xff,0xff,0xff,0xff,0xff,0xff,0xff,0xff,0xff,
  0xff,0xff,0xff,0xff,0xff,0xff,0xff,0xff,0xff,0xff,0xff,0xff,0xff,0xff,0xff,0xff,0xff,0xff,0xff,0xff,0xff,0xff,0xff,0xff,
  0xff,0xff,0xff,0xff,0xff,0xff,0xff,0xff,0xff,0xff,0xff,0xff,0xff,0xff,0xff,0xff,0xff,0xff,0xff,0xff,0xff,0xff,0xff,0xff,
  0xff,0xff,0xff,0xff,0xff,0xff,0xff,0xff,0xff,0xff,0xff,0xff,0xff,0xff,0xff,0xff,0xff,0xff,0xff,0xff,0xff,0xff,0xff,0xff,
  0xff,0xe0,0xb0,0x70,0x20,0x00,0x00,0x00,0x00,0x00,0x00,0x00,0x00,0x00,0x00,0x00,0x00,0x00,0xb0,0xff,0xff,0xff,0xff,0xff,
  0xff,0xff,0xff,0xff,0xff,0xff,0xff,0xff,0xff,0xff,0xff,0xff,0xff,0xff,0xff,0xff,0xff,0xff,0xff,0xff,0xff,0xff,0xff,0xff,
  0xff,0xff,0xff,0xff,0xff,0xff,0xff,0xff,0xff,0xff,0xff,0xff,0xff,0xff,0xff,0xff,0xff,0xff,0xff,0xff,0xff,0xff,0xff,0xff,
  0xff,0xff,0xff,0xff,0xff,0xff,0xff,0xff,0xff,0xff,0xff,0xff,0xff,0xff,0xf0,0xc0,0xa0,0x80,0x80,0x40,0x40,0x40,0x40,0x40,
  0x30,0x00,0x00,0x00,0x00,0x00,0x00,0x00,0x00,0x00,0x00,0x00,0x00,0x00,0x00,0x00,0x00,0x00,0x00,0x00,0x00,0x00,0x00,0x00,
  0x00,0x00,0x00,0x00,0x00,0x00,0x00,0x00,0x00,0x00,0x00,0x00,0x00,0x00,0x00,0x00,0x00,0x00,0x00,0x00,0x00,0x00,0x00,0x80,
  0xff,0xff,0xff,0xff,0xff,0xff,0xff,0xff,0xff,0xff,0xff,0xff,0xff,0xff,0xff,0xff,0xff,0xff,0xff,0xff,0xff,0xff,0xff,0xff,
  0xff,0xff,0xff,0xff,0xff,0xff,0xff,0xff,0xff,0xff,0xff,0xff,0xff,0xff,0xff,0xff,0xff,0xff,0xff,0xff,0xff,0xff,0xff,0xff,
  0xff,0xff,0xff,0xff,0xff,0xff,0xff,0xff,0xff,0xff,0xff,0xff,0xff,0xff,0xff,0xd0,0x90,0x50,0x20,0x00,0x00,0x00,0x00,0x00,
  0x00,0x00,0x00,0x00,0x00,0x00,0x00,0x00,0x00,0x00,0x00,0x00,0x00,0x00,0x00,0x00,0x00,0x00,0x00,0x00,0x00,0x00,0x00,0x00,
  0x00,0x00,0x00,0x00,0x00,0x00,0x00,0x00,0x00,0x00,0x00,0x00,0x00,0x00,0x00,0x00,0x00,0x00,0x00,0x00,0x00,0x00,0x00,0x00,
  0x00,0x00,0x00,0x00,0x80,0xff,0xff,0xff,0xff,0xff,0xff,0xff,0xff,0xff,0xff,0xff,0xff,0xff,0xff,0xff,0xff,0xff,0xff,0xff,
  0xff,0xff,0xff,0xff,0xff,0xff,0xff,0xff,0xff,0xff,0xff,0xff,0xff,0xff,0xff,0xff,0xff,0xff,0xff,0xff,0xff,0xff,0xff,0xff,
  0xff,0xff,0xff,0xff,0xff,0xff,0xff,0xff,0xff,0xff,0xff,0xff,0xff,0xff,0xff,0xff,0xff,0xd0,0x70,0x20,0x00,0x00,0x00,0x00,
  0x00,0x00,0x00,0x00,0x00,0x00,0x00,0x00,0x00,0x00,0x00,0x00,0x00,0x00,0x00,0x00,0x00,0x00,0x00,0x00,0x00,0x00,0x00,0x00,
  0x00,0x00,0x00,0x00,0x00,0x00,0x00,0x00,0x00,0x00,0x00,0x00,0x00,0x00,0x00,0x00,0x00,0x00,0x00,0x00,0x00,0x00,0x00,0x00,
  0x00,0x00,0x00,0x00,0x00,0x00,0x00,0x00,0x00,0x80,0xff,0xff,0xff,0xff,0xff,0xff,0xff,0xff,0xff,0xff,0xff,0xff,0xff,0xff,
  0xff,0xff,0xff,0xff,0xff,0xff,0xff,0xff,0xff,0xff,0xff,0xff,0xff,0xff,0xff,0xff,0xff,0xff,0xff,0xff,0xff,0xff,0xff,0xff,
  0xff,0xff,0xff,0xff,0xff,0xff,0xff,0xff,0xff,0xff,0xff,0xff,0xff,0xff,0xff,0xff,0xff,0xff,0xff,0xff,0xc0,0x40,0x00,0x00,
  0x00,0x00,0x00,0x00,0x00,0x00,0x00,0x00,0x00,0x00,0x00,0x00,0x00,0x00,0x00,0x00,0x00,0x00,0x00,0x00,0x00,0x00,0x00,0x00,
  0x00,0x00,0x00,0x00,0x00,0x00,0x00,0x00,0x00,0x00,0x00,0x00,0x00,0x00,0x00,0x00,0x00,0x00,0x00,0x00,0x00,0x00,0x00,0x00,
  0x00,0x00,0x00,0x00,0x00,0x00,0x00,0x00,0x00,0x00,0x00,0x00,0x00,0x00,0x80,0xff,0xff,0xff,0xff,0xff,0xff,0xff,0xff,0xff,
  0xff,0xff,0xff,0xff,0xff,0xff,0xff,0xff,0xff,0xff,0xff,0xff,0xff,0xff,0xff,0xff,0xff,0xff,0xff,0xff,0xff,0xff,0xff,0xff,
  0xff,0xff,0xff,0xff,0xff,0xff,0xff,0xff,0xff,0xff,0xff,0xff,0xff,0xff,0xff,0xff,0xff,0xff,0xff,0xff,0xff,0xff,0xff,0xc0,
  0x40,0x00,0x00,0x00,0x00,0x00,0x00,0x00,0x00,0x00,0x00,0x00,0x00,0x00,0x00,0x00,0x00,0x00,0x00,0x00,0x00,0x00,0x00,0x00,
  0x00,0x00,0x00,0x00,0x00,0x00,0x00,0x00,0x00,0x00,0x00,0x00,0x00,0x00,0x00,0x00,0x00,0x00,0x00,0x00,0x00,0x00,0x00,0x00,
  0x00,0x00,0x00,0x00,0x00,0x00,0x00,0x00,0x00,0x00,0x00,0x00,0x00,0x00,0x00,0x00,0x00,0x00,0x00,0x70,0xff,0xff,0xff,0xff,
  0xff,0xff,0xff,0xff,0xff,0xff,0xff,0xff,0xff,0xff,0xff,0xff,0xff,0xff,0xff,0xff,0xff,0xff,0xff,0xff,0xff,0xff,0xff,0xff,
  0xff,0xff,0xff,0xff,0xff,0xff,0xff,0xff,0xff,0xff,0xff,0xff,0xff,0xff,0xff,0xff,0xff,0xff,0xff,0xff,0xff,0xff,0xff,0xff,
  0xff,0xff,0xf0,0x70,0x00,0x00,0x00,0x00,0x00,0x00,0x00,0x00,0x00,0x00,0x00,0x00,0x00,0x00,0x00,0x00,0x00,0x00,0x00,0x00,
  0x00,0x00,0x00,0x00,0x00,0x00,0x00,0x00,0x00,0x00,0x00,0x00,0x00,0x00,0x00,0x00,0x00,0x00,0x00,0x00,0x00,0x00,0x00,0x00,
  0x00,0x00,0x00,0x00,0x00,0x00,0x00,0x00,0x00,0x00,0x00,0x00,0x00,0x00,0x00,0x00,0x00,0x00,0x00,0x00,0x00,0x00,0x00,0x00,
  0x40,0xff,0xff,0xff,0xff,0xff,0xff,0xff,0xff,0xff,0xff,0xff,0xff,0xff,0xff,0xff,0xff,0xff,0xff,0xff,0xff,0xff,0xff,0xff,
  0xff,0xff,0xff,0xff,0xff,0xff,0xff,0xff,0xff,0xff,0xff,0xff,0xff,0xff,0xff,0xff,0xff,0xff,0xff,0xff,0xff,0xff,0xff,0xff,
  0xff,0xff,0xff,0xff,0xff,0xff,0xc0,0x20,0x00,0x00,0x00,0x00,0x00,0x00,0x00,0x00,0x00,0x00,0x00,0x00,0x00,0x00,0x00,0x00,
  0x00,0x00,0x00,0x00,0x00,0x00,0x00,0x00,0x00,0x00,0x00,0x00,0x00,0x00,0x00,0x00,0x00,0x00,0x00,0x00,0x00,0x00,0x00,0x00,
  0x00,0x00,0x00,0x00,0x00,0x00,0x00,0x00,0x00,0x00,0x00,0x00,0x00,0x00,0x00,0x00,0x00,0x00,0x00,0x00,0x00,0x00,0x00,0x00,
  0x00,0x00,0x00,0x00,0x00,0x40,0xff,0xff,0xff,0xff,0xff,0xff,0xff,0xff,0xff,0xff,0xff,0xff,0xff,0xff,0xff,0xff,0xff,0xff,
  0xff,0xff,0xff,0xff,0xff,0xff,0xff,0xff,0xff,0xff,0xff,0xff,0xff,0xff,0xff,0xff,0xff,0xff,0xff,0xff,0xff,0xff,0xff,0xff,
  0xff,0xff,0xff,0xff,0xff,0xff,0xff,0xff,0xff,0xff,0xa0,0x00,0x00,0x00,0x00,0x00,0x00,0x00,0x00,0x00,0x00,0x00,0x00,0x00,
  0x00,0x00,0x00,0x00,0x00,0x00,0x00,0x00,0x00,0x00,0x00,0x00,0x00,0x00,0x00,0x00,0x00,0x00,0x00,0x00,0x00,0x00,0x00,0x00,
  0x00,0x00,0x00,0x00,0x00,0x00,0x00,0x00,0x00,0x00,0x00,0x00,0x00,0x00,0x00,0x00,0x00,0x00,0x00,0x00,0x00,0x00,0x00,0x00,
  0x00,0x00,0x00,0x00,0x00,0x00,0x00,0x00,0x00,0x00,0x40,0xff,0xff,0xff,0xff,0xff,0xff,0xff,0xff,0xff,0xff,0xff,0xff,0xff,
  0xff,0xff,0xff,0xff,0xff,0xff,0xff,0xff,0xff,0xff,0xff,0xff,0xff,0xff,0xff,0xff,0xff,0xff,0xff,0xff,0xff,0xff,0xff,0xff,
  0xff,0xff,0xff,0xff,0xff,0xff,0xff,0xff,0xff,0xff,0xff,0xff,0xff,0xff,0x70,0x00,0x00,0x00,0x00,0x00,0x00,0x00,0x00,0x00,
  0x00,0x00,0x00,0x00,0x00,0x00,0x00,0x00,0x00,0x00,0x00,0x00,0x00,0x00,0x00,0x00,0x00,0x00,0x00,0x00,0x00,0x00,0x00,0x00,
  0x00,0x00,0x00,0x00,0x00,0x00,0x00,0x00,0x00,0x00,0x00,0x00,0x00,0x00,0x00,0x00,0x00,0x00,0x00,0x00,0x00,0x00,0x00,0x00,
  0x00,0x00,0x00,0x00,0x00,0x00,0x00,0x00,0x00,0x00,0x00,0x00,0x00,0x00,0x00,0x40,0xff,0xff,0xff,0xff,0xff,0xff,0xff,0xff,
  0xff,0xff,0xff,0xff,0xff,0xff,0xff,0xff,0xff,0xff,0xff,0xff,0xff,0xff,0xff,0xff,0xff,0xff,0xff,0xff,0xff,0xff,0xff,0xff,
  0xff,0xff,0xff,0xff,0xff,0xff,0xff,0xff,0xff,0xff,0xff,0xff,0xff,0xff,0xff,0xff,0xff,0xff,0x60,0x00,0x00,0x00,0x00,0x00,
  0x00,0x00,0x00,0x00,0x00,0x00,0x00,0x00,0x00,0x00,0x00,0x00,0x00,0x00,0x00,0x00,0x00,0x00,0x00,0x00,0x00,0x00,0x00,0x00,
  0x00,0x00,0x00,0x00,0x00,0x00,0x00,0x00,0x00,0x00,0x00,0x00,0x00,0x00,0x00,0x00,0x00,0x00,0x00,0x00,0x00,0x00,0x00,0x00,
  0x00,0x00,0x00,0x00,0x00,0x00,0x00,0x00,0x00,0x00,0x00,0x00,0x00,0x00,0x00,0x00,0x00,0x00,0x00,0x00,0x40,0xff,0xff,0xff,
  0xff,0xff,0xff,0xff,0xff,0xff,0xff,0xff,0xff,0xff,0xff,0xff,0xff,0xff,0xff,0xff,0xff,0xff,0xff,0xff,0xff,0xff,0xff,0xff,
  0xff,0xff,0xff,0xff,0xff,0xff,0xff,0xff,0xff,0xff,0xff,0xff,0xff,0xff,0xff,0xff,0xff,0xff,0xff,0xff,0xff,0xff,0xa0,0x00,
  0x00,0x00,0x00,0x00,0x00,0x00,0x00,0x00,0x00,0x00,0x00,0x00,0x00,0x00,0x00,0x00,0x00,0x00,0x00,0x00,0x00,0x00,0x00,0x00,
  0x00,0x00,0x00,0x00,0x00,0x00,0x00,0x00,0x00,0x00,0x00,0x00,0x00,0x00,0x00,0x00,0x00,0x00,0x00,0x00,0x00,0x00,0x00,0x00,
  0x00,0x00,0x00,0x00,0x00,0x00,0x00,0x00,0x00,0x00,0x00,0x00,0x00,0x00,0x00,0x00,0x00,0x00,0x00,0x00,0x00,0x00,0x00,0x00,
  0x00,0x00,0xff,0xff,0xff,0xff,0xff,0xff,0xff,0xff,0xff,0xff,0xff,0xff,0xff,0xff,0xff,0xff,0xff,0xff,0xff,0xff,0xff,0xff,
  0xff,0xff,0xff,0xff,0xff,0xff,0xff,0xff,0xff,0xff,0xff,0xff,0xff,0xff,0xff,0xff,0xff,0xff,0xff,0xff,0xff,0xff,0xff,0xff,
  0xff,0xff,0xc0,0x00,0x00,0x00,0x00,0x00,0x00,0x00,0x00,0x00,0x00,0x00,0x00,0x00,0x00,0x00,0x00,0x00,0x00,0x00,0x00,0x00,
  0x00,0x00,0x00,0x00,0x00,0x00,0x00,0x00,0x00,0x00,0x00,0x00,0x00,0x00,0x00,0x00,0x00,0x00,0x00,0x00,0x00,0x00,0x00,0x00,
  0x00,0x00,0x00,0x00,0x00,0x00,0x00,0x00,0x00,0x00,0x00,0x00,0x00,0x00,0x00,0x00,0x00,0x00,0x00,0x00,0x00,0x00,0x00,0x00,
  0x00,0x00,0x00,0x00,0x00,0x00,0x00,0xff,0xff,0xff,0xff,0xff,0xff,0xff,0xff,0xff,0xff,0xff,0xff,0xff,0xff,0xff,0xff,0xff,
  0xff,0xff,0xff,0xff,0xff,0xff,0xff,0xff,0xff,0xff,0xff,0xff,0xff,0xff,0xff,0xff,0xff,0xff,0xff,0xff,0xff,0xff,0xff,0xff,
  0xff,0xff,0xff,0xff,0xff,0xff,0xe0,0x10,0x00,0x00,0x00,0x00,0x00,0x00,0x00,0x00,0x00,0x00,0x00,0x00,0x00,0x00,0x00,0x00,
  0x00,0x00,0x00,0x00,0x00,0x00,0x00,0x00,0x00,0x00,0x00,0x00,0x00,0x00,0x00,0x00,0x00,0x00,0x00,0x00,0x00,0x00,0x00,0x00,
  0x00,0x00,0x00,0x00,0x00,0x00,0x00,0x00,0x00,0x00,0x00,0x00,0x00,0x00,0x00,0x00,0x00,0x00,0x00,0x00,0x00,0x00,0x00,0x00,
  0x00,0x00,0x00,0x00,0x00,0x00,0x00,0x00,0x00,0x00,0x00,0x00,0xff,0xff,0xff,0xff,0xff,0xff,0xff,0xff,0xff,0xff,0xff,0xff,
  0xff,0xff,0xff,0xff,0xff,0xff,0xff,0xff,0xff,0xff,0xff,0xff,0xff,0xff,0xff,0xff,0xff,0xff,0xff,0xff,0xff,0xff,0xff,0xff,
  0xff,0xff,0xff,0xff,0xff,0xff,0xff,0xff,0xff,0xff,0xff,0x30,0x00,0x00,0x00,0x00,0x00,0x00,0x00,0x00,0x00,0x00,0x00,0x00,
  0x00,0x00,0x00,0x00,0x00,0x00,0x00,0x00,0x00,0x00,0x00,0x00,0x00,0x00,0x00,0x00,0x00,0x00,0x00,0x00,0x00,0x00,0x00,0x00,
  0x00,0x00,0x00,0x00,0x00,0x00,0x00,0x00,0x00,0x00,0x00,0x00,0x00,0x00,0x00,0x00,0x00,0x00,0x00,0x00,0x00,0x00,0x00,0x00,
  0x00,0x00,0x00,0x00,0x00,0x00,0x00,0x00,0x00,0x00,0x00,0x00,0x00,0x00,0x00,0x00,0x00,0xff,0xff,0xff,0xff,0xff,0xff,0xff,
  0xff,0xff,0xff,0xff,0xff,0xff,0xff,0xff,0xff,0xff,0xff,0xff,0xff,0xff,0xff,0xff,0xff,0xff,0xff,0xff,0xff,0xff,0xff,0xff,
  0xff,0xff,0xff,0xff,0xff,0xff,0xff,0xff,0xff,0xff,0xff,0xff,0xff,0xff,0xff,0x80,0x00,0x00,0x00,0x00,0x00,0x00,0x00,0x00,
  0x00,0x00,0x00,0x00,0x00,0x00,0x00,0x00,0x00,0x00,0x00,0x00,0x00,0x00,0x00,0x00,0x00,0x00,0x00,0x00,0x00,0x00,0x00,0x00,
  0x00,0x00,0x00,0x00,0x00,0x00,0x00,0x00,0x00,0x00,0x00,0x00,0x00,0x00,0x00,0x00,0x00,0x00,0x00,0x00,0x00,0x00,0x00,0x00,
  0x00,0x00,0x00,0x00,0x00,0x00,0x00,0x00,0x00,0x00,0x00,0x00,0x00,0x00,0x00,0x00,0x00,0x00,0x00,0x00,0x00,0x00,0xff,0xff,
  0xff,0xff,0xff,0xff,0xff,0xff,0xff,0xff,0xff,0xff,0xff,0xff,0xff,0xff,0xff,0xff,0xff,0xff,0xff,0xff,0xff,0xff,0xff,0xff,
  0xff,0xff,0xff,0xff,0xff,0xff,0xff,0xff,0xff,0xff,0xff,0xff,0xff,0xff,0xff,0xff,0xff,0xff,0xff,0xc0,0x00,0x00,0x00,0x00,
  0x00,0x00,0x00,0x00,0x00,0x00,0x00,0x00,0x00,0x00,0x00,0x00,0x00,0x00,0x00,0x00,0x00,0x00,0x00,0x00,0x00,0x00,0x00,0x00,
  0x00,0x00,0x00,0x00,0x00,0x00,0x00,0x00,0x00,0x00,0x00,0x00,0x00,0x00,0x00,0x00,0x00,0x00,0x00,0x00,0x00,0x00,0x00,0x00,
  0x00,0x00,0x00,0x00,0x00,0x00,0x00,0x00,0x00,0x00,0x00,0x00,0x00,0x00,0x00,0x00,0x00,0x00,0x00,0x00,0x00,0x00,0x00,0x00,
  0x00,0x00,0x00,0xc0,0xff,0xff,0xff,0xff,0xff,0xff,0xff,0xff,0xff,0xff,0xff,0xff,0xff,0xff,0xff,0xff,0xff,0xff,0xff,0xff,
  0xff,0xff,0xff,0xff,0xff,0xff,0xff,0xff,0xff,0xff,0xff,0xff,0xff,0xff,0xff,0xff,0xff,0xff,0xff,0xff,0xff,0xff,0xff,0xf0,
  0x10,0x00,0x00,0x00,0x00,0x00,0x00,0x00,0x00,0x00,0x00,0x00,0x00,0x00,0x00,0x00,0x00,0x00,0x00,0x00,0x00,0x00,0x00,0x00,
  0x00,0x00,0x00,0x00,0x00,0x00,0x00,0x00,0x00,0x00,0x00,0x00,0x00,0x00,0x00,0x00,0x00,0x00,0x00,0x00,0x00,0x00,0x00,0x00,
  0x00,0x00,0x00,0x00,0x00,0x00,0x00,0x00,0x00,0x00,0x00,0x00,0x00,0x00,0x00,0x00,0x00,0x00,0x00,0x00,0x00,0x00,0x00,0x00,
  0x00,0x00,0x00,0x00,0x00,0x00,0x00,0x00,0xc0,0xff,0xff,0xff,0xff,0xff,0xff,0xff,0xff,0xff,0xff,0xff,0xff,0xff,0xff,0xff,
  0xff,0xff,0xff,0xff,0xff,0xff,0xff,0xff,0xff,0xff,0xff,0xff,0xff,0xff,0xff,0xff,0xff,0xff,0xff,0xff,0xff,0xff,0xff,0xff,
  0xff,0xff,0xff,0xff,0x40,0x00,0x00,0x00,0x00,0x00,0x00,0x00,0x00,0x00,0x00,0x00,0x00,0x00,0x00,0x00,0x00,0x00,0x00,0x00,
  0x00,0x00,0x00,0x00,0x00,0x00,0x00,0x00,0x00,0x00,0x00,0x00,0x00,0x00,0x00,0x00,0x00,0x00,0x00,0x00,0x00,0x00,0x00,0x00,
  0x00,0x00,0x00,0x00,0x00,0x00,0x00,0x00,0x00,0x00,0x00,0x00,0x00,0x00,0x00,0x00,0x00,0x00,0x00,0x00,0x00,0x00,0x00,0x00,
  0x00,0x00,0x00,0x00,0x00,0x00,0x00,0x00,0x00,0x00,0x00,0x00,0x00,0xc0,0xff,0xff,0xff,0xff,0xff,0xff,0xff,0xff,0xff,0xff,
  0xff,0xff,0xff,0xff,0xff,0xff,0xff,0xff,0xff,0xff,0xff,0xff,0xff,0xff,0xff,0xff,0xff,0xff,0xff,0xff,0xff,0xff,0xff,0xff,
  0xff,0xff,0xff,0xff,0xff,0xff,0xff,0xff,0x80,0x00,0x00,0x00,0x00,0x00,0x00,0x00,0x00,0x00,0x00,0x00,0x00,0x00,0x00,0x00,
  0x00,0x00,0x00,0x00,0x00,0x00,0x00,0x00,0x00,0x00,0x00,0x00,0x00,0x00,0x00,0x00,0x00,0x00,0x00,0x00,0x00,0x00,0x00,0x00,
  0x00,0x00,0x00,0x00,0x00,0x00,0x00,0x00,0x00,0x00,0x00,0x00,0x00,0x00,0x00,0x00,0x00,0x00,0x00,0x00,0x00,0x00,0x00,0x00,
  0x00,0x00,0x00,0x00,0x00,0x00,0x00,0x00,0x00,0x00,0x00,0x00,0x00,0x00,0x00,0x00,0x00,0x00,0xc0,0xff,0xff,0xff,0xff,0xff,
  0xff,0xff,0xff,0xff,0xff,0xff,0xff,0xff,0xff,0xff,0xff,0xff,0xff,0xff,0xff,0xff,0xff,0xff,0xff,0xff,0xff,0xff,0xff,0xff,
  0xff,0xff,0xff,0xff,0xff,0xff,0xff,0xff,0xff,0xff,0xff,0xff,0xc0,0x00,0x00,0x00,0x00,0x00,0x00,0x00,0x00,0x00,0x00,0x00,
  0x00,0x00,0x00,0x00,0x00,0x00,0x00,0x00,0x00,0x00,0x00,0x00,0x00,0x00,0x00,0x00,0x00,0x00,0x00,0x00,0x00,0x00,0x00,0x00,
  0x00,0x00,0x00,0x00,0x00,0x00,0x00,0x00,0x00,0x00,0x00,0x00,0x00,0x00,0x00,0x00,0x00,0x00,0x00,0x00,0x00,0x00,0x00,0x00,
  0x00,0x00,0x00,0x00,0x00,0x00,0x00,0x00,0x00,0x00,0x00,0x00,0x00,0x00,0x00,0x00,0x00,0x00,0x00,0x00,0x00,0x00,0x00,0xc0,
  0xff,0xff,0xff,0xff,0xff,0xff,0xff,0xff,0xff,0xff,0xff,0xff,0xff,0xff,0xff,0xff,0xff,0xff,0xff,0xff,0xff,0xff,0xff,0xff,
  0xff,0xff,0xff,0xff,0xff,0xff,0xff,0xff,0xff,0xff,0xff,0xff,0xff,0xff,0xff,0xff,0xe0,0x10,0x00,0x00,0x00,0x00,0x00,0x00,
  0x00,0x00,0x00,0x00,0x00,0x00,0x00,0x00,0x00,0x00,0x00,0x00,0x00,0x00,0x00,0x00,0x00,0x00,0x00,0x00,0x00,0x00,0x00,0x00,
  0x00,0x00,0x00,0x00,0x00,0x00,0x00,0x00,0x00,0x00,0x00,0x00,0x00,0x00,0x00,0x00,0x00,0x00,0x00,0x00,0x00,0x00,0x00,0x00,
  0x00,0x00,0x00,0x00,0x00,0x00,0x00,0x00,0x00,0x00,0x00,0x00,0x00,0x00,0x00,0x00,0x00,0x00,0x00,0x00,0x00,0x00,0x00,0x00,
  0x00,0x00,0x00,0x00,0x80,0xff,0xff,0xff,0xff,0xff,0xff,0xff,0xff,0xff,0xff,0xff,0xff,0xff,0xff,0xff,0xff,0xff,0xff,0xff,
  0xff,0xff,0xff,0xff,0xff,0xff,0xff,0xff,0xff,0xff,0xff,0xff,0xff,0xff,0xff,0xff,0xff,0xff,0xff,0xff,0xff,0x30,0x00,0x00,
  0x00,0x00,0x00,0x00,0x00,0x00,0x00,0x00,0x00,0x00,0x00,0x00,0x00,0x00,0x00,0x00,0x00,0x00,0x00,0x00,0x00,0x00,0x00,0x00,
  0x00,0x00,0x00,0x00,0x00,0x00,0x00,0x00,0x00,0x00,0x00,0x00,0x00,0x00,0x00,0x00,0x00,0x00,0x00,0x00,0x00,0x00,0x00,0x00,
  0x00,0x00,0x00,0x00,0x00,0x00,0x00,0x00,0x00,0x00,0x00,0x00,0x00,0x00,0x00,0x00,0x00,0x00,0x00,0x00,0x00,0x00,0x00,0x00,
  0x00,0x00,0x00,0x00,0x00,0x00,0x00,0x00,0x00,0x80,0xff,0xff,0xff,0xff,0xff,0xff,0xff,0xff,0xff,0xff,0xff,0xff,0xff,0xff,
  0xff,0xff,0xff,0xff,0xff,0xff,0xff,0xff,0xff,0xff,0xff,0xff,0xff,0xff,0xff,0xff,0xff,0xff,0xff,0xff,0xff,0xff,0xff,0xff,
  0xff,0x70,0x00,0x00,0x00,0x00,0x00,0x00,0x00,0x00,0x00,0x00,0x00,0x00,0x00,0x00,0x00,0x00,0x00,0x00,0x00,0x00,0x00,0x00,
  0x00,0x00,0x00,0x00,0x00,0x00,0x00,0x00,0x00,0x00,0x00,0x00,0x00,0x00,0x00,0x00,0x00,0x00,0x00,0x00,0x00,0x00,0x00,0x00,
  0x00,0x00,0x00,0x00,0x00,0x00,0x00,0x00,0x00,0x00,0x00,0x00,0x00,0x00,0x00,0x00,0x00,0x00,0x00,0x00,0x00,0x00,0x00,0x00,
  0x00,0x00,0x00,0x00,0x00,0x00,0x00,0x00,0x00,0x00,0x00,0x00,0x00,0x00,0x80,0xff,0xff,0xff,0xff,0xff,0xff,0xff,0xff,0xff,
  0xff,0xff,0xff,0xff,0xff,0xff,0xff,0xff,0xff,0xff,0xff,0xff,0xff,0xff,0xff,0xff,0xff,0xff,0xff,0xff,0xff,0xff,0xff,0xff,
  0xff,0xff,0xff,0xff,0xff,0xb0,0x00,0x00,0x00,0x00,0x00,0x00,0x00,0x00,0x00,0x00,0x00,0x00,0x00,0x00,0x00,0x00,0x00,0x00,
  0x00,0x00,0x00,0x00,0x00,0x00,0x00,0x00,0x00,0x00,0x00,0x00,0x00,0x00,0x00,0x00,0x00,0x00,0x00,0x00,0x00,0x00,0x00,0x00,
  0x00,0x00,0x00,0x00,0x00,0x00,0x00,0x00,0x00,0x00,0x00,0x00,0x00,0x00,0x00,0x00,0x00,0x00,0x00,0x00,0x00,0x00,0x00,0x00,
  0x00,0x00,0x00,0x00,0x00,0x00,0x00,0x00,0x00,0x00,0x00,0x00,0x00,0x00,0x00,0x00,0x00,0x00,0x00,0x80,0xff,0xff,0xff,0xff,
  0xff,0xff,0xff,0xff,0xff,0xff,0xff,0xff,0xff,0xff,0xff,0xff,0xff,0xff,0xff,0xff,0xff,0xff,0xff,0xff,0xff,0xff,0xff,0xff,
  0xff,0xff,0xff,0xff,0xff,0xff,0xff,0xff,0xff,0xe0,0x10,0x00,0x00,0x00,0x00,0x00,0x00,0x00,0x00,0x00,0x00,0x00,0x00,0x00,
  0x00,0x00,0x00,0x00,0x00,0x00,0x00,0x00,0x00,0x00,0x00,0x00,0x00,0x00,0x00,0x00,0x00,0x00,0x00,0x00,0x00,0x00,0x00,0x00,
  0x00,0x00,0x00,0x00,0x00,0x00,0x00,0x00,0x00,0x00,0x00,0x00,0x00,0x00,0x00,0x00,0x00,0x00,0x00,0x00,0x00,0x00,0x00,0x00,
  0x00,0x00,0x00,0x00,0x00,0x00,0x00,0x00,0x00,0x00,0x00,0x00,0x00,0x00,0x00,0x00,0x00,0x00,0x00,0x00,0x00,0x00,0x00,0x00,
  0x80,0xff,0xff,0xff,0xff,0xff,0xff,0xff,0xff,0xff,0xff,0xff,0xff,0xff,0xff,0xff,0xff,0xff,0xff,0xff,0xff,0xff,0xff,0xff,
  0xff,0xff,0xff,0xff,0xff,0xff,0xff,0xff,0xff,0xff,0xff,0xff,0xff,0xff,0x30,0x00,0x00,0x00,0x00,0x00,0x00,0x00,0x00,0x00,
  0x00,0x00,0x00,0x00,0x00,0x00,0x00,0x00,0x00,0x00,0x00,0x00,0x00,0x00,0x00,0x00,0x00,0x00,0x00,0x00,0x00,0x00,0x00,0x00,
  0x00,0x00,0x00,0x00,0x00,0x00,0x00,0x00,0x00,0x00,0x00,0x00,0x00,0x00,0x00,0x00,0x00,0x00,0x00,0x00,0x00,0x00,0x00,0x00,
  0x00,0x00,0x00,0x00,0x00,0x00,0x00,0x00,0x00,0x00,0x00,0x00,0x00,0x00,0x00,0x00,0x00,0x00,0x00,0x00,0x00,0x00,0x00,0x00,
  0x00,0x00,0x00,0x00,0x00,0x40,0xff,0xff,0xff,0xff,0xff,0xff,0xff,0xff,0xff,0xff,0xff,0xff,0xff,0xff,0xff,0xff,0xff,0xff,
  0xff,0xff,0xff,0xff,0xff,0xff,0xff,0xff,0xff,0xff,0xff,0xff,0xff,0xff,0xff,0xff,0xff,0xff,0x70,0x00,0x00,0x00,0x00,0x00,
  0x00,0x00,0x00,0x00,0x00,0x00,0x00,0x00,0x00,0x00,0x00,0x00,0x00,0x00,0x00,0x00,0x00,0x00,0x00,0x00,0x00,0x00,0x00,0x00,
  0x00,0x00,0x00,0x00,0x00,0x00,0x00,0x00,0x00,0x00,0x00,0x00,0x00,0x00,0x00,0x00,0x00,0x00,0x00,0x00,0x00,0x00,0x00,0x00,
  0x00,0x00,0x00,0x00,0x00,0x00,0x00,0x00,0x00,0x00,0x00,0x00,0x00,0x00,0x00,0x00,0x00,0x00,0x00,0x00,0x00,0x00,0x00,0x00,
  0x00,0x00,0x00,0x00,0x00,0x00,0x00,0x00,0x00,0x00,0x40,0xff,0xff,0xff,0xff,0xff,0xff,0xff,0xff,0xff,0xff,0xff,0xff,0xff,
  0xff,0xff,0xff,0xff,0xff,0xff,0xff,0xff,0xff,0xff,0xff,0xff,0xff,0xff,0xff,0xff,0xff,0xff,0xff,0xff,0xff,0xff,0xb0,0x00,
  0x00,0x00,0x00,0x00,0x00,0x00,0x00,0x00,0x00,0x00,0x00,0x00,0x00,0x00,0x00,0x00,0x00,0x00,0x00,0x00,0x00,0x00,0x00,0x00,
  0x00,0x00,0x00,0x00,0x00,0x00,0x00,0x00,0x00,0x00,0x00,0x00,0x00,0x00,0x00,0x00,0x00,0x00,0x00,0x00,0x00,0x00,0x00,0x00,
  0x00,0x00,0x00,0x00,0x00,0x00,0x00,0x00,0x00,0x00,0x00,0x00,0x00,0x00,0x00,0x00,0x00,0x00,0x00,0x00,0x00,0x00,0x00,0x00,
  0x00,0x00,0x00,0x00,0x00,0x00,0x00,0x00,0x00,0x00,0x00,0x00,0x00,0x00,0x00,0x40,0xff,0xff,0xff,0xff,0xff,0xff,0xff,0xff,
  0xff,0xff,0xff,0xff,0xff,0xff,0xff,0xff,0xff,0xff,0xff,0xff,0xff,0xff,0xff,0xff,0xff,0xff,0xff,0xff,0xff,0xff,0xff,0xff,
  0xff,0xff,0xe0,0x10,0x00,0x00,0x00,0x00,0x00,0x00,0x00,0x00,0x00,0x00,0x00,0x00,0x00,0x00,0x00,0x00,0x00,0x00,0x00,0x00,
  0x00,0x00,0x00,0x00,0x00,0x00,0x00,0x00,0x00,0x00,0x00,0x00,0x00,0x00,0x00,0x00,0x00,0x00,0x00,0x00,0x00,0x00,0x00,0x00,
  0x00,0x00,0x00,0x00,0x00,0x00,0x00,0x00,0x00,0x00,0x00,0x00,0x00,0x00,0x00,0x00,0x00,0x00,0x00,0x00,0x00,0x00,0x00,0x00,
  0x00,0x00,0x00,0x00,0x00,0x00,0x00,0x00,0x00,0x00,0x00,0x00,0x00,0x00,0x00,0x00,0x00,0x00,0x00,0x00,0x30,0xff,0xff,0xff,
  0xff,0xff,0xff,0xff,0xff,0xff,0xff,0xff,0xff,0xff,0xff,0xff,0xff,0xff,0xff,0xff,0xff,0xff,0xff,0xff,0xff,0xff,0xff,0xff,
  0xff,0xff,0xff,0xff,0xff,0xff,0xff,0x30,0x00,0x00,0x00,0x00,0x00,0x00,0x00,0x00,0x00,0x00,0x00,0x00,0x00,0x00,0x00,0x00,
  0x00,0x00,0x00,0x00,0x00,0x00,0x00,0x00,0x00,0x00,0x00,0x00,0x00,0x00,0x00,0x00,0x00,0x00,0x00,0x00,0x00,0x00,0x00,0x00,
  0x00,0x00,0x00,0x00,0x00,0x00,0x00,0x00,0x00,0x00,0x00,0x00,0x00,0x00,0x00,0x00,0x00,0x00,0x00,0x00,0x00,0x00,0x00,0x00,
  0x00,0x00,0x00,0x00,0x00,0x00,0x00,0x00,0x00,0x00,0x00,0x00,0x00,0x00,0x00,0x00,0x00,0x00,0x00,0x00,0x00,0x00,0x00,0x00,
  0x00,0x00,0xff,0xff,0xff,0xff,0xff,0xff,0xff,0xff,0xff,0xff,0xff,0xff,0xff,0xff,0xff,0xff,0xff,0xff,0xff,0xff,0xff,0xff,
  0xff,0xff,0xff,0xff,0xff,0xff,0xff,0xff,0xff,0xff,0xff,0x70,0x00,0x00,0x00,0x00,0x00,0x00,0x00,0x00,0x00,0x00,0x00,0x00,
  0x00,0x00,0x00,0x00,0x00,0x00,0x00,0x00,0x00,0x00,0x00,0x00,0x00,0x00,0x00,0x00,0x00,0x00,0x00,0x00,0x00,0x00,0x00,0x00,
  0x00,0x00,0x00,0x00,0x00,0x00,0x00,0x00,0x00,0x00,0x00,0x00,0x00,0x00,0x00,0x00,0x00,0x00,0x00,0x00,0x00,0x00,0x00,0x00,
  0x00,0x00,0x00,0x00,0x00,0x00,0x00,0x00,0x00,0x00,0x00,0x00,0x00,0x00,0x00,0x00,0x00,0x00,0x00,0x00,0x00,0x00,0x00,0x00,
  0x00,0x00,0x00,0x00,0x00,0x00,0x00,0xe0,0xff,0xff,0xff,0xff,0xff,0xff,0xff,0xff,0xff,0xff,0xff,0xff,0xff,0xff,0xff,0xff,
  0xff,0xff,0xff,0xff,0xff,0xff,0xff,0xff,0xff,0xff,0xff,0xff,0xff,0xff,0xff,0xb0,0x00,0x00,0x00,0x00,0x00,0x00,0x00,0x00,
  0x00,0x00,0x00,0x00,0x00,0x00,0x00,0x00,0x00,0x00,0x00,0x00,0x00,0x00,0x00,0x00,0x00,0x00,0x00,0x00,0x00,0x00,0x00,0x00,
  0x00,0x00,0x00,0x00,0x00,0x00,0x00,0x00,0x00,0x00,0x00,0x00,0x00,0x00,0x00,0x00,0x00,0x00,0x00,0x00,0x00,0x00,0x00,0x00,
  0x00,0x00,0x00,0x00,0x00,0x00,0x00,0x00,0x00,0x00,0x00,0x00,0x00,0x00,0x00,0x00,0x00,0x00,0x00,0x00,0x00,0x00,0x00,0x00,
  0x00,0x00,0x00,0x00,0x00,0x00,0x00,0x00,0x00,0x00,0x00,0x00,0xb0,0xff,0xff,0xff,0xff,0xff,0xff,0xff,0xff,0xff,0xff,0xff,
  0xff,0xff,0xff,0xff,0xff,0xff,0xff,0xff,0xff,0xff,0xff,0xff,0xff,0xff,0xff,0xff,0xff,0xff,0xff,0xe0,0x10,0x00,0x00,0x00,
  0x00,0x00,0x00,0x00,0x00,0x00,0x00,0x00,0x00,0x00,0x00,0x00,0x00,0x00,0x00,0x00,0x00,0x00,0x00,0x00,0x00,0x00,0x00,0x00,
  0x00,0x00,0x00,0x00,0x00,0x00,0x00,0x00,0x00,0x00,0x00,0x00,0x00,0x00,0x00,0x00,0x00,0x00,0x00,0x00,0x00,0x00,0x00,0x00,
  0x00,0x00,0x00,0x00,0x00,0x00,0x00,0x00,0x00,0x00,0x00,0x00,0x00,0x00,0x00,0x00,0x00,0x00,0x00,0x00,0x00,0x00,0x00,0x00,
  0x00,0x00,0x00,0x00,0x00,0x00,0x00,0x00,0x00,0x00,0x00,0x00,0x00,0x00,0x00,0x00,0x00,0x60,0xff,0xff,0xff,0xff,0xff,0xff,
  0xff,0xff,0xff,0xff,0xff,0xff,0xff,0xff,0xff,0xff,0xff,0xff,0xff,0xff,0xff,0xff,0xff,0xff,0xff,0xff,0xff,0xff,0xff,0xff,
  0x40,0x00,0x00,0x00,0x00,0x00,0x00,0x00,0x00,0x00,0x00,0x00,0x00,0x00,0x00,0x00,0x00,0x00,0x00,0x00,0x00,0x00,0x00,0x00,
  0x00,0x00,0x00,0x00,0x00,0x00,0x00,0x00,0x00,0x00,0x00,0x00,0x00,0x00,0x00,0x00,0x00,0x00,0x00,0x00,0x00,0x00,0x00,0x00,
  0x00,0x00,0x00,0x00,0x00,0x00,0x00,0x00,0x00,0x00,0x00,0x00,0x00,0x00,0x00,0x00,0x00,0x00,0x00,0x00,0x00,0x00,0x00,0x00,
  0x00,0x00,0x00,0x00,0x00,0x00,0x00,0x00,0x00,0x00,0x00,0x00,0x00,0x00,0x00,0x00,0x00,0x00,0x00,0x00,0x00,0x00,0x10,0xff,
  0xff,0xff,0xff,0xff,0xff,0xff,0xff,0xff,0xff,0xff,0xff,0xff,0xff,0xff,0xff,0xff,0xff,0xff,0xff,0xff,0xff,0xff,0xff,0xff,
  0xff,0xff,0xff,0xff,0x80,0x00,0x00,0x00,0x00,0x00,0x00,0x00,0x00,0x00,0x00,0x00,0x00,0x00,0x00,0x00,0x00,0x00,0x00,0x00,
  0x00,0x00,0x00,0x00,0x00,0x00,0x00,0x00,0x00,0x00,0x00,0x00,0x00,0x00,0x00,0x00,0x00,0x00,0x00,0x00,0x00,0x00,0x00,0x00,
  0x00,0x00,0x00,0x00,0x00,0x00,0x00,0x00,0x00,0x00,0x00,0x00,0x00,0x00,0x00,0x00,0x00,0x00,0x00,0x00,0x00,0x00,0x00,0x00,
  0x00,0x00,0x00,0x00,0x00,0x00,0x00,0x00,0x00,0x00,0x00,0x00,0x00,0x00,0x00,0x00,0x00,0x00,0x00,0x00,0x00,0x00,0x00,0x00,
  0x00,0x00,0x00,0x00,0x90,0xff,0xff,0xff,0xff,0xff,0xff,0xff,0xff,0xff,0xff,0xff,0xff,0xff,0xff,0xff,0xff,0xff,0xff,0xff,
  0xff,0xff,0xff,0xff,0xff,0xff,0xff,0xff,0xc0,0x00,0x00,0x00,0x00,0x00,0x00,0x00,0x00,0x00,0x00,0x00,0x00,0x00,0x00,0x00,
  0x00,0x00,0x00,0x00,0x00,0x00,0x00,0x00,0x00,0x00,0x00,0x00,0x00,0x00,0x00,0x00,0x00,0x00,0x00,0x00,0x00,0x00,0x00,0x00,
  0x00,0x00,0x00,0x00,0x00,0x00,0x00,0x00,0x00,0x00,0x00,0x00,0x00,0x00,0x00,0x00,0x00,0x00,0x00,0x00,0x00,0x00,0x00,0x00,
  0x00,0x00,0x00,0x00,0x00,0x00,0x00,0x00,0x00,0x00,0x00,0x00,0x00,0x00,0x00,0x00,0x00,0x00,0x00,0x00,0x00,0x00,0x00,0x00,
  0x00,0x00,0x00,0x00,0x00,0x00,0x00,0x00,0x00,0x10,0xf0,0xff,0xff,0xff,0xff,0xff,0xff,0xff,0xff,0xff,0xff,0xff,0xff,0xff,
  0xff,0xff,0xff,0xff,0xff,0xff,0xff,0xff,0xff,0xff,0xff,0xff,0xe0,0x10,0x00,0x00,0x00,0x00,0x00,0x00,0x00,0x00,0x00,0x00,
  0x00,0x00,0x00,0x00,0x00,0x00,0x00,0x00,0x00,0x00,0x00,0x00,0x00,0x00,0x00,0x00,0x00,0x00,0x00,0x00,0x00,0x00,0x00,0x00,
  0x00,0x00,0x00,0x00,0x00,0x00,0x00,0x00,0x00,0x00,0x00,0x00,0x00,0x00,0x00,0x00,0x00,0x00,0x00,0x00,0x00,0x00,0x00,0x00,
  0x00,0x00,0x00,0x00,0x00,0x00,0x00,0x00,0x00,0x00,0x00,0x00,0x00,0x00,0x00,0x00,0x00,0x00,0x00,0x00,0x00,0x00,0x00,0x00,
  0x00,0x00,0x00,0x00,0x00,0x00,0x00,0x00,0x00,0x00,0x00,0x00,0x00,0x00,0x00,0x70,0xff,0xff,0xff,0xff,0xff,0xff,0xff,0xff,
  0xff,0xff,0xff,0xff,0xff,0xff,0xff,0xff,0xff,0xff,0xff,0xff,0xff,0xff,0xff,0xff,0xf0,0x30,0x00,0x00,0x00,0x00,0x00,0x00,
  0x00,0x00,0x00,0x00,0x00,0x00,0x00,0x00,0x00,0x00,0x00,0x00,0x00,0x00,0x00,0x00,0x00,0x00,0x00,0x00,0x00,0x00,0x00,0x00,
  0x00,0x00,0x00,0x00,0x00,0x00,0x00,0x00,0x00,0x00,0x00,0x00,0x00,0x00,0x00,0x00,0x00,0x00,0x00,0x00,0x00,0x00,0x00,0x00,
  0x00,0x00,0x00,0x00,0x00,0x00,0x00,0x00,0x00,0x00,0x00,0x00,0x00,0x00,0x00,0x00,0x00,0x00,0x00,0x00,0x00,0x00,0x00,0x00,
  0x00,0x00,0x00,0x00,0x00,0x00,0x00,0x00,0x00,0x00,0x00,0x00,0x00,0x00,0x00,0x00,0x00,0x00,0x00,0x00,0x00,0xa0,0xff,0xff,
  0xff,0xff,0xff,0xff,0xff,0xff,0xff,0xff,0xff,0xff,0xff,0xff,0xff,0xff,0xff,0xff,0xff,0xff,0xff,0xff,0xff,0x50,0x00,0x00,
  0x00,0x00,0x00,0x00,0x00,0x00,0x00,0x00,0x00,0x00,0x00,0x00,0x00,0x00,0x00,0x00,0x00,0x00,0x00,0x00,0x00,0x00,0x00,0x00,
  0x00,0x00,0x00,0x00,0x00,0x00,0x00,0x00,0x00,0x00,0x00,0x00,0x00,0x00,0x00,0x00,0x00,0x00,0x00,0x00,0x00,0x00,0x00,0x00,
  0x00,0x00,0x00,0x00,0x00,0x00,0x00,0x00,0x00,0x00,0x00,0x00,0x00,0x00,0x00,0x00,0x00,0x00,0x00,0x00,0x00,0x00,0x00,0x00,
  0x00,0x00,0x00,0x00,0x00,0x00,0x00,0x00,0x00,0x00,0x00,0x00,0x00,0x00,0x00,0x00,0x00,0x00,0x00,0x00,0x00,0x00,0x00,0x00,
  0x00,0x00,0x10,0xd0,0xff,0xff,0xff,0xff,0xff,0xff,0xff,0xff,0xff,0xff,0xff,0xff,0xff,0xff,0xff,0xff,0xff,0xff,0xff,0xff,
  0xff,0x60,0x00,0x00,0x00,0x00,0x00,0x00,0x00,0x00,0x00,0x00,0x00,0x00,0x00,0x00,0x00,0x00,0x00,0x00,0x00,0x00,0x00,0x00,
  0x00,0x00,0x00,0x00,0x00,0x00,0x00,0x00,0x00,0x00,0x00,0x00,0x00,0x00,0x00,0x00,0x00,0x00,0x00,0x00,0x00,0x00,0x00,0x00,
  0x00,0x00,0x00,0x00,0x00,0x00,0x00,0x00,0x00,0x00,0x00,0x00,0x00,0x00,0x00,0x00,0x00,0x00,0x00,0x00,0x00,0x00,0x00,0x00,
  0x00,0x00,0x00,0x00,0x00,0x00,0x00,0x00,0x00,0x00,0x00,0x00,0x00,0x00,0x00,0x00,0x00,0x00,0x00,0x00,0x00,0x00,0x00,0x00,
  0x00,0x00,0x00,0x00,0x00,0x00,0x00,0x00,0x10,0xc0,0xff,0xff,0xff,0xff,0xff,0xff,0xff,0xff,0xff,0xff,0xff,0xff,0xff,0xff,
  0xff,0xff,0xff,0xff,0xf0,0x60,0x00,0x00,0x00,0x00,0x00,0x00,0x00,0x00,0x00,0x00,0x00,0x00,0x00,0x00,0x00,0x00,0x00,0x00,
  0x00,0x00,0x00,0x00,0x00,0x00,0x00,0x00,0x00,0x00,0x00,0x00,0x00,0x00,0x00,0x00,0x00,0x00,0x00,0x00,0x00,0x00,0x00,0x00,
  0x00,0x00,0x00,0x00,0x00,0x00,0x00,0x00,0x00,0x00,0x00,0x00,0x00,0x00,0x00,0x00,0x00,0x00,0x00,0x00,0x00,0x00,0x00,0x00,
  0x00,0x00,0x00,0x00,0x00,0x00,0x00,0x00,0x00,0x00,0x00,0x00,0x00,0x00,0x00,0x00,0x00,0x00,0x00,0x00,0x00,0x00,0x00,0x00,
  0x00,0x00,0x00,0x00,0x00,0x00,0x00,0x00,0x00,0x00,0x00,0x00,0x00,0x00,0x00,0x80,0xff,0xff,0xff,0xff,0xff,0xff,0xff,0xff,
  0xff,0xff,0xff,0xff,0xff,0xff,0xff,0xff,0xe0,0x30,0x00,0x00,0x00,0x00,0x00,0x00,0x00,0x00,0x00,0x00,0x00,0x00,0x00,0x00,
  0x00,0x00,0x00,0x00,0x00,0x00,0x00,0x00,0x00,0x00,0x00,0x00,0x00,0x00,0x00,0x00,0x00,0x00,0x00,0x00,0x00,0x00,0x00,0x00,
  0x00,0x00,0x00,0x00,0x00,0x00,0x00,0x00,0x00,0x00,0x00,0x00,0x00,0x00,0x00,0x00,0x00,0x00,0x00,0x00,0x00,0x00,0x00,0x00,
  0x00,0x00,0x00,0x00,0x00,0x00,0x00,0x00,0x00,0x00,0x00,0x00,0x00,0x00,0x00,0x00,0x00,0x00,0x00,0x00,0x00,0x00,0x00,0x00,
  0x00,0x00,0x00,0x00,0x00,0x00,0x00,0x00,0x00,0x00,0x00,0x00,0x00,0x00,0x00,0x00,0x00,0x00,0x00,0x00,0x00,0x20,0xa0,0xf0,
  0xff,0xff,0xff,0xff,0xff,0xff,0xff,0xff,0xff,0xff,0xff,0xf0,0x80,0x00,0x00,0x00,0x00,0x00,0x00,0x00,0x00,0x00,0x00,0x00,
  0x00,0x00,0x00,0x00,0x00,0x00,0x00,0x00,0x00,0x00,0x00,0x00,0x00,0x00,0x00,0x00,0x00,0x00,0x00,0x00,0x00,0x00,0x00,0x00,
  0x00,0x00,0x00,0x00,0x00,0x00,0x00,0x00,0x00,0x00,0x00,0x00,0x00,0x00,0x00,0x00,0x00,0x00,0x00,0x00,0x00,0x00,0x00,0x00,
  0x00,0x00,0x00,0x00,0x00,0x00,0x00,0x00,0x00,0x00,0x00,0x00,0x00,0x00,0x00,0x00,0x00,0x00,0x00,0x00,0x00,0x00,0x00,0x00,
  0x00,0x00,0x00,0x00,0x00,0x00,0x00,0x00,0x00,0x00,0x00,0x00,0x00,0x00,0x00,0x00,0x00,0x00,0x00,0x00,0x00,0x00,0x00,0x00,
  0x00,0x00,0x00,0x00,0x10,0x50,0x90,0xc0,0xe0,0xff,0xff,0xff,0xff,0xf0,0xb0,0x60,0x10,0x00,0x00,0x00,0x00,0x00,0x00,0x00,
  0x00,0x00,0x00,0x00,0x00,0x00,0x00,0x00,0x00,0x00,0x00,0x00,0x00,0x00,0x00,0x00,0x00,0x00,0x00,0x00,0x00,0x00,0x00,0x00,
  0x00,0x00,0x00,0x00,0x00,0x00,0x00,0x00,0x00,0x00,0x00,0x00,0x00,0x00,0x00,0x00,0x00,0x00,0x00,0x00,0x00,0x00,0x00,0x00,
  0x00,0x00,0x00,0x00,0x00,0x00,0x00,0x00,0x00,0x00,0x00,0x00,0x00,0x00,0x00,0x00,0x00,0x00,0x00,0x00,0x00,0x00,0x00,0x00,
  0x00,0x00,0x00,0x00,0x00,0x00,0x00,0x00,0x00,0x00,0x00,0x00,0x00,0x00,0x00,0x00,0x00,0x00
};

const lv_image_dsc_t maus_s150_body = {
  .header = {
    .magic = LV_IMAGE_HEADER_MAGIC,
    .cf = LV_COLOR_FORMAT_RGB565A8,
    .flags = 0,
    .w = 125,
    .h = 150,
    .stride = 250,
  },
  .data_size = sizeof(maus_s150_body_map),
  .data = maus_s150_body_map,
};
